# Blender 4.4.0
# www.blender.org
mtllib Study_Desk_Duo_1204160940_texture.mtl
o Study_Desk_Duo_1204160940_texture
v 0.515701 -0.899312 -0.956723
v 0.583675 -0.916002 -0.952284
v 0.515421 -0.927399 -0.945650
v -0.575912 -0.881736 -0.957709
v 0.579124 -0.875219 -0.957011
v 0.516291 -0.843305 -0.948753
v -0.583629 -0.849961 -0.946693
v -0.579430 -0.812313 -0.939325
v -0.515884 -0.934930 -0.935258
v -0.586749 -0.795845 -0.930205
v 0.585766 -0.807994 -0.936763
v -0.584114 -0.918910 -0.950890
v -0.586281 -0.932433 -0.935548
v -0.509593 -0.940903 -0.915708
v -0.516879 -0.908644 -0.956079
v 0.510087 -0.939220 -0.919112
v -0.515612 -0.808093 -0.936044
v 0.515661 -0.788454 -0.926705
v 0.510742 -0.894912 -0.867065
v -0.587802 -0.908105 -0.878700
v -0.585029 -0.941731 -0.911297
v -0.588326 -0.816857 -0.876108
v 0.588492 -0.783952 -0.896335
v -0.585626 -0.756881 -0.907345
v -0.513749 -0.758296 -0.909375
v -0.588144 -0.769383 -0.902257
v 0.514184 -0.760165 -0.907674
v 0.584588 -0.760840 -0.911876
v 0.509791 -0.941098 -0.840574
v 0.587205 -0.761052 -0.904720
v -0.506880 -0.804239 -0.885396
v 0.506971 -0.806188 -0.883608
v 0.509730 -0.775214 -0.899296
v 0.588144 -0.830143 -0.866674
v -0.546195 -0.781559 -0.894826
v 0.586487 -0.940855 -0.920658
v 0.561516 -0.942183 -0.830292
v -0.560061 -0.791160 -0.884050
v -0.551280 -0.782488 -0.887614
v 0.560658 -0.791495 -0.884799
v 0.525986 -0.803014 -0.880938
v 0.538682 -0.785430 -0.892144
v 0.541183 -0.778837 -0.885852
v 0.548364 -0.727612 -0.887956
v 0.555650 -0.782682 -0.885669
v 0.570797 -0.734081 -0.883503
v -0.515855 -0.845580 -0.949323
v -0.535128 -0.789609 -0.883576
v -0.540111 -0.695724 -0.880649
v -0.527838 -0.718628 -0.876928
v -0.572803 -0.726414 -0.883330
v -0.563337 -0.671718 -0.877665
v -0.515722 -0.881122 -0.957997
v -0.510682 -0.895529 -0.860964
v -0.570157 -0.809240 -0.876571
v -0.528147 -0.800120 -0.877000
v 0.567535 -0.808162 -0.877444
v 0.530474 -0.789354 -0.878265
v -0.524041 -0.762366 -0.878035
v -0.550817 -0.763180 -0.888981
v -0.581956 -0.764223 -0.869097
v 0.539701 -0.695848 -0.881349
v -0.506498 -0.839891 -0.859971
v -0.586607 -0.667458 -0.861515
v 0.564798 -0.667737 -0.875800
v -0.523749 -0.815633 -0.870509
v 0.523293 -0.817327 -0.868772
v -0.517423 -0.803513 -0.865316
v 0.585882 -0.702980 -0.867018
v 0.507245 -0.843555 -0.856862
v -0.573722 -0.822873 -0.861828
v 0.516793 -0.711414 -0.856811
v -0.530044 -0.638920 -0.854263
v 0.520473 -0.835372 -0.853224
v 0.572490 -0.827294 -0.860259
v 0.517326 -0.774920 -0.871236
v 0.580169 -0.619394 -0.849464
v 0.554399 -0.612368 -0.855585
v -0.521735 -0.826380 -0.862144
v -0.503790 -0.817831 -0.835244
v -0.592692 -0.738703 -0.850031
v -0.514996 -0.729995 -0.855033
v 0.588251 -0.857938 -0.839661
v -0.508184 -0.772104 -0.850708
v 0.595271 -0.685115 -0.848249
v -0.304133 -0.625892 -0.858060
v -0.256599 -0.637314 -0.854356
v 0.529247 -0.642616 -0.854935
v 0.516270 -0.637656 -0.854610
v -0.549978 -0.624128 -0.859537
v -0.442221 -0.632539 -0.857704
v -0.030208 -0.636557 -0.855088
v -0.111942 -0.634915 -0.856767
v -0.031077 -0.627332 -0.858027
v 0.141919 -0.623700 -0.858159
v 0.142675 -0.643081 -0.849451
v 0.207533 -0.634863 -0.856772
v -0.460727 -0.611271 -0.855479
v 0.384094 -0.633399 -0.856892
v 0.292384 -0.634314 -0.857068
v 0.295968 -0.618100 -0.856841
v -0.257030 -0.616456 -0.856348
v -0.124966 -0.616926 -0.856687
v -0.350236 -0.608793 -0.853141
v 0.078287 -0.616227 -0.856607
v -0.587354 -0.850259 -0.849875
v -0.515416 -0.845789 -0.842534
v 0.586805 -0.804823 -0.842694
v 0.579206 -0.778932 -0.869861
v 0.593604 -0.737353 -0.850589
v 0.067084 -0.645737 -0.843389
v -0.181236 -0.632196 -0.857437
v -0.178989 -0.645470 -0.845550
v 0.346751 -0.645789 -0.845080
v -0.552920 -0.562238 -0.833543
v -0.537619 -0.595709 -0.842084
v -0.188949 -0.606648 -0.851657
v -0.055701 -0.609614 -0.853889
v 0.346396 -0.607257 -0.851981
v 0.469005 -0.621821 -0.858293
v -0.030301 -0.000502 -0.853663
v -0.023189 0.014494 -0.853700
v 0.040812 0.001965 -0.853888
v 0.066785 0.010157 -0.853010
v 0.105540 -0.001093 -0.846728
v -0.079887 -0.003105 -0.845940
v -0.102616 0.006140 -0.851643
v -0.467264 0.072400 -0.852779
v -0.439719 0.096833 -0.855186
v -0.436293 0.048738 -0.845541
v 0.435780 0.077182 -0.852497
v 0.448434 0.103888 -0.855900
v 0.464563 0.068180 -0.853030
v 0.586721 -0.939650 -0.834916
v 0.575627 -0.834809 -0.850917
v 0.504032 -0.823751 -0.830782
v -0.595811 -0.682209 -0.842090
v -0.521037 -0.646320 -0.843575
v -0.413174 -0.645034 -0.846332
v 0.055988 -0.636099 -0.855198
v 0.196780 -0.607212 -0.852215
v -0.572034 -0.630238 -0.858311
v 0.003785 -0.598990 -0.845263
v 0.556030 -0.554810 -0.830300
v -0.181594 0.004217 -0.844253
v -0.153750 -0.002259 -0.839625
v 0.151190 0.004268 -0.847292
v 0.170899 -0.002774 -0.836162
v -0.092819 0.025053 -0.844743
v 0.153027 0.019014 -0.843151
v 0.058552 0.025933 -0.844959
v -0.458739 0.039382 -0.842710
v 0.436640 0.029319 -0.838210
v -0.472147 0.045626 -0.829906
v 0.426845 0.076246 -0.838388
v 0.475429 0.074561 -0.846989
v -0.446576 0.126828 -0.851574
v 0.441518 0.134118 -0.851961
v -0.430509 0.105145 -0.841729
v -0.423762 0.143409 -0.834953
v -0.442369 0.151651 -0.842471
v 0.590337 -0.894353 -0.777457
v 0.575243 -0.852220 -0.839663
v -0.587516 -0.801970 -0.839340
v 0.520159 -0.707421 -0.843379
v 0.520301 -0.646775 -0.844157
v -0.291451 -0.645801 -0.844406
v -0.360170 -0.637226 -0.854802
v 0.250880 -0.645732 -0.842883
v -0.391190 -0.598098 -0.843458
v -0.158210 -0.597051 -0.842060
v 0.325005 -0.597717 -0.843031
v 0.477143 -0.603990 -0.849548
v 0.050446 -0.004262 -0.841625
v -0.173085 0.029636 -0.835796
v 0.457201 0.027593 -0.836160
v -0.421853 0.040184 -0.830312
v -0.475279 0.130845 -0.830675
v -0.529364 -0.684809 -0.826004
v -0.521150 -0.665582 -0.851856
v -0.521175 -0.644281 -0.828126
v -0.588301 -0.551311 -0.811512
v 0.462274 -0.594952 -0.838915
v -0.475100 0.070921 -0.835106
v 0.430031 0.109862 -0.834285
v 0.478361 0.123240 -0.831632
v -0.028762 0.207146 -0.838985
v -0.089226 0.211721 -0.841021
v -0.015550 0.214044 -0.842805
v 0.053406 0.208452 -0.842053
v -0.037202 0.243069 -0.835128
v 0.122031 0.215555 -0.839311
v 0.508158 -0.885701 -0.805386
v 0.514733 -0.851483 -0.834735
v 0.579058 -0.853321 -0.825253
v 0.587681 -0.842353 -0.811548
v -0.510955 -0.779395 -0.834381
v 0.519546 -0.744058 -0.833285
v -0.587125 -0.705009 -0.830013
v -0.533319 -0.727993 -0.815420
v -0.341424 -0.644664 -0.832274
v -0.244555 -0.000936 -0.826290
v 0.233802 0.030217 -0.824687
v -0.139112 0.039068 -0.826390
v -0.012281 0.036429 -0.836114
v 0.055366 0.040915 -0.827427
v 0.081731 0.206228 -0.833994
v 0.145123 0.210737 -0.837522
v -0.139173 0.209981 -0.835462
v -0.132096 0.221804 -0.836982
v -0.067503 0.935390 -0.835494
v -0.003968 0.914963 -0.838791
v -0.001225 0.934276 -0.839752
v 0.066603 0.935963 -0.835734
v 0.084010 0.912590 -0.833312
v 0.575838 -0.785141 -0.820474
v 0.537964 -0.717971 -0.813034
v -0.054386 -0.645654 -0.845036
v -0.049138 -0.591985 -0.831149
v 0.170338 -0.591745 -0.830871
v 0.536565 -0.564887 -0.827200
v 0.206027 0.001276 -0.838866
v 0.267803 0.012176 -0.817996
v -0.425392 0.024332 -0.831502
v -0.451152 0.002828 -0.814019
v -0.242629 0.036113 -0.817941
v -0.121872 0.200185 -0.809808
v 0.215691 0.214858 -0.826514
v 0.200399 0.230609 -0.828235
v -0.195883 0.252176 -0.821790
v 0.107714 0.262949 -0.824489
v 0.030157 0.868048 -0.822349
v 0.003536 0.940730 -0.830030
v -0.577869 -0.857398 -0.827344
v -0.573300 -0.839441 -0.851531
v -0.577516 -0.791242 -0.823072
v -0.180272 -0.644308 -0.830118
v 0.066687 -0.643183 -0.826666
v 0.433732 -0.646264 -0.841531
v -0.514399 -0.591630 -0.819869
v -0.412390 -0.592282 -0.833151
v 0.171314 -0.591558 -0.819860
v 0.156639 -0.596896 -0.841968
v -0.173380 -0.005757 -0.817823
v -0.461686 0.020381 -0.812146
v -0.209835 0.213416 -0.827099
v -0.032342 0.874328 -0.824414
v -0.052462 0.943138 -0.818149
v 0.586679 -0.940516 -0.756558
v 0.528231 -0.673954 -0.826450
v 0.521167 -0.642777 -0.824812
v -0.240833 -0.592203 -0.832343
v 0.336760 -0.592593 -0.832727
v 0.446207 -0.591588 -0.824329
v 0.514906 -0.591825 -0.816316
v 0.524709 -0.590077 -0.824785
v 0.536409 -0.595249 -0.841072
v 0.457526 0.009456 -0.807752
v 0.474118 0.076126 -0.830043
v -0.440432 0.128353 -0.813112
v -0.429627 0.135354 -0.820318
v 0.471641 0.163935 -0.805014
v 0.443045 0.174947 -0.816692
v 0.425065 0.154269 -0.832330
v 0.414966 0.186918 -0.809689
v 0.436726 0.164453 -0.837316
v -0.431498 0.188126 -0.815056
v -0.427716 0.171887 -0.831132
v -0.271196 0.226042 -0.818072
v -0.196091 0.216756 -0.831341
v 0.025709 0.248469 -0.833525
v -0.084241 0.913061 -0.833352
v -0.150282 0.898054 -0.822839
v -0.189112 0.938294 -0.821458
v -0.117688 0.938863 -0.830054
v 0.186779 0.906448 -0.820436
v 0.092139 0.942969 -0.817634
v -0.577722 -0.876056 -0.801909
v -0.527187 -0.766617 -0.819257
v 0.528128 -0.765676 -0.819710
v 0.584701 -0.703034 -0.825499
v 0.568747 -0.705837 -0.812916
v -0.574770 -0.705872 -0.817008
v -0.343062 -0.636810 -0.817226
v -0.071775 -0.636703 -0.816969
v -0.174195 -0.636565 -0.817071
v 0.299883 -0.591862 -0.818944
v 0.518449 -0.570540 -0.802151
v -0.574976 -0.525461 -0.813649
v 0.521705 -0.523805 -0.799045
v -0.272556 -0.003872 -0.809905
v 0.450913 0.003957 -0.815004
v 0.417398 0.001143 -0.805919
v -0.422880 -0.005167 -0.805021
v -0.096114 0.050737 -0.791515
v -0.432134 0.072755 -0.819249
v 0.431579 0.061522 -0.818338
v 0.440637 0.123874 -0.814225
v 0.417662 0.161570 -0.813405
v -0.469292 0.171990 -0.799986
v 0.221838 0.204784 -0.795292
v -0.272847 0.219827 -0.814232
v 0.192445 0.285604 -0.809170
v -0.215624 0.903955 -0.815803
v -0.503902 -0.838311 -0.809836
v -0.560949 -0.749667 -0.814395
v -0.588967 -0.618677 -0.798889
v 0.224012 -0.634547 -0.814744
v 0.185312 -0.644212 -0.830107
v 0.371253 -0.634888 -0.815192
v 0.595566 -0.592703 -0.803640
v -0.069660 -0.592028 -0.818443
v -0.562315 -0.462691 -0.793235
v 0.562695 -0.453780 -0.788944
v 0.574102 -0.525149 -0.813740
v 0.272883 -0.003926 -0.807110
v 0.452957 0.017011 -0.794123
v -0.207879 0.045554 -0.800871
v 0.274656 0.302777 -0.790381
v 0.075068 0.348194 -0.789945
v -0.222298 0.939933 -0.815434
v -0.528587 -0.625456 -0.806505
v 0.080531 -0.633551 -0.814009
v -0.052081 -0.643083 -0.827044
v 0.330384 -0.642453 -0.825708
v 0.537148 -0.448812 -0.783363
v -0.039690 -0.008957 -0.809321
v 0.301610 0.034085 -0.794285
v 0.267460 0.043668 -0.798197
v -0.457394 0.086064 -0.816660
v 0.457112 0.083867 -0.817784
v -0.411065 0.200888 -0.798328
v -0.013434 0.198013 -0.809174
v 0.121761 0.199152 -0.802709
v -0.317642 0.212377 -0.770105
v -0.043427 0.307615 -0.810718
v -0.174615 0.944186 -0.808951
v 0.140532 0.938080 -0.827656
v 0.220097 0.945393 -0.797812
v 0.210788 0.938550 -0.818138
v 0.561094 -0.811121 -0.788503
v 0.524531 -0.807886 -0.798718
v 0.551816 -0.737437 -0.811261
v -0.555609 -0.690306 -0.804476
v 0.527765 -0.625775 -0.807696
v -0.465619 -0.625616 -0.808053
v -0.435127 -0.642577 -0.825103
v -0.447269 -0.598900 -0.809117
v -0.084432 -0.599231 -0.808900
v 0.018442 -0.598436 -0.809703
v 0.127399 -0.598422 -0.809474
v 0.057445 -0.591375 -0.820255
v 0.203087 -0.599549 -0.808694
v 0.281319 -0.599303 -0.808857
v 0.365817 -0.597481 -0.810256
v 0.513515 -0.599995 -0.807593
v 0.518704 -0.594140 -0.806078
v -0.519110 -0.592281 -0.816061
v -0.536368 -0.441161 -0.780056
v 0.181940 0.037663 -0.825377
v -0.457573 0.036414 -0.808886
v -0.448604 0.051376 -0.808677
v 0.431729 0.101223 -0.792471
v -0.459396 0.107912 -0.805971
v 0.460196 0.110928 -0.804824
v 0.425905 0.166338 -0.795557
v -0.409350 0.185644 -0.791207
v -0.333787 0.229040 -0.803414
v 0.285676 0.222804 -0.813636
v 0.278985 0.230185 -0.816227
v 0.323617 0.228849 -0.806218
v 0.358382 0.267511 -0.789695
v 0.021387 0.782286 -0.792132
v -0.119321 0.826750 -0.802601
v 0.139692 0.821009 -0.798636
v 0.285108 0.882939 -0.798488
v 0.314218 0.931231 -0.802570
v -0.315612 0.942821 -0.795022
v 0.292163 0.943302 -0.798678
v 0.112448 0.943034 -0.801805
v -0.585584 -0.942190 -0.836928
v -0.579986 -0.942450 -0.712196
v 0.506758 -0.792470 -0.837351
v -0.577270 -0.831109 -0.786613
v -0.566324 -0.806766 -0.800871
v -0.551101 -0.789872 -0.804103
v 0.554323 -0.778052 -0.808678
v -0.270469 -0.623076 -0.806975
v -0.124132 -0.623493 -0.807100
v 0.167684 -0.623356 -0.807093
v 0.348343 -0.623605 -0.807152
v -0.512503 -0.608717 -0.804573
v -0.519760 -0.594114 -0.805488
v -0.185358 -0.599721 -0.808600
v 0.424884 -0.015903 -0.786607
v -0.303099 0.003928 -0.792234
v -0.273717 0.031302 -0.812847
v 0.419259 0.018550 -0.793429
v 0.421238 0.035777 -0.825069
v 0.090890 0.052704 -0.780360
v 0.445541 0.042905 -0.802942
v -0.470687 0.195302 -0.781818
v 0.442053 0.197037 -0.792374
v -0.225519 0.204619 -0.790426
v -0.287894 0.890332 -0.800307
v -0.068773 0.941792 -0.801653
v 0.035931 0.941333 -0.800006
v -0.587835 -0.935772 -0.766138
v 0.586522 -0.889544 -0.902521
v 0.589109 -0.880642 -0.808409
v -0.507302 -0.872922 -0.822257
v -0.513975 -0.884155 -0.784042
v -0.508295 -0.894952 -0.782724
v 0.555356 -0.677084 -0.799851
v 0.577087 -0.631288 -0.789991
v -0.395432 -0.611219 -0.804432
v 0.002376 -0.623545 -0.807183
v -0.059045 -0.609885 -0.804571
v 0.340548 -0.610606 -0.804864
v -0.333907 -0.594967 -0.813286
v 0.397440 -0.610559 -0.804487
v 0.437952 -0.595119 -0.812338
v -0.220445 -0.591972 -0.818409
v -0.595126 -0.603924 -0.811412
v 0.304238 -0.005559 -0.786114
v -0.288341 0.044052 -0.785885
v 0.441506 0.138218 -0.783262
v -0.476065 0.119235 -0.810519
v -0.440946 0.165687 -0.789641
v 0.439747 0.164284 -0.794897
v 0.470938 0.189332 -0.784547
v -0.423042 0.208008 -0.795922
v 0.404454 0.227613 -0.774733
v 0.422630 0.230492 -0.776845
v 0.340730 0.214519 -0.762685
v 0.383129 0.234416 -0.789737
v -0.372152 0.267212 -0.786189
v -0.263155 0.301511 -0.792380
v -0.302735 0.238639 -0.809690
v 0.254788 0.356613 -0.767734
v -0.210317 0.944995 -0.785648
v 0.580358 -0.873817 -0.807425
v 0.578930 -0.880183 -0.792679
v -0.580680 -0.881583 -0.785807
v -0.586601 -0.839180 -0.813256
v -0.573493 -0.625265 -0.784765
v -0.255770 -0.609427 -0.804637
v 0.524338 -0.607686 -0.804303
v 0.065523 -0.611700 -0.804799
v 0.175230 -0.609701 -0.804929
v -0.523988 -0.574436 -0.782854
v 0.581694 -0.448249 -0.776993
v -0.583862 -0.455450 -0.777464
v -0.412143 -0.003032 -0.767846
v -0.441751 0.032524 -0.794628
v -0.426866 0.040764 -0.809072
v -0.397929 0.236549 -0.785972
v 0.358465 0.928544 -0.793299
v -0.367845 0.935113 -0.790725
v -0.297185 0.929855 -0.805380
v 0.350729 0.942115 -0.788964
v 0.514585 -0.888022 -0.773579
v 0.514712 -0.870590 -0.810918
v -0.514454 -0.869117 -0.812807
v -0.503892 -0.868641 -0.766738
v 0.543373 -0.610032 -0.781807
v 0.515288 -0.522396 -0.782847
v 0.441432 -0.010969 -0.781090
v 0.447971 0.105789 -0.784845
v -0.415470 0.199057 -0.767665
v -0.288917 0.946428 -0.781263
v -0.590387 -0.889238 -0.797115
v 0.556635 -0.618814 -0.777878
v 0.590274 -0.554228 -0.775872
v 0.531144 -0.584811 -0.774300
v -0.317250 0.035345 -0.779876
v 0.220013 0.054070 -0.749893
v -0.449116 0.072461 -0.791470
v -0.445599 0.091950 -0.786878
v -0.472038 0.155595 -0.788529
v -0.434273 0.193739 -0.776293
v -0.422044 0.233190 -0.774657
v -0.163675 0.285945 -0.811482
v -0.362471 0.905161 -0.785168
v 0.510206 -0.939902 -0.717673
v 0.580310 -0.888426 -0.772192
v -0.517182 -0.814509 -0.803375
v -0.546610 -0.625223 -0.787101
v 0.595812 -0.491819 -0.768574
v -0.415649 -0.017717 -0.765910
v -0.433333 -0.023775 -0.750774
v -0.298507 -0.006456 -0.784004
v 0.325368 0.029492 -0.773013
v -0.405147 0.014718 -0.761798
v 0.433943 0.020188 -0.768506
v 0.440561 0.061270 -0.782417
v 0.400238 0.220003 -0.761497
v 0.093223 0.192686 -0.736910
v -0.457871 0.236872 -0.765532
v -0.397789 0.227060 -0.767559
v 0.425294 0.240340 -0.778248
v 0.367443 0.311174 -0.770733
v 0.068766 0.390237 -0.774496
v -0.054795 0.734012 -0.775348
v -0.407310 0.944965 -0.757711
v -0.072506 0.936790 -0.788757
v -0.133070 0.934823 -0.777948
v 0.066522 0.936321 -0.789459
v 0.258365 0.943671 -0.772529
v 0.353645 0.945153 -0.772447
v 0.590547 -0.577040 -0.819015
v -0.596992 -0.492532 -0.762997
v -0.441788 -0.002802 -0.757759
v -0.435113 0.015120 -0.770723
v 0.163103 0.194588 -0.733878
v -0.111443 0.417959 -0.760241
v -0.151333 0.734037 -0.767357
v -0.581420 -0.852374 -0.758526
v -0.522326 -0.837775 -0.760341
v -0.538686 -0.810133 -0.789264
v 0.519671 -0.543234 -0.768722
v 0.414578 -0.017817 -0.748055
v 0.404264 0.014415 -0.751878
v 0.422122 0.060865 -0.794394
v -0.433285 0.043541 -0.773278
v -0.430609 0.091166 -0.790562
v -0.448324 0.146755 -0.777530
v 0.474878 0.139098 -0.798059
v 0.464868 0.152994 -0.780450
v -0.411703 0.227866 -0.777670
v 0.096277 0.733207 -0.772575
v -0.433453 0.933966 -0.767937
v -0.583370 -0.891577 -0.766775
v -0.566802 -0.836466 -0.755581
v -0.596637 -0.462851 -0.749730
v 0.332431 0.045149 -0.749596
v -0.412598 0.037255 -0.775508
v -0.115767 0.056723 -0.745500
v -0.456891 0.170804 -0.770068
v -0.472786 0.189734 -0.763343
v 0.459447 0.182193 -0.761341
v 0.436774 0.200151 -0.770260
v 0.415985 0.195267 -0.769229
v 0.445809 0.246845 -0.772479
v 0.460869 0.239473 -0.763747
v 0.036209 0.417409 -0.761886
v 0.007742 0.633312 -0.757418
v 0.028872 0.703667 -0.772243
v -0.012260 0.700426 -0.772467
v -0.098004 0.705344 -0.770231
v 0.043081 0.733651 -0.775638
v 0.099481 0.694623 -0.768532
v 0.160620 0.715743 -0.765094
v 0.274240 0.809205 -0.774030
v -0.384061 0.844416 -0.755625
v 0.064338 0.922087 -0.772726
v -0.172807 0.927443 -0.763330
v 0.176588 0.932945 -0.769758
v -0.306780 0.942530 -0.758692
v -0.515966 -0.888551 -0.768384
v -0.546670 -0.831119 -0.752355
v -0.515868 -0.534047 -0.781146
v -0.520354 -0.537237 -0.765302
v -0.520303 -0.409719 -0.755158
v -0.522095 -0.529186 -0.800682
v 0.595785 -0.424329 -0.743985
v -0.330591 0.006739 -0.763139
v -0.471365 0.252505 -0.762542
v -0.420809 0.324715 -0.747637
v 0.127385 0.693599 -0.763954
v -0.148597 0.696901 -0.761841
v 0.445946 0.928190 -0.754791
v -0.510003 -0.941147 -0.796388
v 0.516834 -0.893925 -0.754658
v -0.534716 -0.569935 -0.764061
v -0.593870 -0.539178 -0.773620
v 0.532925 -0.549112 -0.758237
v 0.588612 -0.504825 -0.752720
v -0.567686 -0.360432 -0.749507
v -0.325722 -0.008151 -0.750870
v 0.042087 0.192108 -0.737851
v -0.006260 0.191548 -0.737639
v 0.426510 0.223518 -0.750579
v -0.436650 0.245056 -0.775736
v -0.183571 0.386351 -0.764280
v -0.110284 0.362122 -0.782024
v 0.118843 0.417282 -0.759663
v 0.180473 0.374094 -0.770188
v -0.035220 0.418394 -0.762703
v -0.056705 0.360762 -0.785419
v -0.099019 0.639221 -0.755957
v -0.123735 0.669237 -0.758193
v -0.174198 0.687366 -0.756572
v 0.142278 0.658721 -0.753175
v 0.185661 0.734425 -0.762174
v 0.016259 0.884229 -0.750899
v 0.509560 -0.903472 -0.745343
v 0.582537 -0.894896 -0.746300
v -0.516760 -0.893257 -0.755281
v 0.532960 -0.344739 -0.740612
v 0.551083 -0.397601 -0.767360
v -0.356840 0.045254 -0.725883
v 0.478631 0.207184 -0.744767
v -0.399805 0.217796 -0.764370
v -0.401570 0.220549 -0.742473
v -0.491501 0.236395 -0.742530
v 0.491645 0.255735 -0.754642
v -0.161789 0.417120 -0.751459
v 0.168963 0.415550 -0.751130
v -0.077879 0.426314 -0.762449
v -0.148353 0.426170 -0.758482
v 0.080204 0.426962 -0.762118
v 0.146659 0.426433 -0.758353
v 0.054097 0.590233 -0.746168
v 0.169174 0.670324 -0.753125
v 0.194072 0.716816 -0.760451
v 0.145823 0.915692 -0.759263
v 0.368646 0.941684 -0.748126
v -0.581335 -0.894019 -0.746335
v -0.520337 -0.844334 -0.741772
v -0.557087 -0.639792 -0.786871
v -0.573956 -0.491495 -0.734224
v -0.554157 -0.520341 -0.738514
v -0.514368 -0.470364 -0.757848
v -0.596142 -0.407974 -0.735604
v 0.519919 -0.420479 -0.758452
v -0.372678 -0.002876 -0.705684
v 0.422490 0.032850 -0.759797
v 0.344290 0.035588 -0.747866
v -0.427986 0.213670 -0.761141
v 0.486796 0.234617 -0.747678
v 0.503087 0.323540 -0.717614
v 0.325300 0.374374 -0.746501
v -0.305832 0.376813 -0.749801
v -0.220078 0.415717 -0.744794
v 0.144637 0.454348 -0.746109
v 0.190993 0.427978 -0.751669
v 0.097450 0.461660 -0.749545
v -0.051467 0.475742 -0.748034
v -0.023216 0.474862 -0.749443
v 0.000793 0.425459 -0.764740
v 0.023630 0.471090 -0.750620
v 0.113134 0.648734 -0.752522
v -0.165805 0.669297 -0.753448
v -0.222519 0.706606 -0.753217
v -0.262301 0.735950 -0.748786
v -0.207579 0.737470 -0.759996
v -0.058685 0.917751 -0.770375
v 0.286030 0.935079 -0.749553
v 0.424368 0.942912 -0.743417
v 0.590838 -0.909503 -0.714502
v 0.553220 -0.534634 -0.744408
v 0.576173 -0.576226 -0.767520
v -0.552172 -0.408566 -0.772041
v -0.532905 -0.312519 -0.727822
v 0.571080 -0.341716 -0.740175
v -0.551956 -0.301667 -0.729561
v 0.433927 -0.024723 -0.730310
v 0.428755 0.002748 -0.721327
v 0.440190 -0.009173 -0.742298
v -0.465082 0.218139 -0.736575
v 0.493225 0.238044 -0.736945
v 0.224112 0.416500 -0.744334
v -0.196025 0.426631 -0.751308
v 0.194231 0.467631 -0.732897
v -0.088999 0.473288 -0.746672
v 0.088773 0.494879 -0.743322
v 0.103655 0.614598 -0.749931
v -0.112434 0.629635 -0.748418
v -0.209016 0.644751 -0.742145
v 0.235463 0.668229 -0.741346
v 0.418745 0.919064 -0.770199
v 0.455789 0.875977 -0.738102
v 0.118146 0.883500 -0.744762
v -0.176211 0.888688 -0.739452
v -0.430063 0.936305 -0.734831
v -0.588962 -0.902539 -0.741310
v 0.572038 -0.516217 -0.743209
v 0.394454 0.007641 -0.714931
v -0.202543 0.195928 -0.730358
v 0.409137 0.221485 -0.737694
v -0.432099 0.225817 -0.743786
v 0.394090 0.222298 -0.756555
v -0.246461 0.426710 -0.743208
v 0.112213 0.484436 -0.740084
v 0.059669 0.515087 -0.742709
v -0.036537 0.568529 -0.745549
v -0.101485 0.566147 -0.742022
v -0.144134 0.636976 -0.747058
v -0.131187 0.609089 -0.741103
v 0.134745 0.612439 -0.742116
v -0.170115 0.625809 -0.741004
v 0.248986 0.692060 -0.744416
v 0.229339 0.735172 -0.755648
v -0.457181 0.872863 -0.736418
v -0.451147 0.919354 -0.743659
v 0.227003 -0.007230 -0.785964
v 0.281497 -0.008262 -0.678615
v 0.122079 -0.008259 -0.804003
v -0.427762 0.000922 -0.709503
v -0.211340 0.054394 -0.748265
v 0.457703 0.227339 -0.735254
v -0.288778 0.417561 -0.730276
v 0.317981 0.421855 -0.721455
v -0.187163 0.470079 -0.733449
v -0.129254 0.477596 -0.740497
v 0.143216 0.478641 -0.736693
v -0.107638 0.486386 -0.741184
v 0.018829 0.520917 -0.743119
v -0.096328 0.521704 -0.741591
v -0.026837 0.518384 -0.744014
v -0.152548 0.600065 -0.736576
v 0.174160 0.611432 -0.737046
v 0.219880 0.706804 -0.753537
v -0.240305 0.652419 -0.734862
v -0.222803 0.637995 -0.735204
v 0.275111 0.687487 -0.738528
v -0.349560 0.736213 -0.725762
v -0.256365 0.701471 -0.745891
v 0.205466 0.890243 -0.735120
v -0.588228 -0.931227 -0.708901
v -0.510001 -0.906114 -0.741736
v -0.516867 -0.898757 -0.731634
v 0.517187 -0.899976 -0.724730
v 0.574142 -0.840733 -0.757767
v -0.391047 -0.003853 -0.687945
v -0.495401 0.235977 -0.726362
v 0.541091 0.252150 -0.730313
v 0.538174 0.244087 -0.708153
v 0.546110 0.262520 -0.730607
v -0.486175 0.373563 -0.699231
v -0.220356 0.476850 -0.725956
v -0.150648 0.477251 -0.736988
v 0.211246 0.632263 -0.738927
v 0.429299 0.795864 -0.720778
v -0.105213 0.880680 -0.744794
v -0.285469 0.900536 -0.723894
v 0.390718 0.926224 -0.720664
v -0.380033 0.926543 -0.721931
v -0.509095 -0.939816 -0.715858
v -0.580253 -0.898233 -0.737337
v 0.528462 -0.845126 -0.721662
v 0.532235 -0.430408 -0.711682
v 0.518472 -0.474103 -0.742929
v 0.427960 -0.027903 -0.708758
v 0.412401 -0.015478 -0.710558
v -0.371619 0.017406 -0.710305
v -0.419804 0.022645 -0.742031
v 0.390345 0.041599 -0.693362
v 0.370666 -0.001263 -0.708730
v 0.028350 0.058859 -0.714994
v -0.279856 0.201519 -0.721269
v -0.549135 0.304519 -0.707496
v -0.498264 0.251890 -0.752805
v -0.279037 0.426359 -0.735176
v 0.142223 0.514967 -0.732992
v -0.128573 0.529316 -0.733701
v -0.113689 0.562693 -0.734999
v 0.149463 0.564570 -0.730424
v 0.100268 0.554923 -0.740849
v 0.124060 0.600123 -0.738874
v 0.151766 0.609673 -0.738013
v -0.169405 0.594544 -0.732476
v 0.167386 0.555452 -0.727229
v 0.292080 0.892745 -0.718149
v -0.512387 -0.910492 -0.709529
v -0.544503 -0.842254 -0.701468
v 0.555210 -0.838846 -0.719797
v 0.542305 -0.826126 -0.766942
v -0.519048 -0.455515 -0.734199
v 0.594907 -0.356776 -0.714890
v -0.582678 -0.367385 -0.740778
v -0.583306 -0.292468 -0.709719
v -0.570691 -0.261766 -0.708590
v 0.415252 0.012374 -0.701364
v -0.369371 0.426596 -0.702358
v -0.330979 0.422791 -0.716262
v -0.146812 0.515394 -0.731508
v 0.119645 0.559911 -0.735240
v 0.209568 0.569266 -0.726089
v -0.184880 0.581795 -0.732409
v -0.227580 0.606232 -0.725663
v 0.245785 0.619917 -0.725214
v -0.280842 0.653250 -0.727912
v -0.309984 0.696164 -0.730335
v 0.306409 0.732782 -0.738051
v 0.440127 0.922983 -0.725928
v 0.432162 0.941041 -0.763016
v -0.281770 0.933128 -0.749098
v 0.589645 -0.876545 -0.734010
v 0.492161 0.233505 -0.719285
v -0.542983 0.247197 -0.713928
v -0.547483 0.268699 -0.726747
v 0.257154 0.417338 -0.737628
v 0.311565 0.426831 -0.725335
v -0.323768 0.432698 -0.718876
v 0.248730 0.427382 -0.742283
v 0.284445 0.470272 -0.713298
v 0.254143 0.474571 -0.717999
v 0.208050 0.515003 -0.724065
v 0.222231 0.478157 -0.725494
v 0.175884 0.522116 -0.726099
v -0.157435 0.560364 -0.728800
v -0.176751 0.524735 -0.726325
v -0.169260 0.550201 -0.725890
v -0.133744 0.568519 -0.733663
v -0.202763 0.529345 -0.724117
v -0.211430 0.578297 -0.726506
v -0.262898 0.615917 -0.722136
v -0.353303 0.702384 -0.718756
v 0.366274 0.848290 -0.762519
v -0.431076 0.747973 -0.702501
v -0.250731 0.883492 -0.722428
v -0.590056 -0.910380 -0.715783
v 0.510253 -0.912396 -0.706833
v 0.506854 -0.880856 -0.708759
v 0.504496 -0.868885 -0.757144
v 0.514327 -0.862365 -0.691660
v 0.518328 -0.837714 -0.771162
v 0.571170 -0.847521 -0.704842
v 0.517633 -0.386485 -0.708568
v 0.514032 -0.349696 -0.712335
v 0.513834 -0.438642 -0.748037
v -0.518604 -0.299675 -0.708656
v -0.513639 -0.387878 -0.726041
v 0.518119 -0.302698 -0.709821
v -0.535451 -0.258218 -0.708468
v -0.434291 -0.029064 -0.697050
v 0.060332 0.236716 -0.719066
v 0.236792 0.197958 -0.726631
v -0.476589 0.230146 -0.714632
v -0.531499 0.339526 -0.698641
v 0.441678 0.317825 -0.744236
v 0.485398 0.387830 -0.691590
v -0.427334 0.391167 -0.709075
v -0.341663 0.326522 -0.768982
v -0.288216 0.454802 -0.719152
v -0.249197 0.474498 -0.719434
v 0.221277 0.620641 -0.730793
v 0.294430 0.647288 -0.721876
v 0.311268 0.705238 -0.733020
v 0.351519 0.644328 -0.705440
v -0.354387 0.678084 -0.713490
v 0.464299 0.862091 -0.699770
v -0.447669 0.910401 -0.722430
v 0.553778 -0.445455 -0.708670
v -0.594744 -0.360228 -0.716703
v -0.198094 0.058000 -0.683657
v -0.100739 0.192711 -0.736862
v -0.152801 0.238222 -0.715723
v 0.146231 0.257710 -0.707666
v 0.545211 0.315353 -0.703596
v 0.409888 0.378921 -0.721220
v 0.319355 0.470299 -0.701416
v -0.261478 0.524665 -0.710348
v 0.232236 0.511735 -0.718724
v -0.219919 0.522028 -0.716890
v 0.220142 0.521101 -0.716988
v -0.224373 0.573152 -0.718803
v 0.222680 0.571528 -0.718971
v 0.268832 0.652143 -0.730976
v 0.299460 0.585805 -0.705207
v 0.126127 0.819295 -0.728608
v 0.127722 0.779032 -0.712724
v -0.140779 0.790142 -0.716226
v -0.127649 0.818807 -0.730242
v -0.141322 0.823187 -0.725244
v 0.134093 0.835269 -0.722579
v 0.480141 0.806352 -0.701735
v -0.120452 0.793224 -0.706085
v -0.474541 0.842778 -0.702557
v 0.186200 0.833994 -0.715279
v -0.582130 -0.901065 -0.713654
v -0.401478 0.015587 -0.683328
v 0.396541 0.013457 -0.685950
v -0.040860 0.230847 -0.721735
v 0.467827 0.229625 -0.717250
v -0.462621 0.228812 -0.729481
v 0.255878 0.523000 -0.711221
v -0.277168 0.566171 -0.709299
v 0.268518 0.567819 -0.711667
v 0.419443 0.738499 -0.703612
v 0.452146 0.738801 -0.691819
v -0.145004 0.772660 -0.693519
v 0.119955 0.820775 -0.718239
v -0.132691 0.836100 -0.723137
v -0.204446 0.834460 -0.711602
v 0.581813 -0.897713 -0.721780
v 0.519069 -0.904016 -0.701399
v 0.592985 -0.880871 -0.687731
v -0.587226 -0.867421 -0.755019
v -0.583581 -0.858748 -0.649329
v -0.576419 -0.851443 -0.708782
v -0.536694 -0.525535 -0.747038
v -0.552698 -0.428601 -0.702462
v 0.576597 -0.366093 -0.685475
v 0.552558 0.282226 -0.701810
v 0.553491 0.337994 -0.691021
v -0.290304 0.478315 -0.710050
v -0.266587 0.458356 -0.722487
v -0.300605 0.579813 -0.703108
v -0.302676 0.636705 -0.717205
v -0.359911 0.612802 -0.694526
v -0.412114 0.704617 -0.699543
v 0.140153 0.816144 -0.728179
v 0.144677 0.799944 -0.706312
v 0.140360 0.825454 -0.727518
v 0.208631 0.833104 -0.710060
v 0.479160 0.820632 -0.684669
v -0.369768 0.882857 -0.695525
v -0.427279 0.887156 -0.697349
v -0.516669 -0.347879 -0.694176
v -0.594519 -0.300261 -0.691801
v -0.554163 -0.219470 -0.696328
v -0.389804 0.215288 -0.702564
v 0.063981 0.310061 -0.686241
v 0.544483 0.258006 -0.690193
v -0.550140 0.276053 -0.684483
v 0.556332 0.325439 -0.684576
v 0.327122 0.441925 -0.713706
v 0.353735 0.442567 -0.696848
v 0.354552 0.463898 -0.691039
v -0.327329 0.466461 -0.700743
v 0.287638 0.527203 -0.703671
v -0.127574 0.769980 -0.708745
v 0.195710 0.798320 -0.712436
v 0.205399 0.821104 -0.718527
v -0.194123 0.823027 -0.722509
v -0.205639 0.806986 -0.712903
v 0.258555 0.840458 -0.703145
v -0.547209 -0.916748 -0.703843
v 0.536746 -0.914541 -0.703197
v -0.532145 -0.372545 -0.687977
v 0.587658 -0.298818 -0.673296
v -0.513241 -0.285907 -0.688135
v 0.594311 -0.267237 -0.678780
v 0.584018 -0.335332 -0.725846
v 0.353241 0.210044 -0.709009
v 0.525780 0.237607 -0.686801
v -0.503784 0.234250 -0.685670
v -0.080907 0.302258 -0.689484
v 0.404481 0.416202 -0.696878
v -0.353743 0.451177 -0.691229
v 0.307103 0.512901 -0.698950
v -0.330505 0.594381 -0.698644
v -0.208918 0.804604 -0.697339
v -0.253303 0.835206 -0.702856
v 0.435898 0.881440 -0.696353
v 0.576868 -0.942391 -0.712320
v 0.586488 -0.936342 -0.709780
v 0.585800 -0.428562 -0.719814
v -0.586814 -0.311069 -0.676853
v -0.527050 0.238528 -0.686808
v 0.322749 0.505838 -0.693172
v 0.318007 0.553273 -0.694259
v -0.318828 0.549081 -0.693980
v -0.296801 0.523821 -0.700338
v 0.359100 0.692981 -0.714266
v 0.407394 0.666925 -0.692862
v -0.141025 0.748022 -0.697183
v -0.206866 0.783600 -0.700041
v 0.186363 0.776688 -0.690762
v 0.191245 0.774426 -0.700889
v 0.209490 0.785748 -0.689562
v -0.574595 -0.908783 -0.701338
v -0.527684 -0.910222 -0.700714
v 0.579102 -0.905206 -0.702663
v -0.589500 -0.409775 -0.719492
v 0.517437 -0.286841 -0.667206
v 0.568785 -0.219423 -0.693200
v 0.583237 -0.193255 -0.673838
v 0.534312 -0.256723 -0.707588
v 0.546095 -0.180341 -0.682963
v 0.553245 -0.296724 -0.727481
v -0.538713 -0.182846 -0.679888
v -0.236942 -0.008219 -0.687771
v 0.389823 0.004129 -0.692949
v 0.391045 -0.007566 -0.682011
v -0.221715 0.302573 -0.682566
v -0.365292 0.496972 -0.681282
v -0.320697 0.501112 -0.694347
v -0.406140 0.645486 -0.688456
v -0.419061 0.689987 -0.687866
v 0.419416 0.708007 -0.693235
v -0.463922 0.675643 -0.668400
v -0.483697 0.799367 -0.697848
v -0.126893 0.735436 -0.692506
v 0.144947 0.750441 -0.684270
v 0.205503 0.769626 -0.697712
v 0.262986 0.825907 -0.707588
v 0.247885 0.809468 -0.693197
v 0.256493 0.795299 -0.698852
v 0.266288 0.805213 -0.699565
v -0.269699 0.831127 -0.696530
v -0.260156 0.821174 -0.710211
v -0.325427 0.798940 -0.672132
v -0.464769 0.827422 -0.675257
v -0.574654 -0.369010 -0.685541
v 0.512245 -0.237885 -0.665679
v 0.517875 -0.201051 -0.671847
v -0.576150 -0.208328 -0.685052
v -0.519403 -0.191999 -0.670169
v -0.393675 0.004997 -0.694433
v -0.388939 0.041932 -0.693298
v -0.323440 0.270878 -0.686231
v -0.554314 0.321072 -0.655403
v -0.433342 0.437904 -0.664042
v -0.465938 0.412831 -0.678461
v 0.357332 0.460324 -0.683592
v -0.340138 0.563836 -0.691497
v 0.047041 0.689471 -0.664520
v -0.022121 0.798683 -0.712966
v -0.015093 0.681137 -0.662230
v -0.208392 0.744576 -0.672128
v -0.262590 0.795400 -0.699357
v -0.248543 0.794225 -0.686935
v 0.270053 0.808331 -0.686943
v 0.375152 0.880316 -0.693506
v -0.521954 -0.851121 -0.706448
v 0.533642 -0.846558 -0.675566
v 0.453356 -0.024703 -0.637249
v -0.354556 -0.008392 -0.706362
v 0.390225 -0.007632 -0.616807
v 0.419582 0.004152 -0.666818
v 0.433017 -0.001761 -0.674585
v 0.150704 0.058105 -0.711482
v 0.227270 0.058277 -0.613645
v -0.419240 0.263885 -0.678051
v 0.250194 0.243703 -0.706766
v 0.227636 0.363383 -0.652701
v -0.554671 0.338924 -0.690159
v 0.374678 0.529151 -0.676927
v 0.330100 0.596985 -0.698927
v 0.371261 0.604888 -0.689127
v 0.410806 0.651010 -0.679478
v -0.139937 0.715205 -0.683943
v 0.127486 0.729298 -0.690459
v 0.120453 0.753960 -0.688828
v -0.121172 0.704838 -0.667846
v 0.204229 0.742220 -0.687094
v -0.195594 0.780479 -0.704885
v 0.071602 0.827753 -0.723951
v 0.268339 0.780451 -0.688594
v 0.540952 -0.916249 -0.634294
v 0.538284 -0.368190 -0.682561
v -0.511554 -0.227185 -0.663623
v -0.459257 -0.020745 -0.671126
v -0.446261 -0.019355 -0.717583
v 0.455148 -0.006915 -0.684671
v -0.391777 -0.008217 -0.674827
v -0.412685 -0.015554 -0.708916
v -0.410757 0.050463 -0.651940
v -0.167158 0.058491 -0.651896
v 0.390513 0.274491 -0.676320
v -0.373890 0.526532 -0.677067
v 0.392327 0.587536 -0.680556
v -0.391215 0.583900 -0.680449
v 0.407017 0.646669 -0.688805
v -0.408234 0.641279 -0.676815
v 0.140588 0.708435 -0.680655
v 0.140581 0.766141 -0.705965
v -0.502478 0.751003 -0.670971
v 0.190742 0.731736 -0.681767
v 0.145037 0.690151 -0.658871
v -0.255580 0.769159 -0.687425
v -0.268498 0.775632 -0.686189
v -0.270335 0.786464 -0.677915
v -0.456194 -0.006964 -0.682570
v 0.406139 0.019580 -0.676915
v 0.552723 0.316817 -0.657993
v 0.554778 0.373075 -0.672775
v -0.496936 0.403750 -0.676789
v 0.405285 0.466181 -0.658110
v 0.365494 0.486406 -0.669237
v 0.503538 0.731356 -0.667211
v -0.186144 0.732906 -0.672121
v -0.186027 0.792661 -0.698017
v -0.267753 0.752014 -0.677478
v -0.247755 0.735566 -0.662452
v 0.497497 0.755037 -0.652077
v 0.562588 -0.914437 -0.703848
v -0.516842 -0.273591 -0.661660
v -0.594632 -0.244407 -0.668883
v 0.546224 -0.111027 -0.661552
v -0.428036 -0.018138 -0.644026
v -0.416898 0.004915 -0.668304
v 0.510910 0.269432 -0.668468
v 0.402544 0.622129 -0.672966
v 0.127285 0.682330 -0.670178
v 0.120741 0.697123 -0.665015
v 0.255988 0.744210 -0.676807
v 0.268698 0.752066 -0.675817
v 0.270541 0.748879 -0.662533
v 0.553006 -0.917252 -0.619099
v -0.579656 -0.905458 -0.598941
v -0.592438 -0.882911 -0.691288
v 0.564739 -0.846614 -0.625120
v -0.582673 -0.185610 -0.671416
v 0.578491 -0.158281 -0.665055
v -0.527392 -0.104535 -0.659584
v -0.557379 -0.144249 -0.670915
v 0.394769 -0.012229 -0.632763
v 0.363218 -0.007838 -0.702969
v -0.430733 -0.002988 -0.656250
v -0.427233 0.043606 -0.653103
v 0.067558 0.058468 -0.653745
v 0.425852 0.314653 -0.651848
v 0.555975 0.422562 -0.643774
v -0.396293 0.591853 -0.666749
v 0.394577 0.586749 -0.665387
v 0.453736 0.648163 -0.662722
v -0.127091 0.678628 -0.668487
v -0.140516 0.687662 -0.672402
v 0.206265 0.711216 -0.671351
v -0.513583 0.709501 -0.657180
v -0.205007 0.713215 -0.674444
v -0.190808 0.743167 -0.687069
v -0.204641 0.749765 -0.690016
v -0.255757 0.733707 -0.672815
v 0.256556 0.765853 -0.686519
v 0.573467 -0.910178 -0.595272
v -0.593104 -0.882013 -0.609443
v -0.555535 -0.843872 -0.637360
v -0.556564 -0.842494 -0.699492
v 0.523821 -0.133895 -0.662740
v 0.414847 -0.017380 -0.636538
v -0.473579 -0.004117 -0.630353
v 0.376360 0.046207 -0.702140
v -0.315550 0.053660 -0.666021
v -0.435166 0.309188 -0.653744
v 0.156948 0.383872 -0.648451
v -0.092131 0.411344 -0.639285
v -0.365719 0.476931 -0.671415
v 0.378005 0.531338 -0.662386
v -0.373429 0.519064 -0.663825
v -0.384140 0.551409 -0.662985
v -0.195856 0.699123 -0.670417
v 0.208670 0.709504 -0.657754
v 0.470177 0.781794 -0.650212
v -0.554764 -0.917650 -0.653891
v -0.570111 -0.303062 -0.657169
v -0.508725 -0.136090 -0.641004
v -0.452530 -0.025256 -0.636967
v -0.449981 0.005289 -0.641292
v 0.459364 0.005521 -0.634162
v 0.157184 0.058422 -0.649871
v 0.109037 0.058061 -0.653841
v 0.457014 0.227084 -0.692424
v 0.410264 0.494981 -0.645408
v 0.503246 0.586241 -0.629640
v -0.186937 0.695643 -0.657956
v 0.266298 0.723744 -0.666414
v -0.266867 0.731520 -0.669419
v -0.270355 0.737483 -0.657891
v 0.592545 -0.886310 -0.606778
v -0.548710 -0.296088 -0.651754
v -0.533855 -0.298651 -0.656814
v -0.512275 -0.105624 -0.654637
v -0.538998 -0.072223 -0.641657
v 0.494536 -0.089665 -0.649175
v -0.448556 0.026985 -0.636718
v -0.523869 0.353848 -0.619568
v -0.309240 0.388524 -0.629610
v -0.488503 0.449824 -0.642565
v -0.451842 0.458541 -0.638636
v 0.444825 0.448726 -0.650407
v 0.140220 0.654065 -0.658500
v 0.191292 0.685836 -0.663620
v 0.205125 0.688023 -0.663943
v 0.195593 0.706987 -0.674027
v 0.254550 0.716349 -0.664533
v 0.270915 0.711864 -0.647745
v 0.378698 0.789080 -0.656931
v -0.460871 0.733848 -0.625001
v -0.533866 -0.847120 -0.626710
v -0.578327 -0.238028 -0.636109
v 0.592355 -0.196447 -0.641428
v 0.509519 -0.163049 -0.642342
v -0.522734 -0.066220 -0.646160
v 0.441426 0.002119 -0.647498
v 0.002218 0.047973 -0.662123
v -0.010475 0.059177 -0.669796
v -0.009404 0.048209 -0.645481
v 0.561126 0.349728 -0.650132
v -0.423761 0.461388 -0.650864
v -0.194294 0.673233 -0.659611
v 0.204873 0.671613 -0.657946
v -0.206079 0.675974 -0.657134
v -0.208432 0.685994 -0.649528
v 0.268351 0.697928 -0.655669
v 0.248246 0.719818 -0.656339
v 0.247527 0.758120 -0.671636
v 0.588671 -0.159431 -0.635856
v 0.569346 -0.109563 -0.644421
v -0.482445 -0.067543 -0.648581
v 0.474475 -0.068066 -0.647838
v -0.404621 -0.019048 -0.633349
v 0.472215 -0.002904 -0.626476
v 0.461308 -0.021981 -0.657109
v -0.560896 0.359289 -0.643008
v 0.441874 0.573675 -0.644045
v -0.140419 0.647655 -0.655551
v -0.144590 0.675540 -0.653837
v -0.268085 0.700985 -0.656724
v -0.254616 0.686736 -0.652524
v 0.255377 0.684375 -0.652142
v -0.407027 0.743926 -0.634027
v 0.508064 -0.886413 -0.616264
v 0.552363 -0.348819 -0.671847
v 0.547836 -0.210351 -0.617375
v 0.532103 -0.300866 -0.659406
v -0.519244 -0.222554 -0.637069
v 0.518207 -0.188137 -0.626632
v -0.573292 -0.119089 -0.649003
v -0.479751 -0.083451 -0.641307
v 0.478173 -0.052619 -0.646293
v 0.527721 -0.072803 -0.649072
v -0.099283 0.057696 -0.654230
v -0.077070 0.056491 -0.641663
v 0.015585 0.057675 -0.630613
v 0.512556 0.346258 -0.624248
v 0.534773 0.348055 -0.625020
v -0.445394 0.505914 -0.624692
v -0.371051 0.497353 -0.664535
v 0.451225 0.515435 -0.625040
v 0.127807 0.610897 -0.642305
v -0.204490 0.639816 -0.646641
v 0.204232 0.638315 -0.645884
v 0.191721 0.633364 -0.644008
v 0.208276 0.670457 -0.643242
v 0.247718 0.681685 -0.641760
v -0.341634 0.705337 -0.632277
v 0.569813 -0.267714 -0.642249
v -0.536154 -0.217172 -0.623263
v 0.571997 -0.206592 -0.619469
v 0.009764 0.059034 -0.669931
v 0.399350 0.054724 -0.612830
v -0.116410 0.057464 -0.643387
v -0.560004 0.406659 -0.650855
v -0.128259 0.617136 -0.644747
v -0.186282 0.642951 -0.638739
v 0.120503 0.629926 -0.639592
v 0.186623 0.647189 -0.639557
v -0.247681 0.681827 -0.641508
v -0.271261 0.662523 -0.629643
v -0.484952 0.796573 -0.670833
v -0.514216 -0.862284 -0.616930
v -0.566100 -0.847148 -0.543953
v -0.455988 -0.077847 -0.632427
v -0.165355 -0.062095 -0.640886
v -0.053588 -0.059869 -0.641104
v -0.033484 -0.073692 -0.634843
v 0.217565 -0.060874 -0.641711
v 0.365042 -0.061990 -0.642335
v 0.420399 -0.072148 -0.637380
v -0.442848 -0.061878 -0.644359
v -0.323089 -0.062003 -0.642202
v 0.043547 -0.063327 -0.639713
v -0.188929 -0.051224 -0.641698
v -0.003463 -0.049292 -0.640489
v 0.150865 -0.046269 -0.641046
v -0.439097 -0.046298 -0.644526
v -0.341244 -0.045251 -0.641922
v 0.395981 -0.038580 -0.641006
v -0.401085 -0.026168 -0.633002
v -0.340824 -0.032828 -0.636193
v 0.433859 -0.025063 -0.634160
v -0.390530 -0.008231 -0.620608
v 0.081878 -0.008224 -0.686577
v 0.313192 -0.007852 -0.612950
v 0.249162 -0.007775 -0.611061
v -0.067569 0.049558 -0.630607
v 0.104265 0.047615 -0.641831
v 0.057668 0.057811 -0.638011
v 0.089627 0.055937 -0.629814
v -0.200480 0.389564 -0.642569
v -0.566910 0.460217 -0.611157
v -0.520454 0.480700 -0.620057
v 0.458328 0.479733 -0.626825
v 0.465595 0.431167 -0.662629
v 0.517331 0.461055 -0.631215
v -0.508682 0.590054 -0.628718
v -0.140308 0.604398 -0.639433
v 0.139958 0.601176 -0.638696
v -0.268444 0.648341 -0.637121
v 0.523674 0.675470 -0.642403
v 0.514576 0.697879 -0.623294
v -0.525651 -0.911435 -0.595876
v 0.502135 -0.114749 -0.626967
v -0.298001 -0.072918 -0.635951
v -0.152267 -0.075470 -0.633472
v 0.315079 -0.073466 -0.635232
v 0.476498 -0.030312 -0.632902
v 0.232983 -0.034116 -0.636043
v 0.296742 -0.035280 -0.638178
v 0.288523 -0.046298 -0.641770
v -0.481893 -0.038991 -0.639396
v 0.389071 -0.024315 -0.629291
v -0.171732 0.049931 -0.638119
v -0.111287 0.048262 -0.627444
v -0.154332 0.057459 -0.635348
v 0.165315 0.050313 -0.640685
v 0.340755 0.387509 -0.625158
v 0.565840 0.441132 -0.622703
v 0.144685 0.602087 -0.627307
v -0.009355 0.588926 -0.629217
v 0.208536 0.631084 -0.629279
v 0.585409 -0.862601 -0.700705
v 0.587750 -0.867757 -0.549895
v 0.530558 -0.190676 -0.615550
v 0.455013 -0.081411 -0.627008
v 0.037300 -0.077647 -0.630827
v 0.528717 -0.042377 -0.610141
v 0.107191 -0.024825 -0.627252
v -0.389247 -0.019298 -0.620736
v 0.402526 -0.024820 -0.631120
v 0.471201 -0.020909 -0.623164
v 0.063841 0.048755 -0.613950
v -0.185187 0.057009 -0.599866
v -0.089680 0.054672 -0.607350
v 0.117262 0.056934 -0.600762
v 0.153382 0.055615 -0.581522
v 0.549166 0.361051 -0.625336
v -0.020061 0.454062 -0.627985
v -0.016183 0.394461 -0.648343
v 0.098334 0.420288 -0.636129
v -0.410316 0.530658 -0.646652
v -0.452437 0.569629 -0.637781
v 0.202421 0.596026 -0.632337
v 0.186640 0.710075 -0.662938
v 0.268627 0.668997 -0.643950
v 0.255513 0.651239 -0.640530
v 0.268333 0.642857 -0.635267
v -0.509364 -0.889885 -0.568625
v -0.520940 -0.907140 -0.692239
v -0.507627 -0.882369 -0.602700
v -0.514320 -0.165509 -0.622815
v -0.509213 -0.175016 -0.645893
v -0.471877 -0.089037 -0.605058
v -0.580916 -0.128380 -0.626967
v -0.566565 -0.091136 -0.620079
v -0.225797 -0.081914 -0.623095
v 0.155210 -0.074786 -0.634104
v 0.251693 -0.082370 -0.621748
v -0.272129 -0.023735 -0.626335
v -0.219510 -0.035146 -0.636567
v -0.097074 -0.033358 -0.634636
v -0.000202 -0.033915 -0.634727
v 0.012561 -0.023848 -0.626042
v 0.164227 -0.022739 -0.624180
v 0.239445 -0.024068 -0.626708
v -0.429735 -0.023399 -0.632905
v -0.101390 -0.024121 -0.626109
v -0.028082 -0.007461 -0.612084
v -0.169681 -0.008769 -0.748778
v 0.370179 -0.007638 -0.608099
v 0.438289 0.025094 -0.647240
v 0.481288 0.032550 -0.605855
v 0.427392 0.043037 -0.653895
v 0.459807 0.046355 -0.612001
v -0.097470 0.046226 -0.607912
v 0.071506 0.048376 -0.601069
v -0.060283 0.059702 -0.661187
v -0.555112 0.374919 -0.620154
v 0.190269 0.443300 -0.621234
v -0.133189 0.560815 -0.626206
v -0.121051 0.590001 -0.625942
v -0.540789 0.623433 -0.621975
v -0.527167 0.653993 -0.636519
v 0.187034 0.606225 -0.626180
v -0.120770 0.644437 -0.644588
v 0.546699 0.601174 -0.614011
v -0.247736 0.622567 -0.621075
v 0.270893 0.635391 -0.620274
v -0.489711 0.723371 -0.623802
v 0.567489 -0.094664 -0.617413
v -0.377846 -0.081829 -0.623248
v -0.040774 -0.082392 -0.622970
v 0.350829 -0.081365 -0.624085
v -0.469199 -0.022676 -0.628244
v -0.040792 -0.018098 -0.616654
v 0.309739 -0.017454 -0.615418
v -0.356291 -0.007368 -0.610676
v 0.471596 0.007598 -0.612632
v -0.164811 0.045804 -0.594705
v 0.007857 0.043831 -0.594949
v 0.163652 0.046080 -0.615418
v -0.116564 0.056051 -0.586720
v 0.078380 0.054430 -0.582975
v 0.183541 0.056016 -0.597597
v 0.450814 0.430978 -0.582087
v -0.516514 0.526251 -0.612282
v 0.132884 0.560378 -0.625249
v 0.123569 0.555345 -0.616872
v -0.200443 0.585169 -0.629561
v -0.186311 0.598275 -0.623281
v -0.198414 0.616759 -0.640688
v -0.256174 0.589921 -0.619262
v -0.255382 0.649518 -0.639868
v 0.259214 0.618172 -0.629130
v 0.267510 0.606689 -0.622564
v 0.247644 0.641849 -0.627506
v 0.494162 0.699904 -0.612313
v -0.594055 -0.190537 -0.644212
v -0.571035 -0.129034 -0.602806
v -0.409072 -0.085054 -0.598343
v 0.081745 -0.083137 -0.620200
v -0.273354 -0.018015 -0.614636
v -0.196086 -0.017422 -0.614963
v -0.463069 0.053260 -0.592922
v 0.107740 0.046433 -0.602900
v 0.429815 0.050595 -0.633317
v -0.391164 0.432253 -0.592778
v -0.147629 0.478302 -0.617029
v 0.511435 0.502448 -0.615642
v -0.145101 0.635297 -0.638703
v -0.145493 0.578982 -0.620901
v 0.186715 0.576824 -0.617338
v -0.209602 0.582046 -0.614742
v 0.049435 0.576951 -0.624692
v 0.208657 0.566959 -0.611025
v -0.267496 0.603794 -0.622503
v 0.247572 0.603943 -0.615370
v 0.533330 0.650059 -0.617226
v -0.526801 0.672739 -0.625257
v -0.341289 0.636452 -0.612337
v -0.326847 0.623717 -0.606348
v -0.353965 0.668625 -0.614975
v -0.506987 -0.880693 -0.719635
v -0.532113 -0.163789 -0.602257
v -0.501579 -0.108837 -0.642050
v -0.510125 -0.130584 -0.601199
v 0.472758 -0.089510 -0.616698
v 0.446130 -0.086007 -0.605921
v 0.044572 -0.017721 -0.614446
v 0.216061 -0.015507 -0.609071
v 0.248969 -0.014043 -0.607357
v 0.212993 -0.007540 -0.611294
v -0.163766 0.048901 -0.641041
v -0.154132 0.054432 -0.562408
v -0.059250 0.055314 -0.585894
v -0.073848 0.052113 -0.590806
v -0.178995 0.437016 -0.625223
v 0.569492 0.471586 -0.603077
v 0.527585 0.537003 -0.611070
v 0.144007 0.559539 -0.616873
v -0.128848 0.550602 -0.616671
v -0.200903 0.560388 -0.621117
v -0.191335 0.548444 -0.609740
v -0.552458 0.584144 -0.606907
v -0.208314 0.630564 -0.629618
v 0.261922 0.566196 -0.613007
v -0.271280 0.595278 -0.608191
v 0.338949 0.707491 -0.634276
v -0.552944 -0.210824 -0.617640
v 0.572485 -0.132625 -0.602702
v -0.317831 -0.085229 -0.603703
v 0.092870 -0.015975 -0.608234
v 0.269065 -0.014394 -0.609318
v 0.373395 -0.014484 -0.605405
v 0.457007 0.054171 -0.596611
v 0.563552 0.402322 -0.609118
v 0.042723 0.514439 -0.619233
v 0.090067 0.465726 -0.623358
v 0.142370 0.508992 -0.613854
v 0.565933 0.510046 -0.596567
v 0.199545 0.557482 -0.620416
v -0.249462 0.575735 -0.607588
v 0.517792 -0.138695 -0.597585
v 0.359463 -0.085430 -0.602663
v -0.169489 -0.015126 -0.605496
v 0.015001 -0.012860 -0.603895
v 0.035156 -0.011459 -0.603787
v -0.370738 -0.010540 -0.603236
v -0.438543 0.055910 -0.594896
v -0.567920 0.521028 -0.592596
v 0.196456 0.549084 -0.609840
v -0.263649 0.561158 -0.610029
v 0.270807 0.562680 -0.600641
v 0.327600 0.684163 -0.627159
v -0.527401 0.650197 -0.599902
v -0.511598 0.706506 -0.625983
v 0.531182 0.644210 -0.598309
v -0.210805 -0.085395 -0.604614
v -0.006932 -0.085162 -0.604411
v 0.147966 -0.085411 -0.599620
v 0.260287 -0.085132 -0.602163
v -0.540495 -0.070012 -0.593310
v 0.473476 -0.018024 -0.592260
v -0.191733 -0.011633 -0.604804
v -0.026072 -0.013476 -0.605458
v 0.321796 -0.012671 -0.605530
v -0.471998 -0.018375 -0.593478
v -0.187971 -0.007531 -0.610194
v 0.028362 -0.007337 -0.611371
v 0.169829 -0.009997 -0.605031
v 0.104626 -0.010192 -0.605486
v 0.220849 -0.009600 -0.605564
v -0.473837 0.002043 -0.585412
v -0.008778 0.043861 -0.594970
v -0.532040 0.408394 -0.586181
v 0.540771 0.444824 -0.566640
v -0.565160 0.417183 -0.599085
v 0.568538 0.445534 -0.586684
v -0.568378 0.443829 -0.580867
v 0.304912 0.456915 -0.599296
v 0.207931 0.484192 -0.609015
v -0.095254 0.515517 -0.616976
v 0.563163 0.544466 -0.595721
v -0.551155 0.593298 -0.584393
v -0.553183 -0.917349 -0.549540
v 0.536799 -0.846494 -0.509981
v 0.551901 -0.843847 -0.653751
v 0.475028 -0.086629 -0.580844
v -0.522193 -0.039394 -0.606637
v -0.319205 -0.009937 -0.605291
v 0.167125 -0.015711 -0.606660
v -0.360705 -0.015789 -0.606906
v -0.233884 -0.015016 -0.605650
v -0.097548 -0.007593 -0.608951
v -0.166149 -0.009657 -0.605456
v 0.495001 0.014712 -0.584280
v -0.283688 0.462855 -0.600783
v -0.345197 0.468033 -0.586810
v -0.265828 0.550562 -0.599682
v 0.484247 0.622946 -0.576754
v 0.448591 0.760489 -0.636730
v -0.547323 -0.843024 -0.538968
v 0.504487 -0.107688 -0.582982
v -0.224277 -0.083039 -0.594671
v -0.332225 0.060070 -0.562690
v -0.015178 0.057151 -0.618076
v -0.359264 0.605181 -0.592492
v 0.401849 0.642136 -0.596213
v -0.525412 -0.852146 -0.505640
v -0.536876 -0.114633 -0.583765
v -0.568505 -0.166379 -0.603710
v 0.547476 -0.143424 -0.591189
v -0.019962 -0.082366 -0.593089
v -0.283221 -0.017075 -0.591314
v -0.287994 -0.007863 -0.596057
v -0.254146 -0.015532 -0.594103
v -0.249082 -0.008262 -0.593832
v -0.229755 -0.014749 -0.598314
v -0.178768 -0.013568 -0.596986
v -0.152719 -0.015754 -0.594316
v -0.035267 -0.015581 -0.596099
v -0.141145 -0.010190 -0.597781
v -0.029259 -0.010338 -0.598176
v 0.011841 -0.015822 -0.595841
v 0.020446 -0.011971 -0.598092
v 0.035212 -0.007660 -0.593621
v 0.041896 -0.015506 -0.597352
v 0.082731 -0.010237 -0.597779
v 0.093722 -0.015617 -0.596181
v 0.202053 -0.014988 -0.593349
v 0.189561 -0.009823 -0.595258
v 0.260644 -0.013452 -0.599770
v 0.289473 -0.009114 -0.594175
v 0.379285 -0.015232 -0.597053
v 0.381505 -0.009958 -0.597704
v -0.378481 -0.015368 -0.593071
v 0.236021 -0.011565 -0.598715
v 0.210499 -0.008018 -0.592975
v 0.250163 -0.007866 -0.592962
v -0.469761 0.008257 -0.614903
v -0.500242 0.016427 -0.577857
v -0.482372 0.033538 -0.606788
v -0.175963 0.048548 -0.579482
v 0.014546 0.055500 -0.584527
v 0.229353 0.052675 -0.585862
v -0.572773 0.511647 -0.569736
v 0.250661 0.549388 -0.602290
v -0.515067 0.630654 -0.581182
v 0.516682 0.625131 -0.578893
v -0.493820 0.588249 -0.563101
v 0.540268 -0.101347 -0.584635
v -0.512938 -0.120092 -0.587230
v -0.298983 -0.075287 -0.580436
v -0.347116 -0.014681 -0.595623
v -0.336852 -0.007966 -0.597111
v -0.197766 -0.009221 -0.596882
v -0.205404 -0.017844 -0.589194
v 0.019371 -0.017364 -0.589697
v 0.244615 -0.016959 -0.589889
v 0.381938 -0.019176 -0.587156
v 0.470771 -0.023559 -0.588768
v -0.143603 -0.007607 -0.591705
v 0.182276 -0.007644 -0.592091
v 0.068453 0.047744 -0.581893
v 0.176198 0.048345 -0.579321
v -0.272693 0.057712 -0.603768
v -0.214308 0.051036 -0.582978
v 0.565752 0.453950 -0.573530
v 0.262713 0.505888 -0.598186
v 0.338504 0.538761 -0.583420
v 0.570060 0.518680 -0.576282
v 0.327130 0.582985 -0.594072
v -0.344752 0.559817 -0.589779
v -0.336172 0.539518 -0.583445
v -0.545783 0.596564 -0.576489
v 0.431318 -0.078425 -0.584977
v -0.500743 -0.041774 -0.581768
v 0.543493 -0.067971 -0.598222
v 0.471994 -0.009732 -0.591599
v -0.104954 -0.017802 -0.589548
v 0.115488 -0.017739 -0.589223
v -0.158244 -0.008058 -0.594726
v 0.382507 -0.008223 -0.578032
v -0.478850 0.007632 -0.562276
v 0.344826 0.560964 -0.590085
v 0.342612 0.609158 -0.603987
v -0.357251 0.559972 -0.582235
v 0.355406 0.629996 -0.601630
v -0.067673 -0.023843 -0.580546
v 0.104603 -0.024069 -0.579794
v -0.120853 -0.023719 -0.580561
v 0.037381 -0.019230 -0.587936
v 0.323852 -0.023727 -0.580596
v 0.292354 -0.016306 -0.590443
v -0.368212 -0.008425 -0.593363
v -0.381823 -0.009213 -0.580372
v 0.497342 0.042632 -0.563627
v -0.247297 0.059137 -0.557380
v -0.419410 0.480457 -0.567703
v -0.273223 0.507942 -0.596625
v 0.567752 0.526121 -0.558660
v -0.516081 -0.861435 -0.471009
v 0.127687 -0.074668 -0.579585
v 0.486731 -0.068987 -0.573655
v 0.397602 -0.064576 -0.574137
v -0.310024 -0.024423 -0.580174
v -0.199645 -0.023642 -0.580300
v 0.396949 -0.021258 -0.578301
v -0.476369 -0.005331 -0.563451
v -0.153746 -0.008184 -0.536679
v 0.015351 -0.007913 -0.595214
v -0.497351 0.045877 -0.550179
v -0.108813 0.046252 -0.559093
v -0.068230 0.047105 -0.578286
v 0.480492 0.057897 -0.539068
v 0.155427 0.053450 -0.530278
v 0.310344 0.058121 -0.603390
v 0.514807 0.455555 -0.560908
v -0.453541 0.426042 -0.584415
v -0.532506 0.458151 -0.558506
v 0.356816 0.557283 -0.581672
v 0.443727 0.566231 -0.565186
v 0.551328 -0.917339 -0.502716
v 0.587213 -0.895472 -0.480211
v -0.518083 -0.094015 -0.578843
v -0.462702 -0.080523 -0.582045
v -0.474174 -0.066445 -0.573582
v -0.403852 -0.066989 -0.575389
v -0.480989 -0.055185 -0.573490
v -0.449323 -0.036264 -0.574089
v 0.506218 -0.044950 -0.581943
v 0.441948 -0.040588 -0.572044
v -0.460140 -0.020305 -0.573105
v -0.403893 -0.038996 -0.572541
v -0.374010 -0.023181 -0.579985
v 0.260953 -0.008172 -0.533892
v 0.506211 0.017888 -0.548804
v -0.195259 0.055826 -0.566356
v 0.186750 0.055233 -0.565962
v 0.191891 0.056454 -0.545906
v 0.570054 0.484468 -0.563611
v -0.589936 -0.891993 -0.532258
v 0.507836 -0.880308 -0.485422
v 0.512768 -0.865950 -0.605411
v 0.110558 -0.052595 -0.569838
v 0.280700 -0.076082 -0.581947
v -0.204990 -0.074259 -0.578883
v 0.285540 -0.043344 -0.570798
v -0.373925 -0.035715 -0.573703
v -0.291944 -0.039080 -0.572179
v -0.177301 -0.034392 -0.573188
v -0.458171 0.062816 -0.523297
v 0.453811 0.468957 -0.564456
v -0.396505 0.517458 -0.568839
v -0.561911 0.545094 -0.560644
v 0.558089 0.568086 -0.568974
v -0.522611 -0.906610 -0.516700
v -0.508200 -0.877663 -0.516240
v 0.019737 -0.051211 -0.569237
v -0.431803 -0.045187 -0.571300
v -0.370178 -0.051459 -0.571252
v -0.191879 -0.049012 -0.569681
v -0.047109 -0.073684 -0.578904
v 0.423754 -0.050123 -0.571514
v 0.430450 -0.046765 -0.564793
v -0.422981 -0.037690 -0.570514
v 0.402719 -0.035507 -0.574245
v -0.407393 -0.031022 -0.571268
v -0.093045 -0.050855 -0.569416
v 0.145638 -0.034811 -0.572869
v -0.429747 -0.047098 -0.559411
v 0.420373 -0.038193 -0.570351
v -0.016616 -0.034275 -0.573177
v 0.224135 -0.023700 -0.580309
v -0.390887 -0.017304 -0.577525
v -0.381999 -0.008142 -0.561453
v 0.459392 -0.022062 -0.575288
v 0.477561 -0.003850 -0.535559
v 0.478317 0.007768 -0.564713
v -0.014372 0.055306 -0.570714
v 0.435984 0.542276 -0.562119
v -0.489234 0.539080 -0.551453
v 0.522630 -0.909340 -0.610364
v 0.516783 -0.901033 -0.477316
v 0.266365 -0.061966 -0.572946
v -0.300122 -0.058578 -0.572446
v -0.412904 -0.035132 -0.559878
v 0.022147 -0.007981 -0.531066
v -0.077689 0.052584 -0.539511
v -0.507859 0.477660 -0.552884
v -0.567383 0.498911 -0.556913
v 0.534264 0.556562 -0.552969
v -0.530008 0.568387 -0.556626
v 0.580462 -0.856133 -0.618108
v 0.585437 -0.862887 -0.445594
v -0.387943 -0.011299 -0.517602
v 0.306159 -0.007777 -0.595028
v -0.009370 0.042049 -0.533001
v 0.000319 0.040944 -0.537942
v 0.009264 0.042662 -0.532412
v 0.164616 0.043569 -0.532627
v -0.188714 0.055749 -0.542044
v 0.538838 0.491426 -0.546650
v 0.508305 0.553381 -0.552164
v 0.592200 -0.883049 -0.475444
v -0.069173 0.044896 -0.500955
v 0.069106 0.045214 -0.521612
v 0.088970 0.050112 -0.501259
v -0.447027 0.605586 -0.575993
v -0.537922 -0.915098 -0.472382
v -0.506232 0.016589 -0.536461
v 0.504191 0.042191 -0.534349
v -0.540420 0.510119 -0.546160
v 0.507907 0.502521 -0.547797
v 0.409045 0.504339 -0.566587
v -0.507073 0.513475 -0.547417
v -0.178013 0.045620 -0.517034
v -0.428500 -0.047645 -0.514509
v 0.060173 0.052150 -0.466788
v 0.117089 0.053960 -0.522256
v -0.276338 0.060301 -0.509231
v 0.288052 0.059580 -0.534742
v 0.483577 0.007599 -0.506488
v -0.229200 0.049937 -0.520223
v -0.483775 0.007913 -0.482516
v -0.059412 0.054560 -0.547750
v -0.014261 0.053129 -0.520191
v 0.418848 0.069567 -0.464507
v 0.535398 -0.913885 -0.495083
v -0.156486 0.052834 -0.506118
v 0.059574 0.056218 -0.587890
v 0.014519 0.053280 -0.520862
v -0.337707 0.066107 -0.476960
v -0.575808 -0.908723 -0.498487
v -0.547988 -0.843600 -0.436900
v -0.120687 -0.004912 -0.448455
v -0.513233 0.031714 -0.494676
v 0.079325 0.051023 -0.490617
v 0.404665 -0.027708 -0.566991
v 0.428315 -0.047347 -0.500537
v -0.107316 0.044002 -0.477153
v 0.164627 0.041669 -0.504332
v -0.059165 0.052723 -0.487778
v -0.481735 0.066845 -0.462492
v 0.524587 -0.852745 -0.607793
v 0.521669 -0.854880 -0.461359
v 0.516269 0.032502 -0.464794
v -0.097216 0.043880 -0.484593
v -0.096251 0.046759 -0.547142
v -0.080914 0.051784 -0.479952
v -0.009251 0.042612 -0.501694
v 0.069971 0.045003 -0.486260
v -0.404831 -0.026673 -0.465499
v 0.381393 -0.005186 -0.469053
v -0.381171 -0.006195 -0.502273
v 0.104303 0.043508 -0.500320
v 0.096733 0.047727 -0.574937
v 0.509283 0.056292 -0.458774
v -0.310283 -0.008000 -0.535830
v 0.514492 0.020229 -0.466258
v -0.518723 0.021856 -0.446473
v -0.506757 0.054943 -0.476492
v 0.108089 0.044267 -0.458620
v 0.117417 0.052547 -0.456766
v 0.148112 0.052777 -0.455343
v 0.484673 0.068986 -0.455588
v -0.476903 -0.004605 -0.507262
v 0.478626 -0.001660 -0.443676
v 0.177838 0.045398 -0.516362
v 0.197815 0.054920 -0.479351
v -0.429452 -0.046333 -0.469176
v -0.067889 0.045010 -0.483650
v 0.084004 0.051099 -0.450331
v 0.162798 0.042798 -0.447551
v 0.223062 0.050458 -0.519367
v -0.593410 -0.884465 -0.434111
v -0.591573 -0.875402 -0.517974
v 0.006782 0.040309 -0.437297
v 0.096744 0.043745 -0.450587
v 0.462156 -0.017343 -0.436759
v -0.015186 0.052513 -0.422568
v -0.007783 0.041466 -0.417454
v 0.486731 0.013502 -0.445008
v -0.116158 0.053179 -0.506397
v 0.246869 0.057678 -0.476068
v 0.122251 -0.008093 -0.536651
v 0.072199 0.045573 -0.463784
v 0.259951 0.059647 -0.503544
v -0.164415 0.042141 -0.515577
v -0.185622 0.045759 -0.459412
v -0.165973 0.041668 -0.452422
v 0.174036 0.043479 -0.449902
v -0.094779 0.045326 -0.450263
v 0.187566 0.047919 -0.465656
v 0.300611 0.056758 -0.462342
v 0.344570 0.066572 -0.470373
v 0.537197 -0.914718 -0.394834
v 0.572619 -0.850380 -0.411610
v -0.382626 -0.004156 -0.414208
v -0.512685 0.059955 -0.418722
v -0.162703 0.046101 -0.433261
v -0.235528 0.053654 -0.471675
v -0.199581 0.056212 -0.491792
v 0.244552 0.052255 -0.468450
v -0.157742 0.052336 -0.438003
v -0.108022 0.043809 -0.440903
v -0.247995 0.053674 -0.449269
v -0.059527 0.052190 -0.407743
v 0.276556 0.057256 -0.448580
v -0.429767 -0.045393 -0.429205
v 0.067824 0.043058 -0.447027
v -0.507656 -0.880610 -0.420781
v -0.547396 -0.917452 -0.405326
v -0.563934 -0.914585 -0.396579
v -0.577618 -0.853972 -0.375130
v 0.428672 -0.045032 -0.419675
v 0.382461 -0.004111 -0.415747
v -0.068673 0.042056 -0.422221
v -0.196329 0.053959 -0.434984
v 0.201873 0.057106 -0.426831
v 0.265917 0.060491 -0.419497
v 0.520551 0.027341 -0.394851
v -0.079336 0.051417 -0.399250
v -0.297872 0.056377 -0.462768
v -0.477950 -0.002478 -0.418767
v -0.488458 0.017894 -0.410685
v 0.161588 0.050798 -0.422345
v 0.014857 0.052417 -0.411718
v -0.579949 -0.904938 -0.407373
v 0.078185 0.051350 -0.395706
v 0.008347 0.043469 -0.363223
v 0.342755 0.064350 -0.509011
v 0.349900 0.068107 -0.407073
v 0.502330 0.073579 -0.374212
v 0.593466 -0.882577 -0.419747
v 0.109124 0.043326 -0.384111
v 0.510132 -0.892412 -0.389863
v -0.429792 -0.040993 -0.408455
v 0.165993 0.042025 -0.383837
v -0.211430 0.055370 -0.414333
v -0.507331 -0.883028 -0.330079
v 0.182125 0.044297 -0.390777
v 0.095345 0.045175 -0.378189
v 0.469660 0.083331 -0.322082
v 0.488936 0.018972 -0.404986
v 0.522882 0.045241 -0.382230
v 0.403778 0.076111 -0.379388
v 0.522436 -0.906983 -0.356997
v -0.580821 -0.856978 -0.521343
v 0.476732 0.001401 -0.397649
v -0.205059 -0.001700 -0.354131
v -0.250359 -0.004771 -0.441182
v -0.169516 0.040894 -0.379570
v -0.096768 0.043859 -0.388124
v 0.069402 0.042436 -0.377368
v 0.305866 0.055937 -0.400731
v -0.356087 0.069578 -0.397810
v 0.526065 -0.851433 -0.340141
v 0.301150 -0.004429 -0.417612
v 0.208741 -0.002030 -0.360028
v 0.115758 0.051896 -0.389516
v -0.069637 0.041894 -0.378315
v 0.259745 0.052282 -0.395523
v -0.252341 0.051544 -0.395447
v -0.325972 0.059488 -0.399414
v -0.337773 0.067663 -0.423189
v -0.288911 0.061870 -0.418928
v -0.289027 0.053803 -0.401419
v -0.386545 0.076509 -0.354994
v -0.403780 0.070335 -0.453809
v 0.571974 -0.911312 -0.461372
v 0.507123 -0.883849 -0.374392
v -0.199522 0.046762 -0.391452
v -0.008395 0.043750 -0.361211
v -0.116021 0.052806 -0.417694
v -0.117708 0.054400 -0.364386
v 0.495050 0.027641 -0.337137
v -0.153433 0.053544 -0.374236
v 0.550755 -0.917654 -0.401358
v 0.593632 -0.883097 -0.332121
v -0.393381 -0.002312 -0.375428
v -0.523323 -0.907995 -0.336048
v 0.431053 -0.023877 -0.370721
v -0.288937 -0.003936 -0.371339
v -0.198556 0.053818 -0.377101
v -0.015599 0.055109 -0.354046
v -0.304763 0.064316 -0.382309
v 0.323120 0.066649 -0.381846
v 0.347098 0.070868 -0.362614
v -0.431972 -0.024140 -0.377019
v -0.112002 0.044115 -0.355973
v 0.201426 0.054890 -0.375835
v -0.306123 0.065556 -0.364078
v -0.158911 0.055031 -0.348826
v -0.167401 0.041619 -0.332455
v 0.202044 0.055998 -0.357391
v -0.253150 0.061070 -0.361054
v 0.482943 0.014238 -0.355720
v 0.264994 0.061161 -0.359237
v -0.112024 0.002611 -0.302469
v -0.492417 0.024292 -0.349177
v -0.521798 0.027630 -0.374652
v -0.069808 0.045714 -0.345514
v 0.015660 0.057664 -0.327357
v 0.039678 0.002024 -0.309172
v 0.050146 -0.003665 -0.395046
v 0.527452 0.034639 -0.319647
v -0.199862 0.053967 -0.351989
v 0.156658 0.053087 -0.373765
v -0.569801 -0.912155 -0.294584
v 0.507875 -0.887415 -0.293718
v -0.475217 0.005849 -0.386039
v -0.431813 -0.022618 -0.331594
v 0.180497 0.044362 -0.342881
v -0.340534 0.065687 -0.344068
v 0.432218 -0.022269 -0.302671
v 0.520521 0.066823 -0.340828
v -0.519462 0.068666 -0.328474
v -0.551765 -0.917501 -0.250561
v -0.389711 0.004409 -0.298309
v -0.080140 0.056935 -0.328164
v 0.060481 0.053438 -0.379786
v -0.251714 0.054018 -0.349685
v -0.187752 0.046372 -0.331784
v 0.196683 0.049007 -0.343134
v 0.258837 0.054399 -0.349002
v 0.515181 -0.862594 -0.357837
v 0.386999 0.008134 -0.262943
v 0.549361 -0.917404 -0.319535
v 0.512855 -0.866401 -0.268325
v 0.393581 -0.001494 -0.368161
v -0.300114 0.002324 -0.298098
v 0.483479 0.015499 -0.279979
v -0.495285 0.029287 -0.292706
v -0.525839 0.031875 -0.315016
v -0.521861 0.047454 -0.375514
v -0.008418 0.046574 -0.323998
v -0.215330 0.052107 -0.329132
v 0.323906 0.060300 -0.346793
v 0.328672 0.072636 -0.317921
v -0.314962 0.059289 -0.345352
v 0.567807 -0.847835 -0.239245
v 0.183549 0.005482 -0.279660
v -0.528806 0.038579 -0.299714
v 0.088871 0.058520 -0.311811
v -0.304779 0.070756 -0.309110
v 0.168123 0.044375 -0.306234
v 0.118724 0.056962 -0.333419
v 0.104856 0.043966 -0.332582
v 0.110347 0.049302 -0.281978
v -0.431754 -0.022244 -0.279559
v -0.486965 0.019725 -0.263167
v -0.481763 0.013631 -0.352068
v 0.076969 0.058102 -0.308580
v -0.534557 -0.913605 -0.238620
v 0.068726 0.046895 -0.326496
v 0.069338 0.051958 -0.294706
v 0.189393 0.048223 -0.327026
v 0.199252 0.060072 -0.308126
v 0.222719 0.062090 -0.314642
v 0.080185 0.055985 -0.338659
v 0.301984 0.071177 -0.308942
v 0.272105 0.056947 -0.334212
v -0.362766 0.078154 -0.292831
v -0.099531 0.045945 -0.337773
v 0.548156 -0.843495 -0.456264
v -0.562635 -0.845673 -0.346872
v -0.551609 -0.843257 -0.243370
v 0.302722 -0.002936 -0.344069
v 0.186308 0.050166 -0.280196
v -0.094135 0.055284 -0.301268
v -0.069677 0.052637 -0.289874
v 0.061051 0.058469 -0.319031
v -0.080055 0.061906 -0.283981
v 0.161302 0.057070 -0.329722
v 0.231138 0.062318 -0.298402
v -0.262171 0.062378 -0.295425
v -0.527357 0.035278 -0.258302
v -0.533270 0.041300 -0.237640
v -0.529699 0.056174 -0.269821
v 0.120578 0.066878 -0.259923
v -0.284005 0.066391 -0.321058
v -0.212295 0.060663 -0.298753
v -0.166886 0.049843 -0.271319
v -0.168511 0.045284 -0.308972
v -0.186948 0.050141 -0.290548
v -0.014675 0.059889 -0.309618
v -0.008988 0.052654 -0.277930
v -0.495189 0.080744 -0.329350
v -0.471412 0.076286 -0.392665
v -0.586613 -0.865206 -0.381421
v -0.233798 0.010261 -0.241064
v 0.092464 0.066048 -0.253881
v -0.198419 0.058775 -0.313982
v -0.157427 0.062265 -0.284505
v -0.120095 0.064201 -0.280596
v 0.156432 0.061837 -0.285666
v -0.322245 0.065466 -0.290685
v -0.292842 0.061290 -0.287765
v 0.314126 0.064686 -0.293679
v -0.059756 0.057420 -0.325054
v -0.060374 0.067762 -0.261507
v 0.079149 0.063854 -0.275266
v -0.524920 0.073461 -0.263775
v 0.266155 0.060118 -0.284507
v 0.531833 -0.912847 -0.237238
v -0.593976 -0.883948 -0.336471
v 0.008281 0.046901 -0.319538
v 0.008424 0.055364 -0.262537
v 0.014930 0.060214 -0.302797
v 0.224864 0.055865 -0.279953
v 0.310000 0.065986 -0.281740
v -0.452990 0.081864 -0.335314
v -0.511012 -0.892507 -0.398725
v -0.522164 -0.906735 -0.241787
v 0.016056 0.072252 -0.236732
v -0.237339 0.056194 -0.283222
v -0.321183 0.076981 -0.269468
v 0.581955 -0.902950 -0.391927
v 0.591952 -0.889156 -0.243974
v 0.432669 -0.023205 -0.248588
v -0.173466 0.049892 -0.268074
v 0.100393 0.062550 -0.225987
v 0.060264 0.069823 -0.249168
v 0.584815 -0.861709 -0.325376
v -0.513310 -0.866134 -0.302551
v -0.523676 -0.853141 -0.346085
v -0.523095 -0.853422 -0.144972
v -0.583299 -0.859317 -0.223831
v -0.573706 -0.851076 -0.202829
v 0.561267 -0.845591 -0.383678
v 0.168691 0.052425 -0.257221
v 0.533774 0.040045 -0.216995
v 0.069171 0.059539 -0.248678
v 0.113423 0.058661 -0.233458
v -0.016879 0.071217 -0.242771
v 0.257894 0.068981 -0.268390
v 0.561665 -0.915142 -0.149009
v 0.562658 -0.915055 -0.351998
v 0.200153 0.066610 -0.255045
v -0.069891 0.058342 -0.251786
v -0.085324 0.071159 -0.235241
v 0.159737 0.071501 -0.235063
v -0.518600 0.081044 -0.233709
v -0.496517 0.087277 -0.257092
v 0.477654 0.010065 -0.160357
v -0.429891 -0.024148 -0.222649
v -0.181885 0.052592 -0.259062
v -0.111245 0.050135 -0.285511
v 0.082211 0.074376 -0.216769
v -0.511043 -0.892590 -0.230850
v -0.536202 -0.846605 -0.332930
v -0.162958 0.069277 -0.245532
v 0.287945 0.018282 -0.177988
v 0.347623 0.082224 -0.229594
v 0.433262 -0.026074 -0.207562
v -0.384100 0.013172 -0.218821
v -0.170297 0.057553 -0.232430
v 0.191062 0.060893 -0.232761
v -0.009498 0.060929 -0.233211
v -0.122954 0.075098 -0.215570
v 0.283928 0.074762 -0.249876
v 0.359255 0.086550 -0.223222
v 0.360358 0.079173 -0.284513
v 0.402481 0.088480 -0.234532
v -0.418572 0.092380 -0.194049
v 0.056719 0.013208 -0.212253
v -0.101296 0.064600 -0.213221
v -0.194201 0.061716 -0.233254
v -0.312545 0.076316 -0.247928
v -0.249502 0.068921 -0.267452
v -0.348676 0.017687 -0.182661
v 0.198558 0.024024 -0.131361
v 0.007563 0.061996 -0.224843
v -0.068421 0.065816 -0.214780
v -0.200405 0.066034 -0.258392
v -0.236289 0.064058 -0.234117
v -0.527380 0.076179 -0.227321
v -0.407670 0.084338 -0.285747
v -0.355283 0.085498 -0.226622
v -0.571764 -0.911215 -0.148619
v -0.183091 0.059664 -0.215823
v 0.169399 0.061506 -0.217785
v -0.290106 0.069008 -0.236771
v 0.074533 0.066679 -0.211846
v 0.252761 0.064999 -0.233307
v -0.169726 0.066120 -0.210739
v -0.061900 0.077152 -0.202041
v 0.323435 0.072431 -0.232761
v -0.095329 0.075335 -0.198530
v -0.330485 0.074211 -0.232028
v -0.474369 0.093640 -0.187982
v 0.382456 0.014238 -0.208511
v 0.492717 0.023522 -0.191623
v -0.490449 0.022021 -0.179859
v -0.529687 0.041771 -0.191508
v -0.278843 0.070278 -0.219876
v -0.009366 0.079111 -0.186878
v 0.121461 0.078475 -0.192403
v 0.575873 -0.851942 -0.147941
v 0.495006 0.031948 -0.250682
v 0.497100 0.037901 -0.180440
v 0.180225 0.060199 -0.215467
v 0.240289 0.065548 -0.218807
v 0.301107 0.072127 -0.222368
v -0.280023 0.084712 -0.195742
v 0.507867 -0.879117 -0.147278
v -0.387345 0.009373 -0.207062
v -0.059180 0.015649 -0.190296
v 0.378590 0.020153 -0.162047
v -0.230009 0.064668 -0.218975
v -0.254281 0.082806 -0.198774
v 0.296808 0.083245 -0.207946
v -0.506418 0.091826 -0.175135
v 0.586507 -0.898979 -0.145736
v -0.449547 -0.009594 -0.249935
v -0.434725 -0.027649 -0.168942
v -0.002786 0.067458 -0.192029
v -0.078026 0.074214 -0.205889
v -0.528039 0.082125 -0.179472
v -0.594410 -0.884524 -0.245519
v -0.588415 -0.866194 -0.146247
v -0.561713 -0.844405 -0.145245
v 0.532828 0.039021 -0.266125
v 0.530779 0.081392 -0.179247
v 0.525606 0.076722 -0.244123
v -0.233165 0.076066 -0.206973
v 0.063074 0.077554 -0.199474
v 0.013394 0.077368 -0.198909
v -0.536969 0.045998 -0.185239
v -0.201502 0.075332 -0.195499
v -0.169418 0.081702 -0.168343
v 0.167681 0.080926 -0.171826
v -0.186829 0.069517 -0.171509
v 0.112009 0.067415 -0.184804
v 0.101919 0.079245 -0.179158
v 0.339655 0.090899 -0.158286
v 0.279772 0.085018 -0.190226
v 0.508179 0.096665 -0.120959
v 0.497611 0.084211 -0.281741
v 0.476277 0.091107 -0.221990
v 0.387948 0.006074 -0.133225
v -0.538186 0.065158 -0.143993
v -0.091191 0.078397 -0.190279
v -0.380943 0.016559 -0.189038
v -0.118380 0.080664 -0.175066
v -0.528393 -0.911955 -0.145544
v -0.536311 -0.846385 -0.145651
v -0.496632 0.039546 -0.158127
v -0.111626 0.071970 -0.177917
v 0.387619 0.097431 -0.094585
v -0.593492 -0.883909 -0.146836
v 0.521452 -0.854906 -0.145111
v 0.566581 -0.846479 -0.145125
v -0.114954 0.060936 -0.223726
v 0.183877 0.070070 -0.171552
v 0.199137 0.073533 -0.202028
v -0.099713 0.084157 -0.118024
v -0.266969 0.079429 -0.175061
v -0.580778 -0.903697 -0.265171
v -0.587139 -0.898607 -0.145333
v -0.310576 0.026149 -0.113810
v -0.222369 0.025374 -0.125337
v 0.530906 -0.913298 -0.147572
v 0.520666 -0.905188 -0.149927
v 0.586411 -0.862815 -0.145503
v 0.590877 -0.872486 -0.217282
v 0.435221 -0.028266 -0.111328
v -0.496140 0.033932 -0.224912
v 0.198828 0.076763 -0.178012
v 0.035205 0.081960 -0.151513
v 0.546076 -0.843476 -0.251276
v 0.546895 -0.842814 -0.145169
v -0.386524 0.009232 -0.144345
v -0.151073 0.021535 -0.140845
v 0.503738 0.046027 -0.123210
v -0.195132 0.081588 -0.167551
v 0.150089 0.084677 -0.140781
v 0.507688 -0.883489 -0.240369
v 0.510738 -0.893446 -0.145084
v -0.378919 0.019614 -0.163627
v 0.187812 0.083218 -0.159819
v -0.434882 -0.026935 -0.123453
v 0.062977 0.018242 -0.141806
v -0.497326 0.044752 -0.120420
v -0.548444 -0.918646 -0.147444
v 0.550390 -0.917450 -0.146204
v 0.538225 0.052423 -0.123638
v -0.507424 -0.881822 -0.201294
v -0.509157 -0.891560 -0.145463
v -0.512558 -0.866417 -0.145940
v -0.538467 0.051555 -0.127104
v -0.227094 0.088412 -0.111920
v 0.284871 0.081109 -0.174627
v 0.530839 0.084591 -0.138249
v -0.528820 0.088333 -0.126478
v 0.575188 -0.909178 -0.227627
v 0.593399 -0.878394 -0.145558
v -0.071267 0.018212 -0.140974
v 0.384721 0.009641 -0.113963
v -0.379711 0.024123 -0.127453
v 0.498182 0.042570 -0.127905
v 0.530815 -0.926909 -0.139476
v 0.520096 -0.921520 -0.140065
v 0.565763 -0.927603 -0.140195
v -0.568875 -0.926504 -0.140222
v -0.529283 -0.926613 -0.140282
v -0.588656 -0.918434 -0.140859
v -0.513019 -0.919026 -0.141964
v 0.588272 -0.918877 -0.140741
v -0.493314 -0.892693 -0.140804
v 0.605885 -0.896032 -0.140866
v -0.603481 -0.901039 -0.141387
v -0.598033 -0.848619 -0.142292
v -0.501680 -0.849976 -0.141048
v 0.608483 -0.876224 -0.142371
v 0.491820 -0.878063 -0.140254
v 0.508513 -0.841403 -0.141746
v 0.581766 -0.833400 -0.141329
v 0.543989 -0.825558 -0.141605
v -0.577262 -0.830861 -0.140402
v -0.529901 -0.828243 -0.141629
v 0.309724 0.026474 -0.110372
v -0.608605 -0.880475 -0.138052
v 0.382529 0.020220 -0.131930
v 0.239740 0.089322 -0.102778
v -0.532077 0.053049 -0.107052
v -0.322654 0.090924 -0.149923
v -0.498414 -0.906097 -0.060455
v 0.605600 -0.902728 -0.011611
v -0.383596 0.010840 -0.114158
v -0.421840 -0.015905 -0.106327
v 0.055423 0.013664 -0.107772
v 0.379000 0.027114 -0.107237
v 0.496280 0.027803 -0.098986
v -0.009480 0.081242 -0.100634
v 0.564256 -0.931043 -0.083263
v -0.076701 0.014393 -0.104707
v -0.496623 0.046459 -0.097097
v -0.570799 -0.929891 -0.025108
v 0.490696 -0.876740 -0.077548
v -0.552783 -0.823825 -0.075700
v -0.382302 0.025507 -0.109759
v 0.496022 -0.903335 -0.065050
v 0.157755 0.020197 -0.102797
v 0.387665 0.022714 -0.094127
v 0.263786 0.023130 -0.085494
v -0.496312 0.026873 -0.050999
v -0.605079 -0.902662 -0.006720
v -0.587755 -0.834376 -0.059464
v -0.540122 0.057527 -0.085377
v 0.557885 -0.823738 -0.068880
v 0.389328 0.011835 -0.071208
v -0.389010 0.012196 -0.087057
v -0.180514 0.020561 -0.098585
v -0.540786 0.073246 -0.067301
v -0.407864 0.097871 -0.097525
v 0.535986 0.085342 -0.044807
v 0.512710 -0.920291 -0.095813
v -0.590631 -0.919479 -0.023431
v -0.434153 -0.026754 -0.047900
v 0.014770 0.002068 -0.074639
v -0.075241 0.005683 -0.076518
v 0.599680 -0.849335 -0.110355
v 0.139185 0.012300 -0.080455
v -0.388729 0.030930 -0.079619
v 0.500042 -0.904965 -0.141508
v -0.426320 -0.015955 -0.028372
v 0.217596 0.015594 -0.071718
v 0.588850 -0.920645 -0.002411
v 0.610078 -0.885008 -0.022008
v -0.496981 0.050462 -0.047602
v -0.527344 -0.928019 0.036952
v -0.549765 -0.931474 -0.044833
v -0.159650 0.013925 -0.079373
v -0.242308 0.011939 -0.055324
v 0.044026 0.079818 -0.081281
v 0.046771 0.071815 -0.036000
v 0.160544 0.080478 -0.051979
v 0.055977 -0.010843 -0.050046
v -0.309566 0.024428 -0.063313
v -0.388465 0.031468 -0.062506
v -0.516484 0.057964 -0.015784
v -0.537693 0.058725 -0.047991
v -0.195789 0.081511 -0.047487
v -0.530470 0.091253 -0.000255
v -0.528926 0.090840 -0.048265
v -0.513130 -0.921663 -0.038367
v -0.144101 -0.001113 -0.053427
v 0.278036 0.003842 -0.029878
v 0.509354 -0.919020 -0.022100
v -0.230191 -0.002602 -0.033892
v 0.279669 0.086975 -0.039131
v 0.502366 0.101874 -0.005648
v 0.294306 0.017151 -0.046854
v 0.381764 0.028656 -0.038466
v 0.391318 0.024727 -0.025786
v 0.499315 0.050574 -0.068687
v 0.499325 0.052508 -0.017292
v 0.494864 0.026010 -0.027514
v 0.541424 0.067369 -0.073082
v 0.534558 0.082594 0.003594
v 0.526527 -0.826905 -0.065185
v 0.504635 -0.843732 -0.046458
v 0.514279 -0.833970 0.017842
v -0.551212 -0.822850 0.028379
v -0.521535 -0.828984 -0.041938
v -0.391709 0.028694 -0.036159
v -0.065555 0.073590 -0.043156
v 0.566323 -0.930535 0.061819
v 0.385895 0.031928 -0.056928
v 0.390963 0.024725 -0.045795
v -0.603549 -0.854907 -0.031824
v -0.594174 -0.840901 0.022610
v 0.539002 0.060477 -0.044099
v -0.498899 0.101945 -0.004896
v -0.497643 -0.853844 -0.048902
v -0.537581 0.059735 -0.000684
v -0.540360 0.065013 -0.020509
v 0.439008 0.102797 -0.015438
v 0.494387 -0.899093 0.037368
v 0.534038 -0.824748 -0.023379
v 0.397090 0.009859 -0.018200
v -0.034942 0.059233 -0.002965
v -0.437436 -0.022415 -0.023051
v 0.435541 -0.024114 -0.025970
v 0.171677 -0.000524 -0.049355
v 0.208988 -0.042245 0.013781
v -0.392339 0.012120 -0.033530
v -0.390916 0.021005 -0.017589
v -0.486598 0.099579 -0.089996
v -0.420795 0.101359 -0.018946
v 0.333468 -0.005792 0.003689
v 0.529157 -0.928437 -0.068897
v -0.129421 -0.049264 0.007060
v -0.188358 -0.045336 0.012649
v -0.349479 0.019772 -0.032134
v -0.321841 -0.008488 0.001202
v 0.528361 0.056890 0.016730
v -0.490656 -0.887688 -0.035453
v -0.578133 -0.828884 0.052261
v -0.398874 0.013531 0.003689
v -0.470712 0.004693 -0.030519
v -0.492626 0.030097 -0.001979
v 0.449404 0.686919 -0.015342
v 0.475266 0.682527 -0.011104
v -0.565347 0.682766 -0.010934
v -0.359753 0.685636 -0.014687
v 0.361759 0.727457 -0.014945
v 0.411112 0.732735 -0.015261
v 0.533409 0.685829 -0.014776
v 0.501203 0.735169 -0.015000
v 0.561384 0.729466 -0.011516
v -0.533311 0.731316 -0.014599
v -0.401862 0.733158 -0.015444
v -0.352421 0.733009 -0.012476
v 0.490258 -0.881771 0.005240
v 0.499070 -0.851953 0.015070
v 0.607546 -0.867657 -0.054970
v 0.597705 -0.845439 0.044091
v 0.059836 -0.053421 0.005690
v 0.146414 -0.036739 -0.006824
v -0.476434 0.021031 0.016827
v -0.495195 0.049198 0.003830
v -0.449857 0.682557 -0.011325
v -0.371522 0.682608 -0.011705
v 0.320947 0.685915 -0.005187
v 0.359761 0.684110 -0.014622
v 0.286254 0.727331 0.003272
v -0.584018 0.736090 -0.003167
v 0.446275 0.744936 -0.008109
v 0.558663 0.749621 -0.000548
v -0.389039 0.751853 -0.000211
v -0.037894 -0.048831 -0.001869
v -0.047341 -0.009639 -0.051739
v -0.434955 -0.011561 0.017116
v 0.492494 0.045719 0.011290
v -0.169978 0.067571 -0.004756
v -0.330099 0.092069 -0.032616
v -0.518074 0.682142 -0.007854
v -0.485400 0.685398 -0.015259
v 0.331196 0.682277 -0.002798
v 0.564485 0.683586 -0.010533
v 0.607420 0.682335 0.009099
v -0.297924 0.682795 0.001369
v -0.536359 0.741853 -0.010689
v -0.343202 0.751397 0.006136
v 0.522469 -0.926130 0.049928
v 0.583970 -0.831956 -0.057064
v 0.147381 0.052379 0.018831
v -0.436095 0.682859 0.020630
v 0.276245 0.682572 0.006372
v 0.603615 0.736969 0.007550
v -0.556023 0.752838 0.006591
v -0.521124 0.751202 -0.000266
v 0.349623 0.752564 0.007052
v 0.435604 -0.018871 -0.005656
v 0.473962 0.022742 0.023890
v -0.570143 0.682264 0.021898
v -0.345446 0.682404 0.022619
v 0.493338 0.682643 0.020430
v -0.274583 0.733958 0.005643
v 0.056561 0.696573 0.010044
v 0.021165 0.699822 -0.000864
v 0.029607 0.736081 0.003765
v -0.601658 0.682652 0.004415
v 0.010080 0.698385 -0.001549
v 0.002342 0.738264 -0.000334
v -0.025234 0.743438 0.005087
v 0.474274 0.752454 0.004609
v -0.515063 0.049544 0.036853
v 0.228366 0.072698 -0.003469
v 0.550100 0.682497 0.019442
v -0.232209 0.682836 0.012294
v -0.028856 0.700097 0.000359
v 0.022155 0.695359 0.008044
v -0.067822 0.728541 0.013983
v 0.285302 0.747596 0.013831
v 0.360611 0.742602 -0.007429
v 0.005248 0.752233 0.005333
v -0.027914 -0.064445 0.021230
v -0.149671 0.052289 0.019349
v -0.328780 0.084982 0.004614
v 0.238341 0.685136 0.011223
v 0.202363 0.734066 0.014758
v -0.208011 0.731578 0.013954
v 0.058775 0.722329 0.010857
v -0.616033 0.731219 0.018969
v 0.056269 0.742363 0.018093
v -0.609265 0.752477 0.031235
v 0.096278 -0.061091 0.020597
v -0.520994 0.092985 0.027634
v 0.508352 0.096358 0.030323
v -0.519028 0.682629 0.018061
v -0.147105 0.683581 0.013022
v -0.080806 0.683067 0.015676
v -0.056390 0.693695 0.011047
v 0.020425 0.692918 0.010579
v 0.061100 0.683802 0.013715
v 0.082286 0.728255 0.014550
v 0.168890 0.685618 0.013776
v 0.606885 0.752872 0.034570
v -0.498920 -0.906752 0.053584
v -0.609168 -0.874226 -0.048011
v -0.111422 -0.061643 0.027220
v 0.365921 -0.008307 0.031877
v -0.408941 0.009432 0.025645
v 0.264156 0.068432 0.019742
v 0.008175 0.683249 0.014774
v 0.087389 0.682364 0.018613
v 0.116372 0.749918 0.029610
v 0.060127 0.749799 0.026794
v -0.255878 0.749525 0.022522
v -0.349996 -0.021346 0.054970
v 0.398267 0.012925 0.003665
v -0.478170 0.036881 0.029265
v -0.268372 0.064246 0.029241
v 0.395220 0.081885 0.044582
v 0.166495 0.682185 0.018829
v 0.398840 0.682488 0.020702
v -0.627646 0.682823 0.038356
v -0.156684 0.747920 0.028383
v -0.560065 0.754793 0.047651
v -0.430589 0.754321 0.035492
v -0.499987 -0.850478 0.056906
v 0.116740 -0.064208 0.034590
v 0.291183 -0.034555 0.037710
v 0.228762 -0.051414 0.040795
v 0.435333 -0.004972 0.028134
v 0.416885 0.009227 0.034075
v 0.485479 0.041108 0.021816
v -0.280413 0.044645 0.057569
v 0.482418 0.095110 0.042740
v -0.252770 0.682559 0.037376
v 0.208320 0.682437 0.040063
v 0.627228 0.736987 0.039322
v 0.218880 0.750827 0.030267
v -0.006383 -0.071996 0.054208
v -0.455955 0.023249 0.042280
v 0.417516 0.095372 0.019554
v -0.514009 0.689878 0.024765
v -0.536564 0.687599 0.026194
v -0.455322 0.695746 0.022137
v -0.153268 0.682050 0.040091
v 0.045420 0.681857 0.040198
v 0.526422 0.686919 0.028307
v 0.575091 0.687925 0.035821
v -0.548799 0.688826 0.028022
v 0.485006 0.697540 0.022450
v 0.442011 0.685249 0.022402
v 0.512392 0.695145 0.021919
v -0.386745 0.691905 0.022086
v -0.363505 0.690108 0.028524
v -0.360191 0.690194 0.023526
v -0.416845 0.684198 0.021716
v -0.402203 0.710282 0.020705
v -0.411090 0.696669 0.030224
v 0.403776 0.689865 0.025208
v 0.538206 0.688281 0.026015
v 0.540424 0.700913 0.025107
v -0.499969 0.713154 0.021322
v 0.376235 0.693039 0.021680
v -0.541976 0.695720 0.024336
v -0.360062 0.723274 0.023120
v -0.353559 0.703624 0.029549
v 0.365570 0.687773 0.022715
v 0.356157 0.712199 0.024652
v -0.529444 0.717513 0.026007
v 0.361441 0.718732 0.021860
v 0.505946 0.714229 0.022405
v 0.537452 0.716558 0.026031
v -0.447746 0.717517 0.021557
v -0.419166 0.720478 0.024324
v 0.433746 0.720313 0.022618
v -0.394294 0.716198 0.031741
v 0.355010 0.721520 0.027486
v 0.458120 0.716630 0.029913
v 0.509152 0.717684 0.029698
v -0.497138 0.718249 0.029852
v -0.438749 0.718841 0.028149
v 0.004984 0.759003 0.011879
v -0.060783 0.749429 0.025884
v -0.045818 0.758086 0.072030
v 0.605880 -0.864324 0.094290
v -0.198035 -0.057343 0.043590
v 0.383406 -0.008686 0.057172
v 0.052817 0.050534 0.012673
v 0.514252 0.078862 0.041477
v -0.469903 0.095671 0.041388
v 0.346071 0.688684 0.029167
v 0.562224 0.689622 0.030591
v -0.563276 0.688357 0.031051
v -0.371291 0.689491 0.029138
v -0.336838 0.688015 0.032454
v 0.391414 0.687393 0.030490
v 0.406364 0.686906 0.034222
v 0.487804 0.687043 0.032982
v 0.486102 0.691394 0.027624
v 0.505956 0.692245 0.029678
v -0.492999 0.691249 0.025079
v -0.490766 0.704332 0.036865
v -0.484103 0.687604 0.032116
v -0.416828 0.688724 0.031046
v 0.437048 0.687199 0.032461
v -0.454807 0.689953 0.027051
v 0.526418 0.696673 0.034905
v 0.376201 0.692532 0.030712
v 0.356480 0.698801 0.029366
v 0.366143 0.706674 0.037398
v 0.390021 0.706307 0.037130
v 0.445633 0.693761 0.029594
v 0.499989 0.704780 0.037154
v 0.339352 0.709842 0.031250
v -0.361654 0.705656 0.036732
v 0.441695 0.706720 0.037858
v 0.440607 0.713443 0.021567
v -0.079547 -0.068179 0.053573
v -0.428166 0.010842 0.045016
v 0.453945 0.022821 0.041965
v 0.251566 0.045770 0.049457
v 0.515648 0.050820 0.039039
v 0.366751 0.060269 0.065920
v -0.582634 0.686898 0.044005
v -0.285886 0.687268 0.040659
v -0.075036 0.681798 0.040140
v 0.319255 0.682342 0.026257
v 0.298793 0.687199 0.040695
v 0.267436 0.683209 0.036277
v -0.348654 0.710912 0.031754
v -0.332693 0.704888 0.027118
v -0.544731 0.704638 0.033912
v -0.421439 0.705388 0.037518
v -0.450604 0.018482 0.062500
v -0.079295 0.032854 0.035867
v 0.185649 0.030655 0.050320
v -0.202502 0.032226 0.051955
v -0.503614 0.686655 0.093418
v -0.362803 0.686729 0.044095
v -0.433122 0.686723 0.041727
v 0.336757 0.687581 0.035971
v -0.175544 0.755372 0.057433
v 0.131389 0.758417 0.077796
v 0.326106 0.754364 0.042001
v 0.579223 -0.829535 0.044671
v 0.255898 -0.046948 0.057785
v -0.455076 0.084297 0.060575
v -0.356277 0.078452 0.034251
v 0.444797 0.078596 0.066644
v -0.600974 0.682476 0.057442
v 0.164190 0.684077 0.042539
v 0.280444 0.689512 0.041708
v 0.259492 0.687200 0.042572
v 0.390852 0.758966 0.088927
v -0.609350 -0.889138 -0.010282
v 0.508239 -0.841283 0.125460
v 0.084894 -0.066973 0.057632
v 0.133522 -0.064499 0.059904
v 0.430088 0.011478 0.049001
v -0.502077 0.078431 0.054334
v -0.348439 0.059571 0.059717
v -0.166116 0.686718 0.048301
v -0.077014 0.686640 0.048612
v 0.005901 0.686550 0.049181
v 0.136619 0.686570 0.049078
v 0.200080 0.686544 0.044999
v 0.365165 0.686635 0.051822
v 0.321416 -0.028976 0.072171
v 0.063428 0.028821 0.039715
v 0.485639 0.080435 0.062707
v -0.591121 0.686521 0.063961
v -0.595398 0.687635 0.061664
v -0.251922 0.686532 0.068729
v -0.223941 0.686632 0.045253
v 0.277545 0.686618 0.079974
v 0.594504 0.688584 0.060633
v -0.635128 0.683305 0.067696
v 0.589202 -0.917808 0.124776
v -0.206153 -0.051582 0.070754
v -0.255316 -0.046038 0.042634
v -0.482882 0.037001 0.067125
v -0.281536 0.686607 0.135927
v 0.208866 -0.053329 0.066179
v 0.074185 -0.000998 0.062502
v -0.221379 0.758860 0.087094
v 0.247129 0.758960 0.089437
v -0.606546 -0.862643 0.060184
v -0.075144 -0.058045 0.071749
v -0.163930 -0.052796 0.072951
v -0.073059 0.005635 0.058123
v 0.170869 -0.002903 0.070725
v 0.473978 0.040312 0.074372
v -0.472433 0.067345 0.073515
v -0.493940 -0.872506 0.123681
v -0.505485 -0.844458 0.124560
v 0.110115 -0.055713 0.072108
v -0.290727 -0.033695 0.077583
v -0.359308 -0.014090 0.079293
v -0.459182 0.029502 0.078527
v -0.120514 0.686541 0.116055
v -0.361461 0.758814 0.086752
v -0.559889 -0.928667 0.122420
v 0.026512 -0.062649 0.067923
v 0.190792 -0.042011 0.078318
v 0.375260 -0.008696 0.077840
v 0.473598 0.029666 0.066088
v -0.398046 0.002093 0.082496
v -0.190275 0.004840 0.069230
v -0.367463 0.041117 0.080251
v -0.062064 0.759054 0.091763
v 0.301270 -0.025356 0.082251
v -0.045552 -0.026245 0.072316
v -0.172809 -0.021621 0.076502
v -0.294074 0.018435 0.078656
v 0.278060 0.020553 0.075018
v 0.460280 0.059962 0.078970
v 0.425798 0.057251 0.081045
v -0.605411 0.682813 0.083707
v 0.634267 0.738734 0.104706
v 0.048875 -0.043304 0.074648
v -0.045964 -0.053373 0.073604
v 0.195056 -0.023829 0.078874
v 0.425718 0.013813 0.081357
v -0.412168 0.061273 0.076033
v 0.575996 -0.831663 0.123628
v -0.213491 -0.029709 0.080015
v 0.392692 0.034534 0.087929
v 0.607582 0.682554 0.092421
v -0.557626 0.686168 0.094590
v -0.357451 0.686590 0.233593
v 0.494418 0.686368 0.096380
v 0.300883 -0.002908 0.086398
v 0.406666 0.018737 0.089436
v -0.415399 0.032727 0.089143
v 0.597948 0.682481 0.050998
v 0.634205 0.682540 0.103529
v 0.578887 0.686542 0.053315
v 0.515462 0.686455 0.091626
v 0.634641 0.683649 0.058339
v 0.637223 0.696155 0.092381
v 0.595133 -0.845616 0.124825
v -0.351512 0.003949 0.088545
v -0.295766 -0.002659 0.085290
v -0.630720 0.682230 0.118609
v 0.045714 0.758443 0.073680
v 0.545777 0.650754 0.112632
v -0.600802 0.688418 0.098448
v 0.637274 0.687645 0.120090
v -0.636575 0.726247 0.105634
v -0.631143 0.739009 0.053088
v -0.490718 -0.887659 0.042996
v -0.495837 -0.900317 0.124259
v -0.631261 0.743357 0.103693
v 0.550536 -0.927864 0.123849
v -0.500766 0.655612 0.110429
v -0.493340 0.686547 0.102103
v 0.554982 0.679177 0.099902
v 0.560840 0.686667 0.097067
v 0.555666 0.682614 0.105231
v -0.575305 -0.831772 0.124681
v -0.554223 0.655689 0.109335
v 0.600976 0.687880 0.094700
v 0.499688 -0.907431 0.061609
v 0.517546 -0.922724 0.123884
v 0.493619 -0.893648 0.124938
v 0.549292 -0.828649 0.122874
v 0.600787 0.688131 0.186759
v -0.607430 -0.875215 0.123906
v -0.594499 -0.844919 0.124945
v -0.503861 0.628191 0.136301
v 0.497850 0.683051 0.102158
v -0.538346 0.758637 0.092754
v 0.105705 0.758928 0.188332
v -0.513492 -0.920722 0.070726
v -0.520013 -0.918715 0.125529
v -0.522308 -0.828705 0.038793
v 0.554558 -0.824166 0.067872
v -0.497805 0.682220 0.103535
v -0.498517 0.614550 0.163251
v -0.607426 0.682209 0.189543
v 0.607902 -0.879790 0.123924
v 0.498493 0.625415 0.140940
v 0.501558 0.653073 0.111515
v 0.632987 0.682464 0.142964
v 0.529436 -0.827390 0.085731
v 0.554958 0.626599 0.142009
v 0.045939 0.686504 0.174159
v -0.570458 -0.912261 0.129959
v -0.591545 -0.916136 0.124982
v -0.550392 -0.917425 0.130090
v -0.535837 -0.914432 0.129228
v 0.569178 -0.913066 0.130473
v -0.605681 -0.894865 0.124935
v -0.585905 -0.898801 0.129250
v -0.597689 -0.884489 0.128067
v -0.588062 -0.859152 0.127715
v 0.515682 -0.859887 0.129806
v 0.495266 -0.867704 0.123340
v -0.522582 -0.852295 0.128613
v -0.562337 -0.839540 0.127078
v -0.535660 -0.828574 0.125315
v 0.571759 -0.847797 0.130496
v -0.554735 0.623798 0.144352
v 0.550226 -0.917115 0.130977
v 0.533217 -0.913866 0.129182
v 0.518536 -0.903238 0.129625
v 0.587315 -0.898303 0.129392
v 0.604622 -0.899707 0.124604
v -0.593110 -0.883131 0.134411
v -0.519287 -0.904531 0.131647
v 0.507295 -0.884880 0.129807
v -0.507393 -0.876756 0.129428
v -0.552071 -0.843333 0.133648
v 0.553348 -0.842781 0.134840
v -0.600916 0.687907 0.167249
v 0.533940 0.758802 0.091104
v 0.590763 0.754338 0.280862
v 0.619947 0.752162 0.094515
v 0.529231 -0.912270 0.206462
v -0.493246 0.686483 0.188014
v 0.637138 0.686745 0.175120
v 0.634284 0.739110 0.229861
v -0.554778 -0.917145 0.245872
v -0.508114 -0.878648 0.207121
v -0.498185 0.609215 0.181080
v 0.552161 0.612655 0.168748
v -0.538064 -0.915008 0.308125
v -0.497267 0.682755 0.196884
v 0.005858 0.758928 0.302316
v 0.592261 -0.886948 0.132067
v -0.588512 -0.867932 0.132995
v -0.574248 -0.850903 0.135282
v 0.500975 0.610746 0.173913
v 0.498172 0.613582 0.182782
v -0.554716 0.612988 0.178171
v 0.607055 0.682597 0.197905
v 0.632862 0.682356 0.218312
v -0.548467 0.608425 0.181522
v -0.510134 -0.890840 0.282729
v -0.588546 -0.896033 0.218915
v 0.211004 0.686593 0.124039
v 0.594928 0.686708 0.178323
v -0.504116 0.598845 0.226644
v -0.616043 0.752891 0.151836
v -0.609796 0.753168 0.311918
v 0.507606 -0.881526 0.288640
v 0.511988 -0.893872 0.320460
v -0.537932 -0.845101 0.129564
v -0.621414 0.751192 0.249851
v 0.531841 0.758790 0.280853
v -0.524857 -0.852546 0.310202
v -0.637444 0.685980 0.152584
v -0.633160 0.682363 0.271588
v -0.636841 0.687728 0.273213
v 0.570816 -0.911836 0.254462
v 0.637113 0.723342 0.187158
v -0.497771 0.681526 0.320483
v 0.017243 0.686550 0.311932
v 0.579016 -0.854230 0.186652
v 0.529453 -0.849116 0.129023
v 0.535072 -0.846775 0.303451
v 0.552459 -0.843450 0.299034
v -0.551966 0.592738 0.257794
v 0.546684 0.602275 0.207564
v 0.544105 0.596850 0.236416
v 0.503001 0.598954 0.227436
v 0.637503 0.687324 0.248797
v 0.569234 -0.848106 0.275424
v 0.584440 -0.861735 0.288528
v -0.498293 0.594925 0.269181
v -0.461471 0.686670 0.310430
v 0.497739 0.682213 0.192601
v 0.497371 0.682580 0.340142
v 0.493425 0.686407 0.202610
v 0.607409 0.682289 0.281788
v 0.601292 0.687326 0.239540
v 0.555059 0.606395 0.212051
v 0.554933 0.596013 0.262029
v 0.552825 -0.917171 0.291133
v 0.526301 -0.910370 0.330034
v -0.607628 0.682286 0.291470
v 0.590355 -0.871594 0.130075
v 0.592738 -0.878799 0.283267
v -0.501916 0.586490 0.282257
v 0.633147 0.682635 0.302991
v -0.539271 -0.844810 0.340206
v 0.549912 0.586960 0.281454
v 0.502256 0.581932 0.302169
v 0.497964 0.595828 0.262892
v -0.515295 -0.863038 0.314895
v -0.592746 -0.877998 0.249592
v -0.636981 0.725989 0.223132
v -0.600920 0.687959 0.195867
v 0.586759 -0.896954 0.245669
v -0.516954 -0.860289 0.200957
v -0.555173 0.599577 0.260062
v -0.555673 0.682300 0.175684
v -0.600871 0.687118 0.302356
v -0.595096 0.686760 0.195765
v 0.601427 0.687260 0.312099
v 0.493357 0.686425 0.354052
v 0.559796 0.686430 0.238209
v 0.558237 0.685686 0.525689
v 0.555260 0.682019 0.281212
v -0.633864 0.739803 0.180061
v -0.632704 0.741648 0.347523
v -0.568023 -0.913178 0.237668
v 0.637543 0.686566 0.345557
v 0.618194 0.752646 0.371894
v 0.623260 0.750269 0.276110
v 0.547038 -0.917483 0.395058
v 0.555133 0.576627 0.341689
v 0.497970 0.589573 0.308475
v -0.563745 0.686787 0.358578
v -0.560312 0.686508 0.210410
v 0.636712 0.728501 0.307396
v 0.568638 -0.913353 0.405726
v -0.551484 0.580051 0.309039
v 0.259080 0.686476 0.288144
v -0.636747 0.729107 0.388625
v -0.549091 -0.917535 0.404579
v 0.586326 -0.897563 0.438632
v -0.498305 0.570702 0.352173
v 0.513398 -0.866288 0.441088
v 0.516432 -0.860731 0.258153
v 0.594242 -0.883624 0.341511
v -0.636947 0.684413 0.339309
v -0.358455 0.758969 0.454500
v -0.408673 0.758990 0.241026
v -0.607707 0.682452 0.383387
v -0.601116 0.687692 0.385738
v -0.632991 0.682481 0.375073
v -0.507585 -0.881003 0.291680
v -0.508285 -0.878088 0.394808
v -0.575252 -0.851794 0.230835
v -0.574888 -0.852271 0.411037
v -0.551812 -0.843191 0.301680
v 0.601006 0.686978 0.386400
v -0.511165 -0.892792 0.428200
v -0.555973 0.684412 0.368489
v 0.634884 0.738283 0.440548
v -0.583909 -0.860857 0.332543
v 0.498554 0.564586 0.379270
v 0.538477 0.758686 0.472924
v -0.522778 -0.907832 0.285078
v 0.520339 -0.856705 0.429325
v -0.537244 0.758737 0.258233
v 0.217853 0.758867 0.366764
v 0.414117 0.758900 0.437230
v 0.337326 0.758942 0.262774
v -0.520877 -0.855775 0.425492
v 0.607812 0.682355 0.380111
v -0.500607 0.555795 0.407818
v 0.568826 -0.848165 0.456421
v -0.593050 -0.885917 0.334544
v -0.592941 -0.881651 0.427092
v 0.545134 -0.844015 0.435349
v -0.182528 0.686544 0.342380
v 0.583601 -0.860511 0.431240
v -0.497954 0.567575 0.433058
v 0.507757 -0.880431 0.372594
v 0.497888 0.635690 0.465317
v -0.578984 -0.906125 0.324067
v 0.555132 0.559424 0.419550
v 0.633601 0.682446 0.403148
v -0.635865 0.684507 0.403227
v 0.497188 0.683118 0.483583
v 0.636922 0.687332 0.417654
v 0.566407 0.686837 0.522971
v 0.550645 -0.917516 0.471143
v -0.587995 -0.895131 0.453730
v -0.523760 -0.908518 0.477698
v -0.557846 -0.844363 0.450776
v 0.501399 0.541048 0.462820
v 0.555493 0.682432 0.453746
v 0.555340 0.641511 0.507900
v -0.493490 0.686157 0.422885
v -0.637339 0.690348 0.466493
v 0.522922 -0.907729 0.448758
v -0.571920 -0.911638 0.382309
v -0.571847 -0.911761 0.442489
v -0.555637 0.683686 0.525338
v 0.593026 -0.879137 0.447012
v -0.512981 -0.866444 0.492329
v -0.551467 0.561799 0.384359
v -0.555412 0.544094 0.476609
v -0.555204 0.573402 0.359770
v 0.511515 -0.892892 0.531412
v -0.507819 -0.884152 0.460294
v 0.553459 0.539958 0.467475
v 0.548850 0.562200 0.382289
v -0.635079 0.683441 0.440073
v 0.601239 0.687318 0.448120
v -0.555192 0.637350 0.397411
v -0.632677 0.682034 0.473810
v -0.211829 0.758795 0.320953
v -0.498374 0.538479 0.469948
v 0.555368 0.667120 0.511958
v 0.626716 0.747513 0.482448
v 0.508196 -0.880414 0.495540
v -0.551258 0.541207 0.462008
v -0.592337 -0.882417 0.525895
v 0.426193 0.686549 0.365265
v 0.349361 0.686578 0.552086
v -0.628874 0.745934 0.467101
v -0.555372 0.628718 0.514491
v -0.560142 0.686535 0.487181
v -0.600960 0.687557 0.480417
v -0.600941 0.687078 0.458396
v 0.601132 0.687572 0.475800
v -0.556071 0.549442 0.502319
v -0.607325 0.682392 0.468516
v 0.498760 0.523386 0.481707
v 0.497981 0.554953 0.456621
v -0.549213 0.521428 0.481852
v -0.555445 0.618509 0.541483
v -0.530175 -0.848806 0.472696
v 0.530562 -0.849052 0.446009
v 0.532498 -0.847844 0.547919
v -0.498380 0.521809 0.482397
v -0.636427 0.683588 0.531410
v 0.636654 0.684111 0.541922
v -0.636504 0.730386 0.527547
v 0.581469 -0.902986 0.516716
v 0.564151 -0.914977 0.544228
v 0.525780 -0.910177 0.524782
v 0.501383 0.476998 0.491100
v 0.553779 0.514172 0.484460
v 0.543587 0.476057 0.491335
v -0.502912 0.477033 0.491574
v 0.203044 0.686650 0.401747
v -0.619453 0.752350 0.424323
v -0.537087 0.758774 0.625837
v -0.539126 0.758675 0.444195
v 0.501618 0.473847 0.504504
v -0.556429 0.498154 0.500573
v -0.574980 -0.909519 0.587205
v -0.498770 0.474186 0.504332
v -0.552992 0.478260 0.491392
v 0.555733 0.624212 0.519695
v 0.554685 -0.843754 0.596165
v -0.555466 0.474921 0.504558
v 0.556874 0.508180 0.504355
v 0.556743 0.474191 0.506229
v 0.555914 0.539649 0.502086
v -0.497751 0.580748 0.535316
v -0.555818 0.658671 0.507914
v -0.601051 0.688142 0.526151
v 0.514116 -0.864428 0.592860
v -0.559577 0.458762 0.513862
v -0.498288 0.460349 0.509487
v -0.571842 0.467683 0.509853
v 0.570564 0.494428 0.507083
v -0.569669 0.526858 0.515304
v -0.563952 0.549524 0.517142
v 0.637460 0.701509 0.459088
v 0.637171 0.724304 0.579433
v -0.218321 0.461912 0.509221
v 0.055176 0.458752 0.512144
v -0.072710 0.461049 0.509816
v 0.370358 0.459428 0.511633
v 0.399739 0.471621 0.508742
v 0.536663 0.457663 0.517624
v -0.426876 0.461321 0.509502
v -0.443100 0.475383 0.509898
v -0.021638 0.470567 0.508335
v 0.119623 0.467745 0.508659
v 0.179258 0.458982 0.512174
v 0.228850 0.471343 0.508587
v -0.493932 0.475259 0.509417
v -0.330223 0.466975 0.508440
v -0.268457 0.477861 0.512375
v -0.133317 0.473678 0.509842
v -0.200325 0.477917 0.512908
v -0.079816 0.477584 0.513830
v 0.176383 0.477785 0.513485
v -0.315693 0.477597 0.512110
v 0.107428 0.477793 0.513126
v 0.568687 0.541748 0.510648
v -0.497847 0.531873 0.534515
v 0.556155 0.554165 0.517867
v -0.582152 0.638861 0.515121
v 0.574783 0.649022 0.509931
v -0.572668 0.668221 0.514792
v 0.575125 0.668102 0.514432
v 0.138341 0.686559 0.676355
v -0.426039 0.454724 0.533567
v -0.146254 0.477832 0.514978
v 0.241897 0.477750 0.517597
v 0.293638 0.473738 0.510011
v -0.556292 0.582964 0.535971
v -0.575387 0.684965 0.532180
v 0.607414 0.682468 0.475921
v 0.600716 0.686684 0.519342
v -0.503323 0.458414 0.522712
v -0.340524 0.459057 0.511536
v -0.170635 0.457644 0.518721
v -0.465645 0.477511 0.522439
v -0.391720 0.477575 0.518199
v 0.008419 0.477765 0.513128
v 0.497398 0.476549 0.509551
v -0.576454 0.618382 0.543352
v 0.584768 0.660775 0.525457
v 0.574626 0.628152 0.519889
v -0.556916 0.679500 0.529611
v 0.556518 0.681554 0.530015
v 0.615008 0.752944 0.481611
v -0.587159 -0.895772 0.598283
v 0.475945 0.458941 0.511221
v 0.510940 0.464676 0.524614
v 0.307293 0.477882 0.513762
v 0.497618 0.523511 0.538577
v -0.557586 0.543904 0.538544
v -0.507657 -0.885830 0.598820
v -0.587078 -0.865772 0.472890
v -0.494298 0.453561 0.545523
v 0.405421 0.454029 0.546901
v 0.390373 0.477576 0.516694
v 0.496211 0.478326 0.549843
v 0.568204 0.523505 0.526195
v 0.558995 0.541842 0.526526
v 0.585991 0.629794 0.544372
v 0.573060 0.681024 0.532103
v -0.584900 0.671183 0.536921
v 0.633018 0.682404 0.466225
v 0.580392 0.684225 0.546544
v -0.260683 0.452557 0.558583
v -0.079135 0.451888 0.563306
v 0.033328 0.450804 0.573151
v -0.043290 0.457866 0.518308
v 0.102268 0.449602 0.585929
v 0.568159 0.461956 0.511779
v 0.537960 0.476111 0.529458
v 0.568729 0.477466 0.537224
v -0.027410 0.472373 0.557323
v 0.438111 0.474907 0.545633
v 0.493264 0.478174 0.518470
v -0.498099 0.483866 0.543927
v 0.630979 0.744030 0.607693
v 0.507611 0.471676 0.534342
v -0.509890 0.467634 0.535481
v -0.511837 0.471742 0.527361
v -0.551809 0.475318 0.530045
v -0.519967 0.475253 0.534798
v 0.419716 0.474183 0.548515
v -0.563739 0.481783 0.540227
v 0.555752 0.523400 0.535371
v -0.556476 0.515631 0.535881
v 0.555703 0.587195 0.542041
v -0.607968 0.682397 0.614698
v 0.521993 -0.855300 0.572515
v 0.589619 -0.869580 0.538408
v -0.543566 -0.844520 0.471184
v -0.539236 -0.845447 0.669937
v -0.401980 0.452806 0.557890
v 0.530830 0.475018 0.542949
v 0.404533 0.472540 0.554433
v 0.555547 0.480999 0.542338
v 0.556938 0.542216 0.543685
v 0.493453 0.544643 0.538937
v -0.492323 0.576970 0.537604
v -0.426055 0.511430 0.543014
v 0.570717 0.558777 0.544638
v 0.558381 0.560347 0.534261
v 0.572494 0.579613 0.546005
v 0.428061 0.572298 0.537881
v 0.494242 0.577483 0.537925
v -0.572186 0.562290 0.538567
v -0.434712 0.575113 0.537089
v 0.497975 0.584185 0.534270
v -0.492103 0.585763 0.544964
v -0.497790 0.589986 0.563471
v 0.498002 0.677823 0.521504
v 0.497817 0.682188 0.592866
v 0.148140 0.758877 0.549934
v -0.144786 0.758880 0.499340
v -0.060511 0.758818 0.656031
v -0.521876 -0.908636 0.638010
v -0.529620 0.432911 0.553039
v 0.517638 0.426113 0.548350
v -0.533023 0.476924 0.549380
v -0.495871 0.479245 0.520375
v -0.492905 0.475954 0.545772
v -0.493522 0.526152 0.540399
v -0.557557 0.592687 0.553268
v -0.427607 0.586883 0.547303
v -0.586185 0.635891 0.556220
v 0.582179 0.667882 0.564690
v 0.600597 0.687597 0.578087
v 0.616158 0.753039 0.590657
v 0.503184 0.395597 0.563349
v -0.504685 0.449494 0.548703
v 0.303630 0.459070 0.510201
v 0.401231 0.452845 0.556394
v 0.258612 0.452107 0.561882
v 0.426674 0.511216 0.542872
v 0.497471 0.489680 0.548510
v -0.494125 0.481574 0.551486
v 0.493632 0.584873 0.544684
v 0.497700 0.592921 0.552634
v -0.573699 0.684501 0.552864
v 0.528822 0.397080 0.562345
v -0.418549 0.457872 0.550807
v 0.302873 0.469990 0.576633
v -0.427184 0.480822 0.550885
v -0.432835 0.475360 0.544647
v -0.424093 0.470585 0.554751
v -0.554836 0.486806 0.573658
v 0.428199 0.481534 0.551670
v -0.568305 0.545197 0.563891
v -0.572742 0.564662 0.573891
v -0.636917 0.682802 0.655932
v -0.503199 0.411192 0.559508
v -0.495375 0.455856 0.558867
v -0.501418 0.449299 0.559406
v 0.426886 0.461754 0.556975
v 0.472709 0.459904 0.556057
v 0.497382 0.456090 0.558137
v 0.474215 0.453853 0.546263
v 0.425997 0.525539 0.586587
v 0.573255 0.552323 0.572977
v -0.426141 0.542549 0.585017
v 0.493080 0.589046 0.565344
v -0.576474 0.668049 0.567716
v -0.600717 0.687195 0.574569
v -0.529116 0.381196 0.566364
v -0.105067 0.467854 0.591142
v 0.573490 0.576987 0.570136
v 0.633366 0.682396 0.634047
v 0.560767 0.686700 0.560863
v 0.499068 0.440625 0.571396
v 0.429890 0.443538 0.567976
v 0.537296 0.476174 0.560396
v -0.456679 0.463968 0.556888
v 0.555815 0.543808 0.573421
v 0.555154 0.618094 0.555178
v -0.555579 0.628046 0.566562
v 0.555580 0.681166 0.556157
v -0.559482 0.686234 0.559836
v -0.497756 0.681698 0.469893
v -0.497484 0.681843 0.593824
v -0.550053 -0.917493 0.624057
v -0.517200 0.422502 0.549823
v -0.501943 0.341271 0.578106
v 0.503332 0.454011 0.546039
v -0.427746 0.445510 0.565865
v -0.404092 0.472372 0.554799
v -0.272703 0.468530 0.589188
v -0.184595 0.468385 0.588423
v 0.428903 0.587166 0.547639
v 0.426324 0.585150 0.571968
v 0.574262 0.619288 0.550705
v 0.575558 0.640241 0.572435
v 0.637397 0.687354 0.620756
v -0.282029 0.758947 0.715156
v 0.175510 0.450251 0.588621
v 0.402975 0.450147 0.587120
v 0.346085 0.450220 0.588376
v 0.218866 0.468038 0.590797
v -0.555074 0.503968 0.616599
v -0.555551 0.549790 0.578437
v 0.554990 0.519086 0.652072
v 0.495308 0.582643 0.576886
v -0.575721 0.644163 0.574150
v -0.573969 -0.851240 0.541884
v 0.530740 0.317352 0.584112
v 0.427318 0.455048 0.581334
v 0.547021 0.417942 0.595488
v 0.554354 0.492320 0.587139
v -0.429586 0.582664 0.577432
v -0.555462 0.656730 0.577294
v -0.430969 0.447854 0.580189
v -0.497003 0.443741 0.568524
v -0.328068 0.449865 0.587865
v -0.401673 0.450858 0.590234
v -0.270402 0.450081 0.589692
v -0.189699 0.450343 0.588120
v 0.556113 0.574498 0.580614
v 0.500654 0.451893 0.582116
v -0.403495 0.468440 0.580962
v -0.497221 0.584198 0.579186
v 0.497314 0.578561 0.580892
v 0.592848 -0.884248 0.563938
v -0.516101 0.318347 0.578388
v -0.503678 0.253731 0.604165
v 0.548744 0.338756 0.614968
v -0.495579 0.335737 0.614721
v -0.547247 0.392360 0.602531
v -0.084890 0.450166 0.589063
v -0.002945 0.451637 0.589979
v 0.268058 0.450508 0.590019
v 0.401639 0.467798 0.591897
v -0.011222 0.467274 0.591385
v 0.141558 0.468392 0.588267
v 0.366822 0.466991 0.591472
v -0.547207 0.481128 0.580434
v -0.548144 0.485866 0.583662
v 0.449298 0.578981 0.579971
v -0.636859 0.728234 0.661174
v 0.522360 0.213094 0.611342
v 0.515295 0.329457 0.575117
v 0.535302 0.252084 0.604791
v -0.520382 0.224700 0.607823
v 0.093174 0.454738 0.591839
v -0.500352 0.443133 0.579930
v -0.497451 0.448688 0.581140
v -0.502944 0.479932 0.588366
v -0.496494 0.491826 0.586101
v -0.426686 0.490071 0.584675
v 0.496928 0.535588 0.587307
v -0.497578 0.539611 0.587456
v -0.555390 0.579657 0.579300
v -0.522881 -0.852918 0.695584
v -0.511426 -0.869101 0.698040
v -0.555617 -0.844100 0.675198
v -0.486187 0.302798 0.620291
v 0.494643 0.337382 0.609081
v -0.506349 0.436329 0.624362
v 0.501237 0.487558 0.586226
v -0.625790 0.748739 0.581258
v -0.614426 0.753035 0.530836
v 0.568173 -0.913371 0.645262
v 0.500956 0.324206 0.583312
v 0.505324 0.410695 0.632778
v -0.217599 0.459511 0.591923
v -0.137892 0.459356 0.592040
v -0.387938 0.467516 0.591003
v 0.506740 0.494395 0.606602
v -0.538000 0.188434 0.623115
v -0.532092 0.302806 0.589246
v -0.533445 0.434720 0.621098
v -0.508769 0.492503 0.609741
v -0.499624 0.498589 0.608967
v 0.555517 0.654470 0.579458
v -0.555698 0.682600 0.736016
v -0.555882 0.681957 0.556392
v -0.498488 0.404177 0.582566
v 0.546465 0.482122 0.580526
v 0.534115 0.430955 0.621796
v -0.356037 0.686573 0.505575
v -0.097712 0.686481 0.550579
v 0.016859 0.686496 0.482799
v -0.504315 0.394291 0.637383
v -0.535226 0.492811 0.604323
v 0.538971 0.492861 0.600893
v 0.555258 0.590861 0.563827
v -0.519454 0.497124 0.611796
v 0.607464 0.682196 0.564718
v 0.508827 -0.874137 0.707534
v -0.516751 -0.860026 0.559744
v -0.532537 -0.847934 0.560266
v 0.504997 0.217032 0.614845
v 0.538551 0.183327 0.624978
v 0.486142 0.303053 0.620406
v 0.518117 0.497611 0.612567
v -0.593454 0.686935 0.629646
v 0.583230 -0.859989 0.614395
v 0.593190 -0.880634 0.706458
v 0.555788 0.180932 0.662456
v -0.497404 0.682054 0.707650
v 0.493522 0.686291 0.567692
v -0.585231 -0.862124 0.618406
v 0.581337 -0.856452 0.719818
v -0.530904 0.323451 0.652910
v 0.517451 0.423312 0.633112
v -0.498389 0.514968 0.648250
v 0.554889 0.583957 0.707222
v -0.531575 0.380002 0.638231
v -0.518366 0.408661 0.637827
v 0.600932 0.687858 0.664515
v -0.634045 0.739615 0.531227
v -0.631508 0.743387 0.681981
v -0.499146 0.335654 0.651104
v -0.559370 0.686195 0.680189
v -0.507406 0.147342 0.635072
v -0.489856 0.134394 0.674003
v 0.377224 0.758938 0.619259
v 0.533424 0.758891 0.591136
v 0.559639 0.111351 0.684145
v 0.488712 0.180697 0.659411
v -0.488018 0.226845 0.644458
v -0.498931 0.288070 0.662316
v 0.529867 0.339891 0.650306
v 0.498133 0.517442 0.649190
v -0.492575 0.686343 0.597506
v -0.493360 0.686032 0.709156
v 0.522300 -0.853052 0.706208
v 0.562564 -0.843336 0.724538
v -0.523504 0.102290 0.644913
v -0.557409 0.156995 0.669907
v -0.549861 0.310434 0.624440
v -0.553772 0.230548 0.648057
v 0.530619 0.293199 0.665636
v 0.635864 0.736822 0.707790
v -0.581177 -0.902907 0.713578
v 0.539362 -0.844931 0.666533
v -0.519791 0.345475 0.655645
v -0.600584 0.687220 0.665426
v -0.600725 0.689073 0.615631
v 0.595147 0.686740 0.665100
v -0.525036 0.025413 0.667720
v -0.542451 0.097795 0.650324
v 0.508096 0.147810 0.634245
v 0.509609 0.034860 0.669379
v 0.534648 0.211110 0.687312
v 0.499642 0.333796 0.652713
v -0.545197 0.031099 0.669152
v -0.509236 0.052647 0.664164
v -0.501509 0.227445 0.679442
v -0.554783 0.555118 0.684114
v -0.593732 -0.881250 0.707059
v -0.582116 -0.857310 0.718828
v 0.552931 0.245926 0.643011
v -0.555088 0.518539 0.650584
v 0.497762 0.682268 0.708579
v 0.633254 0.682422 0.723271
v 0.583634 -0.900060 0.667503
v 0.525972 0.061990 0.656894
v 0.542901 0.086804 0.653442
v 0.522266 -0.908551 0.631274
v 0.525654 -0.908998 0.718578
v 0.507646 -0.886730 0.614322
v -0.570470 -0.848713 0.702116
v -0.539513 0.145348 0.702187
v 0.516484 0.239877 0.689534
v 0.493420 0.686364 0.732263
v 0.547558 -0.007902 0.681338
v 0.529172 -0.087727 0.700076
v 0.490930 0.066147 0.695241
v 0.500364 0.267726 0.669031
v -0.485565 0.299760 0.686396
v 0.494391 0.356040 0.681605
v 0.485926 0.382098 0.679852
v -0.496069 0.429563 0.686702
v -0.495039 0.355786 0.681416
v -0.487110 0.415902 0.681527
v 0.600798 0.687955 0.719392
v -0.534706 -0.914063 0.645137
v -0.523602 -0.907356 0.713669
v 0.512936 -0.086285 0.705131
v -0.558208 0.025129 0.698449
v 0.564556 0.031619 0.707353
v 0.508235 0.110523 0.713075
v 0.508336 0.139798 0.708007
v 0.509026 0.174598 0.703016
v -0.508705 0.207281 0.693925
v -0.525914 0.234325 0.693209
v 0.523980 0.248481 0.684879
v -0.520041 0.309254 0.666500
v -0.531457 0.246513 0.680281
v 0.519627 0.317743 0.664134
v 0.534099 0.300255 0.687383
v -0.477631 0.318839 0.688510
v -0.476968 0.345029 0.689639
v 0.195896 0.322295 0.687630
v 0.543512 0.278882 0.692408
v -0.351311 0.319366 0.687650
v -0.096713 0.323393 0.687409
v -0.106071 0.365424 0.685028
v -0.016025 0.320313 0.687877
v 0.013786 0.396358 0.684478
v 0.078786 0.325098 0.687090
v -0.179206 0.326688 0.687071
v 0.534164 0.372217 0.684420
v 0.484516 0.336402 0.682040
v 0.478162 0.384512 0.685360
v -0.470958 0.339983 0.686422
v 0.399852 0.389852 0.684613
v 0.477713 0.339363 0.686768
v -0.139281 0.401496 0.685744
v 0.166027 0.381147 0.684331
v 0.091585 0.402173 0.685773
v -0.060279 0.404001 0.686364
v 0.295715 0.394410 0.684475
v -0.321392 0.405978 0.687214
v 0.472488 0.410583 0.688746
v -0.484965 0.371660 0.679987
v -0.325315 0.385233 0.684319
v 0.245070 0.406179 0.686607
v -0.184434 0.410454 0.689583
v -0.377459 0.409740 0.688753
v 0.299600 0.412192 0.692949
v 0.350620 0.405444 0.686846
v -0.474719 0.412892 0.692259
v -0.469330 0.403257 0.685183
v -0.440246 0.406902 0.685659
v 0.107579 0.430696 0.684296
v 0.216146 0.422871 0.696841
v -0.203455 0.424823 0.685952
v -0.292258 0.424631 0.686223
v 0.111077 0.423542 0.687390
v 0.192895 0.427186 0.683926
v -0.234253 0.430435 0.684106
v -0.141925 0.426167 0.683475
v -0.481977 0.442768 0.688497
v -0.469878 0.427148 0.683034
v -0.423704 0.459856 0.691392
v -0.432367 0.425381 0.684927
v 0.474980 0.426361 0.684933
v 0.484573 0.420752 0.684137
v 0.531054 0.420340 0.687516
v -0.321441 0.431697 0.684516
v -0.389228 0.425642 0.684571
v -0.235610 0.479720 0.696657
v -0.078236 0.425857 0.683788
v -0.020307 0.478481 0.696338
v 0.005622 0.426475 0.684264
v 0.420518 0.488467 0.699100
v 0.315099 0.501640 0.702679
v 0.624146 0.749265 0.798259
v 0.616936 0.752746 0.724646
v -0.513788 -0.895869 0.722765
v -0.493073 -0.033624 0.726239
v 0.532779 0.193000 0.698443
v -0.529073 0.215571 0.696956
v -0.531879 0.195507 0.697570
v -0.514300 0.243018 0.693095
v -0.492273 0.245201 0.693690
v -0.522906 0.316863 0.684832
v -0.440018 0.308471 0.692978
v -0.245059 0.315968 0.688372
v -0.159979 0.308613 0.692378
v 0.047535 0.309054 0.692254
v 0.109229 0.306668 0.695517
v 0.170265 0.308573 0.692526
v 0.210320 0.307636 0.694268
v 0.263536 0.307415 0.693479
v 0.289321 0.327259 0.686913
v 0.388487 0.306791 0.695109
v 0.444968 0.308464 0.692732
v 0.416102 0.322447 0.686952
v 0.479351 0.310653 0.690787
v -0.310013 0.308441 0.692311
v -0.110935 0.309001 0.691926
v -0.054870 0.308848 0.692122
v 0.315191 0.308590 0.692251
v 0.353573 0.316159 0.688630
v -0.476816 0.399731 0.688831
v -0.222725 0.410700 0.692118
v -0.231107 0.400180 0.685263
v 0.020148 0.411815 0.693091
v 0.100413 0.411666 0.692734
v 0.474012 0.418084 0.700014
v 0.416913 0.426102 0.684050
v -0.474408 0.479107 0.697716
v -0.321969 0.497020 0.701479
v -0.160791 0.430987 0.684382
v -0.153595 0.484961 0.697992
v 0.279288 0.425675 0.683480
v 0.181409 0.480102 0.696828
v 0.554895 0.539842 0.670655
v 0.497875 0.557908 0.686061
v -0.601105 0.687431 0.753783
v 0.556188 -0.915407 0.712875
v 0.547173 -0.917197 0.659822
v 0.584277 -0.897196 0.716692
v 0.507162 0.193579 0.699487
v 0.509414 0.213215 0.693721
v -0.512382 0.229017 0.693662
v 0.524342 0.237613 0.691640
v -0.521831 0.245530 0.686537
v 0.524288 0.253407 0.693191
v -0.538018 0.248255 0.695526
v 0.482819 0.240139 0.700972
v 0.476784 0.292826 0.693241
v 0.485813 0.299046 0.686572
v -0.482792 0.247191 0.699265
v -0.481234 0.292430 0.692693
v -0.410346 0.292671 0.691617
v -0.354591 0.293204 0.693242
v -0.288118 0.291783 0.692615
v -0.117053 0.276707 0.694214
v -0.019569 0.233484 0.701352
v -0.087961 0.293396 0.694509
v 0.152111 0.288649 0.692766
v 0.385605 0.210440 0.705489
v 0.416568 0.292691 0.695179
v 0.481167 0.293363 0.693031
v 0.090204 0.293800 0.697689
v 0.380842 0.290003 0.692981
v -0.018242 0.293733 0.696733
v -0.023878 0.288474 0.692641
v 0.047914 0.290986 0.692427
v 0.005480 0.308072 0.693764
v -0.126070 0.411137 0.695284
v -0.065376 0.412381 0.694982
v -0.264459 0.422752 0.706969
v -0.007502 0.422965 0.696907
v 0.536316 0.403289 0.692090
v 0.070264 0.501778 0.702852
v -0.532713 0.451087 0.692549
v -0.528361 0.495239 0.699408
v -0.480995 0.493409 0.697821
v 0.528734 0.476726 0.696297
v -0.498257 0.601524 0.723825
v -0.498211 0.572071 0.698040
v -0.607292 0.682478 0.759793
v 0.559409 0.686506 0.645072
v 0.559418 0.686605 0.788284
v 0.200513 0.758843 0.713967
v 0.331562 0.758851 0.772993
v -0.532178 -0.086072 0.699524
v -0.546300 -0.028207 0.684067
v -0.511470 -0.029675 0.688533
v 0.549948 -0.087539 0.704209
v -0.554707 -0.102425 0.711717
v -0.566505 0.028386 0.707323
v -0.501495 0.203123 0.700125
v 0.498727 0.212505 0.698386
v -0.542986 0.200261 0.704114
v 0.532287 0.219592 0.696431
v 0.534770 0.240091 0.695738
v 0.064391 0.187887 0.709797
v 0.080109 0.286814 0.692821
v 0.125277 0.240160 0.700031
v 0.215661 0.289966 0.692524
v 0.277549 0.210286 0.705439
v -0.200778 0.293061 0.692424
v -0.302317 0.239273 0.700340
v -0.472230 0.294991 0.707848
v 0.192351 0.293936 0.699930
v 0.299923 0.288859 0.692853
v 0.331901 0.293689 0.696274
v -0.479655 0.308589 0.691988
v -0.479647 0.304035 0.704782
v 0.477276 0.304442 0.700679
v -0.207989 0.308454 0.693491
v -0.264778 0.307479 0.698083
v 0.538853 0.346951 0.685603
v -0.212016 0.407918 0.696330
v 0.061640 0.398138 0.697440
v 0.122804 0.400072 0.698054
v 0.476295 0.476534 0.696489
v 0.478820 0.451286 0.690462
v 0.518516 0.588525 0.714733
v 0.498105 0.604598 0.725559
v 0.575389 -0.908024 0.713292
v 0.514176 -0.895365 0.719150
v 0.542692 -0.840158 0.725901
v -0.512950 -0.108839 0.713464
v 0.492552 -0.011417 0.719790
v -0.560080 -0.046534 0.717498
v -0.491807 0.056893 0.697739
v -0.514840 0.093109 0.727032
v 0.537179 0.160122 0.706089
v -0.537432 0.158373 0.707551
v -0.535788 0.173219 0.704651
v -0.506986 0.175613 0.700581
v 0.539101 0.191634 0.703616
v 0.487657 0.184944 0.711109
v -0.542255 0.302204 0.689316
v -0.380476 0.307780 0.693406
v -0.343982 0.308573 0.698356
v -0.438998 0.309215 0.699293
v -0.143633 0.309363 0.699371
v -0.045692 0.309365 0.699573
v 0.447710 0.309183 0.699538
v -0.473507 0.408427 0.697298
v -0.410353 0.410282 0.696608
v 0.143853 0.407084 0.696681
v 0.160156 0.408961 0.689534
v 0.224204 0.412341 0.695006
v -0.334212 0.406316 0.697069
v 0.394726 0.405876 0.697077
v -0.532253 0.503891 0.705229
v -0.180939 0.574698 0.726073
v -0.448341 0.551294 0.718381
v 0.601225 0.687301 0.778646
v -0.636819 0.682672 0.766743
v 0.505783 -0.874362 0.751436
v -0.545402 -0.150457 0.724431
v 0.559633 -0.062645 0.719919
v 0.504989 0.158011 0.709452
v -0.551918 0.157103 0.714168
v -0.489787 0.175136 0.712550
v -0.414370 0.181732 0.711020
v -0.114235 0.151164 0.717172
v 0.060972 0.309470 0.699570
v -0.219638 0.309988 0.699557
v -0.176763 0.369091 0.697766
v 0.179314 0.309604 0.699530
v 0.215881 0.364411 0.697799
v 0.298057 0.310096 0.699463
v 0.386374 0.313725 0.699501
v -0.098918 0.361415 0.698053
v 0.178000 0.373914 0.697617
v 0.120569 0.368431 0.698021
v 0.000184 0.374109 0.697786
v 0.241662 0.374498 0.698240
v 0.319926 0.380581 0.700136
v -0.475643 0.310116 0.699240
v -0.477510 0.416586 0.701980
v 0.139216 0.368222 0.697982
v 0.475805 0.383359 0.698353
v 0.048772 0.379589 0.700295
v 0.089792 0.369210 0.697764
v 0.068178 0.375457 0.699084
v 0.113366 0.383793 0.701194
v 0.204550 0.378837 0.701133
v -0.276216 0.371061 0.697687
v -0.137357 0.368106 0.697699
v -0.171639 0.378802 0.701114
v -0.128170 0.379920 0.700168
v -0.113398 0.378594 0.701881
v 0.033948 0.383388 0.702118
v 0.176948 0.381700 0.701997
v 0.161107 0.378503 0.698700
v -0.157664 0.382907 0.701405
v -0.082102 0.379016 0.706800
v -0.096882 0.379956 0.702347
v 0.016916 0.379863 0.701216
v 0.098607 0.381777 0.703222
v 0.157873 0.379064 0.706306
v 0.335950 0.380020 0.702493
v 0.063923 0.378781 0.707376
v 0.083475 0.375528 0.712938
v 0.129624 0.383759 0.703017
v 0.145739 0.382533 0.701299
v 0.235121 0.375781 0.703060
v 0.224911 0.383327 0.701646
v 0.357041 0.375145 0.712169
v -0.144279 0.379931 0.705101
v -0.065516 0.377783 0.698064
v -0.060794 0.375503 0.710575
v 0.114713 0.366210 0.718842
v 0.188937 0.379221 0.700776
v 0.302560 0.376613 0.697560
v 0.344566 0.387353 0.698165
v -0.183309 0.377293 0.701024
v -0.173739 0.392689 0.697529
v -0.177965 0.385305 0.707660
v 0.019528 0.395811 0.697489
v 0.229287 0.386712 0.702401
v 0.016859 0.385792 0.706312
v 0.305237 0.375849 0.710199
v 0.318100 0.385860 0.702570
v 0.345699 0.368319 0.697955
v 0.468006 0.410954 0.697051
v 0.069816 0.383457 0.706462
v 0.086496 0.392875 0.702898
v 0.163522 0.384430 0.705783
v 0.168140 0.391341 0.698440
v 0.135649 0.385016 0.701669
v 0.319108 0.393954 0.697608
v -0.127678 0.386373 0.702376
v -0.151603 0.386388 0.705943
v -0.079087 0.395874 0.699269
v -0.080300 0.392046 0.707953
v 0.044418 0.384188 0.703677
v 0.053522 0.393427 0.708110
v 0.125375 0.394144 0.707599
v 0.108949 0.393743 0.706354
v 0.195871 0.394299 0.701463
v 0.209055 0.383997 0.702610
v 0.252416 0.409006 0.696577
v -0.111093 0.399135 0.698107
v -0.104832 0.394453 0.704725
v 0.176938 0.393807 0.703909
v 0.315997 0.410785 0.694949
v 0.404637 0.412196 0.690519
v 0.047551 0.423234 0.728430
v -0.537981 0.372876 0.685453
v 0.379515 0.579079 0.727480
v 0.470908 0.532137 0.712996
v 0.481233 0.541818 0.708490
v -0.477043 0.528399 0.708199
v 0.540237 -0.916111 0.718629
v 0.515950 0.078485 0.730403
v -0.509661 0.124935 0.717231
v -0.508121 0.148415 0.709126
v -0.547468 0.234917 0.701328
v -0.256237 0.380273 0.698346
v -0.263881 0.375525 0.703736
v -0.154827 0.371833 0.714173
v -0.116060 0.370605 0.716413
v 0.093536 0.365268 0.721305
v 0.150492 0.365979 0.720785
v 0.235002 0.366340 0.719559
v 0.320267 0.362715 0.725558
v -0.178652 0.368861 0.719436
v -0.262706 0.384632 0.708398
v 0.351150 0.387251 0.719694
v -0.164254 0.406806 0.730059
v 0.140899 0.406334 0.729632
v 0.332292 0.385953 0.706832
v -0.474773 0.421295 0.728358
v 0.533111 0.468761 0.698273
v 0.537246 0.378724 0.740040
v -0.533293 0.462452 0.747998
v 0.152580 0.577269 0.726828
v 0.223089 0.570863 0.724817
v -0.060772 0.589000 0.731347
v -0.471244 0.559296 0.720203
v 0.502723 0.580913 0.717972
v -0.562814 -0.914100 0.717173
v 0.546333 -0.164065 0.728088
v 0.565949 -0.131273 0.726715
v -0.518770 -0.140083 0.726413
v -0.544496 0.045825 0.727884
v 0.539524 0.135830 0.705866
v 0.538964 0.118020 0.720954
v -0.538651 0.122265 0.710647
v -0.541461 0.135103 0.716595
v 0.538662 0.138555 0.713652
v 0.495546 0.144677 0.717993
v 0.434959 0.127741 0.722460
v -0.036269 0.296900 0.736744
v 0.480957 0.297744 0.731376
v 0.478680 0.353674 0.726411
v -0.255616 0.351052 0.732810
v -0.163404 0.365841 0.720365
v -0.140216 0.364887 0.720973
v -0.098028 0.362004 0.724649
v 0.025427 0.361441 0.725868
v 0.218217 0.363169 0.724104
v -0.276474 0.392517 0.722047
v 0.229789 0.394485 0.717814
v 0.013619 0.410950 0.731802
v -0.081992 0.414477 0.728143
v 0.004456 0.559660 0.720966
v 0.530082 0.537537 0.709450
v -0.506276 0.580267 0.714930
v -0.504128 0.576835 0.717366
v 0.555185 0.630079 0.746942
v 0.564705 -0.918533 0.719048
v -0.592912 -0.941329 0.722265
v 0.586096 -0.904200 0.719083
v 0.493488 -0.069056 0.736907
v -0.518453 0.040292 0.743686
v -0.560939 0.094152 0.689200
v 0.508749 0.122903 0.718749
v -0.488564 0.131225 0.721800
v 0.554184 0.116948 0.727465
v 0.551518 0.162080 0.713650
v -0.405947 0.133676 0.721416
v 0.110189 0.134490 0.720909
v -0.016640 0.137747 0.720077
v -0.331216 0.128133 0.722884
v 0.279842 0.128327 0.722586
v -0.552083 0.170023 0.733648
v 0.545932 0.254847 0.751520
v 0.195673 0.296790 0.737422
v -0.256773 0.371322 0.720002
v -0.127875 0.354238 0.731324
v 0.044458 0.371299 0.715465
v -0.210251 0.364658 0.721193
v 0.474717 0.415940 0.727503
v -0.131464 0.408403 0.730306
v 0.027035 0.412120 0.733067
v 0.063933 0.416862 0.735836
v 0.168755 0.415979 0.732551
v 0.206855 0.407584 0.729235
v 0.079577 0.414091 0.732229
v 0.188927 0.417861 0.730929
v -0.246570 0.423237 0.732792
v 0.468627 0.422670 0.702505
v 0.451967 0.423952 0.728876
v 0.348583 0.422867 0.700956
v -0.529772 0.592229 0.728626
v -0.315250 0.587767 0.730889
v -0.526841 0.540167 0.710064
v -0.476533 0.614602 0.733547
v -0.533790 -0.915455 0.718224
v -0.505139 -0.940603 0.723899
v 0.503637 -0.939926 0.722953
v 0.592239 -0.941334 0.722703
v 0.549127 -0.941709 0.721510
v -0.505347 -0.905686 0.723151
v 0.505612 -0.904289 0.726430
v -0.588019 -0.897258 0.730831
v 0.520896 -0.171941 0.733576
v -0.573383 -0.086819 0.742594
v -0.568903 -0.025073 0.723113
v 0.544469 0.024866 0.735793
v 0.542065 0.073469 0.722716
v -0.537990 0.103825 0.725818
v -0.489324 0.127382 0.726618
v -0.554128 0.117886 0.727745
v -0.424994 0.128471 0.724813
v -0.387782 0.128354 0.726022
v 0.486792 0.127587 0.724682
v 0.120613 0.127929 0.725613
v -0.274407 0.171626 0.713046
v 0.191457 0.127915 0.724149
v -0.544925 0.263966 0.750383
v -0.482047 0.298069 0.733961
v 0.019158 0.296336 0.736994
v 0.122979 0.297089 0.736875
v 0.000520 0.375313 0.711044
v 0.061787 0.357934 0.728218
v 0.190868 0.351872 0.732436
v 0.244639 0.354223 0.730706
v 0.248455 0.372229 0.713872
v 0.255941 0.353226 0.732625
v 0.077754 0.379155 0.700320
v 0.216954 0.376004 0.704624
v 0.198900 0.366423 0.720213
v 0.270805 0.360984 0.725164
v -0.221130 0.367465 0.731253
v -0.032291 0.359810 0.727026
v -0.048438 0.386334 0.731733
v -0.263188 0.411872 0.732166
v 0.051412 0.417005 0.731513
v 0.205350 0.421782 0.731579
v -0.536469 0.387970 0.742614
v -0.473694 0.422999 0.698920
v -0.128310 0.423048 0.730160
v -0.115210 0.423047 0.697346
v -0.097674 0.419320 0.730803
v -0.119329 0.419958 0.730073
v 0.082086 0.422726 0.725362
v 0.172250 0.423126 0.722317
v 0.469113 0.582880 0.729400
v -0.524106 0.588871 0.715009
v -0.521664 0.582238 0.721462
v 0.476239 0.604017 0.729309
v 0.529956 0.596758 0.721717
v -0.618584 0.752402 0.779700
v 0.533148 0.758955 0.740025
v 0.591915 -0.905260 0.731311
v 0.584350 -0.895696 0.735256
v -0.569132 -0.186058 0.742757
v 0.495631 0.112914 0.728579
v -0.227100 0.127933 0.728760
v -0.238939 0.131535 0.721727
v -0.113752 0.130607 0.722216
v -0.094964 0.128214 0.728142
v -0.031417 0.129418 0.723204
v -0.320320 0.296999 0.737150
v -0.104692 0.347475 0.733766
v 0.206102 0.348042 0.733835
v 0.275030 0.347997 0.733341
v 0.097519 0.353382 0.732641
v -0.240481 0.370778 0.717864
v -0.284088 0.352425 0.733606
v -0.268842 0.372108 0.732351
v 0.283249 0.377469 0.731566
v -0.282131 0.404892 0.732413
v 0.317260 0.412325 0.732833
v 0.341068 0.416947 0.733517
v -0.459927 0.423452 0.730904
v -0.070740 0.423450 0.728794
v 0.014890 0.423487 0.729950
v 0.137691 0.422953 0.730414
v 0.349714 0.423569 0.728784
v -0.531876 0.491982 0.755732
v -0.468793 0.598762 0.734816
v 0.530429 0.611193 0.734993
v 0.634679 0.738653 0.813817
v 0.637702 0.689677 0.735841
v -0.615714 0.752655 0.658006
v 0.514779 -0.895103 0.739502
v 0.593567 -0.866874 0.774897
v -0.549085 -0.834801 0.752202
v -0.507731 -0.011780 0.738694
v -0.538754 0.053802 0.738442
v 0.542228 0.103399 0.733290
v 0.022146 0.129251 0.723621
v -0.006107 0.127836 0.728734
v 0.247834 0.129298 0.754198
v 0.556093 0.125087 0.757785
v 0.399046 0.296320 0.737307
v -0.478314 0.371054 0.726169
v 0.112754 0.349709 0.733722
v -0.080283 0.349415 0.733602
v 0.042937 0.346172 0.734260
v 0.077187 0.348557 0.733694
v 0.233417 0.347711 0.732459
v 0.224850 0.354036 0.732471
v -0.151810 0.346612 0.734279
v 0.010790 0.350570 0.733125
v 0.333919 0.350226 0.732768
v 0.351424 0.363329 0.722561
v 0.371270 0.354038 0.730816
v -0.065750 0.357121 0.728824
v 0.169426 0.353553 0.732093
v 0.173191 0.374649 0.711960
v -0.283784 0.385152 0.731936
v 0.235839 0.409377 0.733001
v 0.266569 0.375053 0.732252
v -0.170691 0.421941 0.732223
v -0.072151 0.418373 0.733752
v -0.268143 0.422633 0.731083
v 0.106070 0.417961 0.730141
v 0.107117 0.422688 0.724569
v 0.124811 0.416925 0.729122
v 0.235155 0.422863 0.731957
v 0.137970 0.643213 0.752185
v 0.410566 0.646193 0.753560
v 0.529721 0.577637 0.721308
v -0.555108 0.614183 0.732060
v -0.530890 0.613445 0.735916
v -0.497496 0.627598 0.736044
v -0.539170 -0.231557 0.748028
v 0.535916 -0.220953 0.745808
v 0.495714 -0.117374 0.750402
v -0.503703 0.105847 0.728298
v -0.529307 0.095729 0.734623
v -0.393275 0.128998 0.744185
v 0.065203 0.131165 0.772229
v 0.484561 0.130587 0.771643
v -0.440484 0.299815 0.740814
v -0.411419 0.296232 0.737289
v -0.269717 0.296616 0.736572
v -0.171778 0.296516 0.737295
v 0.072250 0.296789 0.737367
v -0.464269 0.361240 0.733448
v -0.469528 0.307839 0.739216
v 0.060680 0.302207 0.740044
v 0.136089 0.353562 0.732798
v 0.181079 0.301767 0.740201
v -0.207102 0.348526 0.733640
v -0.175895 0.349974 0.732971
v -0.053739 0.344561 0.734002
v 0.299463 0.352150 0.732570
v 0.355794 0.349495 0.733698
v 0.390327 0.352502 0.733699
v -0.388326 0.396097 0.732138
v -0.417074 0.319078 0.737450
v -0.321380 0.301803 0.739879
v 0.134636 0.371051 0.715088
v 0.355802 0.378485 0.731612
v 0.489209 0.382466 0.740367
v -0.457858 0.419709 0.732825
v 0.358776 0.398633 0.732056
v 0.460518 0.399807 0.732704
v -0.359977 0.419582 0.733573
v 0.316936 0.422312 0.731699
v -0.443809 0.423636 0.728854
v 0.447811 0.419601 0.733485
v -0.502684 -0.941032 0.779508
v -0.583682 -0.891349 0.761752
v -0.593402 -0.871712 0.758834
v 0.575344 -0.098885 0.748866
v 0.569898 -0.032297 0.725218
v 0.549931 -0.032968 0.747794
v -0.554802 -0.039715 0.747009
v -0.546240 -0.011619 0.746731
v 0.530486 0.092236 0.729858
v 0.519418 0.096188 0.733480
v 0.345814 0.296647 0.737330
v 0.374754 0.300175 0.740405
v -0.168429 0.312410 0.738512
v -0.276526 0.302188 0.739842
v -0.077879 0.308286 0.739231
v -0.118906 0.302097 0.740937
v 0.119452 0.302053 0.740499
v 0.393764 0.301818 0.740387
v 0.466368 0.350218 0.734121
v 0.457736 0.302571 0.737956
v 0.474662 0.311493 0.750644
v 0.257027 0.300060 0.740079
v 0.448543 0.297889 0.740486
v -0.379238 0.302029 0.739983
v -0.026571 0.302265 0.739878
v -0.013069 0.348587 0.733323
v -0.496625 0.340182 0.744734
v -0.488900 0.396361 0.741249
v -0.474475 0.441960 0.732477
v 0.459313 0.419928 0.733290
v 0.467576 0.425162 0.728174
v 0.306719 0.645301 0.753867
v -0.281788 0.630962 0.747740
v 0.497358 0.630182 0.736938
v 0.496749 0.656317 0.746323
v -0.497102 0.667824 0.753665
v 0.555409 0.682446 0.642362
v 0.555296 0.683430 0.784971
v -0.592913 0.754208 0.843539
v 0.517943 -0.843409 0.775759
v -0.568299 -0.832603 0.777801
v 0.572156 -0.208368 0.751916
v 0.555670 -0.275644 0.763065
v -0.582968 -0.146390 0.758956
v -0.495348 -0.110575 0.748779
v 0.540791 0.019036 0.748339
v 0.538595 0.094298 0.724063
v 0.548431 0.216954 0.702908
v 0.551641 0.178662 0.767174
v -0.461312 0.297034 0.735435
v 0.444559 0.292194 0.741751
v 0.471287 0.296114 0.736182
v 0.486701 0.269869 0.738214
v -0.449581 0.296143 0.746556
v -0.199364 0.300128 0.740484
v -0.110355 0.296645 0.737395
v -0.160440 0.302255 0.741406
v -0.067250 0.302171 0.741278
v 0.325850 0.302092 0.740413
v 0.261126 0.296196 0.735002
v 0.496524 0.320631 0.744374
v -0.539278 0.332758 0.743089
v -0.459115 0.413945 0.745495
v -0.449163 0.440795 0.737810
v 0.445033 0.435069 0.748209
v 0.455711 0.432940 0.733178
v 0.446426 0.440061 0.738531
v -0.096638 0.641039 0.751947
v -0.188373 0.636695 0.749862
v -0.498774 0.680894 0.784725
v 0.608453 0.682400 0.684657
v 0.607458 0.682463 0.795093
v 0.505592 -0.900740 0.763647
v -0.505779 -0.900741 0.764258
v -0.507147 -0.882409 0.715018
v -0.516073 -0.893312 0.759331
v 0.519888 -0.237156 0.755225
v -0.501107 -0.186873 0.769782
v -0.541737 0.009412 0.750163
v -0.521643 -0.030027 0.763609
v -0.205950 0.131534 0.774213
v 0.472997 0.271037 0.744972
v -0.470985 0.286655 0.740462
v -0.472139 0.306110 0.751688
v -0.443711 0.434520 0.748409
v -0.481079 0.460129 0.743560
v -0.276007 0.433618 0.747932
v -0.000951 0.433513 0.748065
v -0.081441 0.439992 0.738841
v 0.278924 0.433906 0.747766
v 0.321046 0.440448 0.738816
v -0.356664 0.447285 0.739564
v -0.447477 0.451068 0.739177
v -0.345545 0.440077 0.739002
v -0.208566 0.447471 0.739546
v -0.217561 0.440277 0.738913
v -0.049881 0.447513 0.739824
v -0.116900 0.440442 0.738844
v 0.033670 0.450600 0.741284
v 0.015140 0.440211 0.738884
v 0.237077 0.440110 0.739274
v 0.154728 0.447315 0.739485
v 0.100259 0.440278 0.738723
v 0.264933 0.447104 0.739747
v 0.457398 0.450677 0.739175
v -0.469260 0.455227 0.739741
v 0.529571 0.557358 0.769981
v 0.204327 0.645549 0.754279
v -0.470766 0.645329 0.754014
v -0.353625 0.644380 0.753767
v -0.477373 0.660607 0.752589
v 0.497683 0.670891 0.763393
v -0.276552 0.686558 0.677771
v 0.589180 -0.941816 0.778279
v -0.519926 -0.849762 0.741397
v -0.585450 -0.207658 0.772397
v -0.501763 -0.104752 0.764466
v -0.545777 0.106255 0.788846
v -0.487255 0.127663 0.747602
v -0.456039 0.132121 0.778916
v -0.028744 0.132294 0.778923
v 0.385470 0.131673 0.775838
v -0.548655 0.210849 0.760915
v -0.479066 0.250154 0.744076
v 0.484598 0.230364 0.744233
v 0.467086 0.287969 0.753092
v -0.487956 0.248577 0.740759
v 0.451964 0.299254 0.746414
v 0.501180 0.250408 0.752306
v 0.532111 0.357797 0.744564
v 0.506261 0.397251 0.747823
v 0.533427 0.454115 0.746302
v -0.185103 0.434207 0.747979
v -0.091182 0.434793 0.748088
v 0.082085 0.434099 0.747863
v 0.224927 0.434566 0.748211
v 0.337012 0.434045 0.748036
v 0.395269 0.433726 0.748128
v -0.354542 0.452989 0.742679
v -0.048776 0.452612 0.742800
v -0.203499 0.452532 0.742385
v 0.372865 0.451766 0.741255
v 0.219832 0.453256 0.743011
v -0.189590 0.460721 0.753212
v 0.022460 0.461424 0.753499
v 0.462932 0.461312 0.753299
v 0.473319 0.451401 0.735234
v 0.470263 0.481190 0.744323
v 0.480613 0.462896 0.742912
v -0.480287 0.499469 0.751658
v -0.261253 0.645766 0.756036
v -0.441130 0.758736 0.621191
v 0.591661 -0.896039 0.778722
v -0.570889 -0.292050 0.774996
v 0.583888 -0.154667 0.761351
v -0.570816 -0.111594 0.775628
v 0.520927 -0.003011 0.756073
v -0.517137 0.099217 0.789338
v -0.496521 0.111797 0.785400
v 0.490951 0.120206 0.764495
v -0.322409 0.131994 0.777415
v -0.061068 0.132696 0.780732
v -0.100210 0.132201 0.778070
v 0.213332 0.132337 0.780677
v 0.300940 0.131584 0.775638
v 0.490269 0.205785 0.749617
v -0.487151 0.215138 0.747344
v -0.503900 0.219599 0.757647
v -0.415032 0.299308 0.744063
v -0.371076 0.289314 0.753403
v -0.352749 0.299069 0.745492
v -0.312585 0.287984 0.753470
v -0.299452 0.299278 0.745146
v -0.270976 0.299320 0.744801
v -0.217024 0.288372 0.752785
v -0.093306 0.288644 0.753428
v -0.075917 0.299092 0.745118
v -0.144096 0.299172 0.745667
v -0.030828 0.299140 0.744750
v 0.028301 0.299462 0.745098
v 0.089644 0.299350 0.745324
v 0.107549 0.298571 0.746586
v 0.099535 0.287839 0.753459
v 0.156794 0.298779 0.746227
v 0.168259 0.289037 0.753465
v 0.177476 0.298518 0.748363
v 0.192368 0.298897 0.745175
v 0.249786 0.299075 0.745496
v 0.314831 0.299147 0.746049
v 0.314844 0.287977 0.753471
v 0.401793 0.298817 0.745921
v 0.386589 0.298828 0.745910
v -0.411603 0.306381 0.751736
v -0.337795 0.306428 0.751502
v -0.275562 0.305533 0.751528
v -0.019570 0.305407 0.752264
v 0.039071 0.305244 0.751895
v 0.173327 0.305736 0.751204
v 0.215164 0.305667 0.751620
v 0.259980 0.304894 0.751993
v 0.302695 0.306339 0.751257
v 0.315235 0.305810 0.751627
v 0.387086 0.305371 0.751904
v -0.522610 0.278490 0.754974
v -0.509253 0.381466 0.746499
v 0.516416 0.328974 0.749128
v -0.238511 0.351627 0.746845
v 0.196516 0.376308 0.745719
v -0.013605 0.396086 0.745206
v 0.467456 0.341007 0.747838
v 0.459862 0.386657 0.745436
v -0.269686 0.401859 0.745238
v 0.101266 0.409385 0.745644
v -0.128901 0.410710 0.745798
v -0.466526 0.354950 0.746533
v 0.458479 0.417715 0.745457
v 0.320575 0.409036 0.745537
v -0.329716 0.434760 0.748117
v 0.497148 0.445888 0.751549
v 0.097129 0.451204 0.741204
v 0.194539 0.461012 0.753358
v 0.365122 0.460964 0.753512
v -0.331033 0.461441 0.753528
v -0.460114 0.461608 0.753408
v -0.252834 0.461159 0.753210
v -0.529213 0.559309 0.771213
v -0.529991 0.640135 0.758030
v -0.023778 0.645919 0.756609
v 0.021166 0.634800 0.749086
v -0.205811 0.645840 0.756886
v -0.151026 0.645836 0.755929
v 0.475854 0.646735 0.746623
v 0.479527 0.663204 0.758388
v -0.538023 0.758793 0.815955
v -0.137252 0.758780 0.804204
v 0.583525 -0.889881 0.767872
v -0.583322 -0.842743 0.785100
v 0.572620 -0.313031 0.782008
v 0.503237 -0.095718 0.760996
v 0.515655 -0.042759 0.758462
v -0.556183 -0.074751 0.771162
v -0.542427 -0.044046 0.767354
v 0.142456 0.131343 0.773715
v -0.555456 0.126286 0.778608
v -0.491245 0.198304 0.751849
v -0.468179 0.288413 0.752881
v 0.393244 0.288012 0.753516
v -0.007682 0.288377 0.753594
v 0.293550 0.298841 0.744833
v 0.240561 0.288373 0.753488
v 0.541340 0.320631 0.743005
v -0.224762 0.299339 0.745444
v -0.247618 0.305034 0.751958
v -0.075599 0.305806 0.751874
v -0.147740 0.305811 0.751844
v 0.438853 0.306078 0.751803
v 0.538967 0.254619 0.755980
v 0.096265 0.305695 0.751971
v -0.121578 0.358039 0.746312
v -0.198612 0.305754 0.751756
v 0.015134 0.356400 0.746473
v 0.195680 0.335009 0.748465
v 0.305430 0.357110 0.746566
v 0.118024 0.462393 0.754033
v 0.465420 0.496600 0.761325
v 0.483415 0.501692 0.754010
v 0.522881 0.460269 0.752742
v 0.469568 0.504967 0.751437
v 0.531847 0.498611 0.754835
v -0.554794 0.665228 0.770979
v -0.092560 0.645768 0.760225
v 0.496931 0.683433 0.779247
v 0.635948 0.682825 0.843880
v -0.592196 -0.897840 0.770802
v 0.500021 -0.210020 0.778998
v 0.544894 -0.046421 0.767190
v 0.513820 0.097989 0.788648
v 0.491673 0.183010 0.754674
v 0.483388 0.189699 0.766757
v 0.498935 0.179176 0.760531
v -0.148457 0.235927 0.758096
v 0.059220 0.235214 0.758016
v 0.477277 0.234521 0.758444
v -0.345098 0.239233 0.757640
v -0.476794 0.241117 0.757418
v 0.221485 0.234949 0.758176
v 0.513768 0.232751 0.760560
v -0.327455 0.528271 0.769459
v 0.304625 0.530844 0.769952
v -0.469959 0.508303 0.752540
v -0.476852 0.541324 0.760947
v 0.474673 0.536226 0.758632
v -0.527676 0.655314 0.768533
v -0.353727 0.645948 0.782030
v 0.469954 0.644157 0.753115
v 0.539553 -0.360513 0.785225
v 0.546440 0.105784 0.787116
v -0.361587 0.132660 0.778575
v -0.412397 0.132990 0.780524
v -0.495676 0.164373 0.762202
v 0.496520 0.160841 0.764369
v -0.521780 0.200206 0.768331
v -0.505812 0.470774 0.756602
v 0.070509 0.531128 0.770258
v 0.493649 0.542503 0.770725
v 0.514114 0.534647 0.769623
v -0.465265 0.496331 0.761216
v -0.472846 0.647246 0.780008
v -0.499285 0.670147 0.781139
v -0.449555 0.686505 0.706468
v -0.636768 0.728490 0.813586
v -0.634494 0.737888 0.848913
v -0.515531 -0.886195 0.786055
v 0.501403 -0.268738 0.795316
v 0.586505 -0.220039 0.778500
v 0.502033 -0.166142 0.780757
v -0.497842 -0.158252 0.762206
v -0.501125 -0.160225 0.777582
v 0.568829 -0.102122 0.773537
v -0.512091 -0.065670 0.758065
v -0.511316 -0.104811 0.778442
v 0.517950 -0.063935 0.770145
v 0.329859 0.186347 0.767545
v -0.541308 0.153225 0.778532
v 0.017039 0.189606 0.766889
v 0.520839 0.163061 0.776559
v -0.072104 0.462032 0.753759
v 0.188809 0.522555 0.767875
v -0.503991 0.531095 0.769428
v 0.528863 0.609885 0.790105
v 0.275603 0.645467 0.810329
v 0.511106 -0.116737 0.781457
v -0.491407 0.130663 0.778652
v -0.513428 0.156367 0.776299
v -0.496705 0.140738 0.779455
v 0.496774 0.140604 0.778902
v 0.554450 0.127247 0.781457
v -0.093477 0.182167 0.768641
v 0.218315 0.174841 0.770278
v -0.147998 0.564184 0.780166
v -0.466905 0.546741 0.774172
v -0.140441 0.511497 0.765210
v 0.466371 0.537458 0.772135
v 0.474730 0.571283 0.769616
v 0.472871 0.646894 0.789940
v 0.503226 0.668072 0.783857
v -0.506174 -0.857956 0.790245
v -0.583692 -0.819278 0.833611
v -0.579146 -0.315572 0.792199
v -0.573607 -0.190649 0.793258
v 0.573458 -0.142233 0.782624
v 0.490518 0.132804 0.779554
v 0.434300 0.132680 0.777828
v -0.484971 0.186607 0.767229
v -0.489369 0.158507 0.774413
v -0.493558 0.587460 0.785053
v 0.468482 0.580659 0.785737
v -0.474746 0.584399 0.774488
v -0.529201 0.637197 0.800498
v -0.236709 0.645470 0.801852
v 0.530212 0.647061 0.763398
v 0.554454 0.671661 0.775170
v -0.186166 0.758934 0.853683
v 0.583644 -0.881178 0.793970
v -0.540383 -0.351562 0.782632
v -0.520072 -0.246718 0.757510
v -0.556569 -0.281128 0.764754
v -0.560382 -0.400373 0.800289
v -0.535297 -0.108413 0.785917
v 0.535318 -0.099686 0.783732
v -0.272338 0.134285 0.779742
v 0.032404 0.135067 0.780230
v 0.082277 0.134539 0.780149
v 0.282308 0.135995 0.779812
v 0.351442 0.136416 0.780001
v 0.451780 0.135222 0.780062
v -0.126076 0.138751 0.779509
v 0.158226 0.135027 0.780167
v -0.269033 0.584407 0.787605
v -0.012426 0.577717 0.785211
v 0.503790 0.587595 0.786275
v 0.475406 0.592677 0.777046
v -0.524123 0.667371 0.775212
v 0.504008 -0.941555 0.813440
v 0.506069 -0.890915 0.801580
v -0.506406 -0.888674 0.806692
v 0.551143 -0.167993 0.800598
v -0.355571 0.137742 0.779866
v 0.384701 0.132696 0.777947
v -0.165139 0.134516 0.780045
v -0.300411 0.183277 0.768297
v 0.413391 0.134594 0.780801
v 0.526954 0.133891 0.784311
v 0.118843 0.584956 0.787790
v -0.507260 0.593283 0.789126
v 0.484592 0.608905 0.788647
v -0.477697 0.608569 0.786086
v -0.552413 0.686478 0.788652
v 0.519814 0.664858 0.774376
v 0.192916 0.686741 0.898452
v 0.515982 -0.881197 0.799581
v 0.515175 -0.886955 0.777514
v -0.572099 -0.401308 0.807512
v 0.570945 -0.225141 0.807825
v 0.474524 0.608771 0.790248
v 0.526940 0.650611 0.807506
v 0.478850 0.665460 0.808241
v -0.418851 0.686844 0.900854
v 0.635728 0.732656 0.852355
v 0.505342 -0.852753 0.806645
v 0.576153 -0.827008 0.803167
v 0.579455 -0.812799 0.833981
v 0.573099 -0.426785 0.814601
v 0.587731 -0.326670 0.810221
v -0.555866 -0.162764 0.797383
v -0.268115 0.644254 0.810375
v -0.155593 0.645247 0.806521
v -0.494068 0.686444 0.788988
v 0.505594 0.685690 0.788221
v 0.593564 -0.937735 0.791502
v 0.587893 -0.941934 0.839186
v -0.590595 -0.883440 0.818990
v 0.590759 -0.886705 0.811220
v -0.540284 -0.458039 0.813191
v -0.517432 -0.208973 0.809600
v 0.391037 0.557389 0.777924
v 0.253111 0.600086 0.793442
v 0.480368 0.635036 0.799368
v -0.476748 0.645355 0.802126
v 0.200610 0.644182 0.809822
v -0.502570 0.758795 0.854885
v 0.550388 -0.823066 0.783133
v 0.526523 -0.809887 0.824718
v 0.520602 -0.455044 0.818321
v 0.549065 -0.444590 0.809364
v -0.518421 -0.375266 0.795920
v -0.501462 -0.267830 0.794950
v -0.502822 -0.369410 0.824498
v -0.471874 0.643393 0.809136
v 0.470199 0.625808 0.803367
v 0.435488 0.645032 0.809246
v -0.512321 0.662707 0.812255
v -0.607227 0.682465 0.848618
v 0.491821 0.686645 0.783336
v 0.294103 0.759057 0.854366
v -0.588794 -0.391961 0.830305
v -0.587141 -0.264040 0.793085
v 0.536524 -0.221675 0.817974
v 0.477283 0.645583 0.804451
v 0.000001 0.645197 0.806933
v 0.131689 0.644608 0.808346
v 0.111605 0.646036 0.775407
v 0.034190 0.645514 0.755885
v 0.393697 0.644249 0.810208
v 0.507853 0.663387 0.812704
v -0.479134 0.664836 0.808056
v 0.581920 -0.874600 0.817362
v -0.505619 -0.839715 0.831450
v -0.514943 -0.876610 0.812079
v -0.593471 -0.844764 0.824062
v -0.564009 -0.795508 0.836591
v -0.517878 -0.450823 0.820069
v 0.517650 -0.231828 0.815344
v -0.142219 0.640446 0.809108
v -0.468704 0.591804 0.790272
v -0.220247 0.643118 0.809981
v -0.479510 0.686745 0.899508
v 0.416379 0.686601 0.685406
v 0.476150 0.686686 0.901550
v 0.291794 0.686539 0.756955
v -0.582364 -0.881899 0.796744
v -0.582049 -0.870791 0.824704
v 0.514662 -0.869279 0.826986
v -0.566979 -0.491462 0.827925
v 0.504284 -0.462967 0.843972
v 0.518834 -0.352272 0.788769
v 0.501082 -0.413217 0.838319
v 0.503055 -0.323782 0.810962
v -0.428051 0.644817 0.809936
v 0.034748 0.758728 0.853497
v 0.025915 0.758834 0.729524
v -0.514271 -0.865938 0.835612
v 0.567752 -0.533251 0.839595
v -0.500678 -0.412915 0.836659
v -0.581707 -0.435153 0.828677
v -0.509203 -0.273279 0.815689
v -0.573655 -0.304020 0.828153
v -0.099624 0.644156 0.809064
v -0.035592 0.638150 0.808366
v 0.108867 0.637920 0.808285
v 0.601103 0.688441 0.839006
v 0.608059 0.753332 0.886965
v 0.106499 0.758706 0.853503
v 0.182270 0.758485 0.853740
v -0.590686 -0.940894 0.851409
v -0.593240 -0.941213 0.785071
v 0.507647 -0.867662 0.852163
v 0.573285 -0.282798 0.822456
v 0.577975 -0.352577 0.837386
v -0.007116 0.686543 0.683351
v -0.615519 0.752449 0.884794
v -0.589226 -0.869258 0.842169
v 0.582672 -0.861754 0.838981
v 0.416982 0.758813 0.850603
v 0.517527 0.758811 0.840230
v -0.516294 -0.377371 0.852234
v 0.603347 0.682587 0.866860
v -0.508005 -0.941578 0.862299
v -0.545485 -0.941943 0.820665
v -0.503297 -0.940348 0.809254
v -0.507346 -0.873980 0.836694
v 0.588296 -0.846697 0.875658
v 0.504973 -0.830133 0.844433
v -0.546396 -0.781529 0.843906
v -0.548518 -0.592593 0.851639
v 0.521546 -0.542746 0.845618
v -0.559709 0.686606 0.778139
v -0.601241 0.687200 0.828849
v 0.562827 0.686716 0.893209
v 0.585242 -0.941995 0.913262
v 0.590362 -0.938887 0.873631
v -0.521797 -0.781842 0.857305
v -0.539239 -0.813836 0.808177
v -0.507592 -0.482412 0.844659
v -0.576358 -0.541498 0.848914
v -0.571829 -0.381957 0.854837
v -0.520384 -0.322451 0.840389
v -0.514979 -0.854977 0.850602
v -0.581563 -0.851696 0.855586
v -0.525296 -0.823640 0.805021
v -0.564091 -0.585700 0.853283
v 0.564468 -0.574525 0.850258
v -0.591513 -0.510041 0.863810
v 0.519386 -0.377176 0.855003
v -0.134858 0.686647 0.768913
v -0.080388 0.686625 0.901712
v 0.621872 0.746719 0.882705
v -0.533049 0.755648 0.862061
v 0.357378 0.757194 0.854916
v 0.516026 -0.854494 0.853669
v 0.582221 -0.850274 0.857044
v 0.544478 -0.544255 0.838171
v 0.521294 -0.596841 0.861870
v 0.592144 -0.533770 0.870155
v 0.510779 -0.291753 0.822374
v -0.538310 -0.237250 0.822806
v -0.538048 -0.371461 0.861437
v 0.504228 -0.800192 0.869319
v 0.538842 -0.787320 0.842017
v -0.560346 -0.750229 0.866276
v 0.576912 -0.480862 0.879552
v 0.565685 -0.417850 0.869501
v 0.531985 -0.313012 0.843308
v -0.556886 -0.280616 0.831879
v 0.595102 0.687182 0.867004
v -0.458318 0.758937 0.784884
v -0.468976 0.758794 0.850967
v -0.387244 0.758695 0.850355
v -0.142886 0.758516 0.854310
v -0.067389 0.757677 0.855242
v -0.588647 -0.850215 0.871090
v 0.555908 -0.796710 0.831568
v 0.542569 -0.688936 0.876043
v 0.540465 -0.607618 0.856839
v 0.504474 -0.492127 0.864862
v 0.627972 0.682787 0.896528
v -0.559442 0.686378 0.889110
v 0.393492 0.686837 0.899161
v -0.417423 0.756620 0.855775
v 0.558915 -0.755206 0.862113
v -0.524589 -0.744106 0.874269
v -0.512121 -0.563781 0.863559
v -0.520498 -0.578697 0.857802
v 0.554012 -0.299489 0.838720
v 0.128120 0.686869 0.900248
v -0.573224 0.705735 0.865508
v -0.590963 0.712624 0.845454
v -0.599090 0.724382 0.864478
v -0.582129 0.724388 0.847880
v 0.587972 -0.924235 0.914269
v -0.587641 -0.941773 0.928046
v 0.517285 -0.839536 0.873158
v -0.516470 -0.837528 0.874874
v -0.578702 -0.755205 0.875811
v 0.580711 -0.754062 0.879660
v 0.569937 -0.660925 0.875055
v -0.532849 -0.547965 0.841937
v -0.519852 -0.616277 0.870339
v 0.579867 -0.573237 0.860518
v -0.576927 -0.682428 0.885284
v -0.519565 -0.599649 0.863652
v -0.108067 -0.599418 0.863601
v -0.107902 -0.584333 0.858769
v 0.053603 -0.587427 0.859138
v 0.178234 -0.598216 0.862820
v -0.345817 -0.599022 0.863489
v -0.410065 -0.585194 0.858920
v -0.218117 -0.586427 0.858948
v 0.389612 -0.587394 0.859015
v 0.416590 -0.569871 0.860416
v -0.086517 -0.568218 0.861694
v -0.433583 -0.567491 0.862236
v -0.290976 -0.574481 0.859454
v -0.193319 -0.567330 0.862535
v 0.216676 -0.578942 0.858752
v 0.312100 -0.570240 0.860617
v 0.516833 -0.572627 0.858972
v 0.505618 -0.552994 0.871877
v 0.589904 -0.435201 0.842440
v -0.577571 -0.507380 0.886727
v 0.530833 -0.374069 0.859660
v -0.128003 0.686887 0.898599
v -0.596766 0.704016 0.870068
v -0.471776 0.753493 0.857845
v -0.328592 0.753187 0.857134
v 0.503274 0.758661 0.854946
v 0.578954 0.755366 0.825168
v -0.507986 -0.847138 0.878356
v -0.582510 -0.831961 0.877142
v -0.556630 -0.691256 0.876406
v 0.525325 -0.675188 0.880709
v 0.515225 -0.615282 0.875054
v -0.292564 -0.611777 0.873373
v -0.234668 -0.608488 0.870385
v -0.593785 -0.612047 0.892336
v -0.319254 -0.564565 0.864719
v -0.229269 -0.558133 0.871260
v 0.060301 -0.569849 0.860740
v 0.443365 -0.558503 0.871217
v 0.502695 -0.557707 0.871303
v 0.518882 -0.461460 0.876529
v -0.522671 -0.433170 0.873351
v 0.579389 0.708357 0.855668
v 0.599340 0.711480 0.869062
v 0.582847 0.720338 0.852740
v -0.582869 0.727769 0.859948
v -0.564313 0.726910 0.879114
v -0.472424 0.742304 0.862644
v -0.380883 0.743101 0.861233
v -0.279651 0.742201 0.861773
v -0.181700 0.743279 0.861087
v 0.113881 0.743021 0.861406
v 0.259629 0.741306 0.862395
v 0.369721 0.740402 0.862903
v 0.458340 0.740918 0.863444
v 0.411855 0.752501 0.857498
v 0.483557 0.738553 0.871191
v -0.545789 0.753040 0.923226
v -0.286346 0.758255 0.852161
v -0.510146 -0.941182 0.934409
v 0.525693 -0.739928 0.877183
v 0.559116 -0.702549 0.876355
v 0.068821 -0.604303 0.866875
v -0.513541 -0.610431 0.872429
v -0.398217 -0.611794 0.873987
v -0.085352 -0.612159 0.874456
v 0.239274 -0.611028 0.873505
v 0.355856 -0.603528 0.866190
v 0.498276 -0.610914 0.873144
v -0.168824 -0.557299 0.873080
v -0.083543 -0.557407 0.873166
v 0.001715 -0.559073 0.870336
v 0.219224 -0.556826 0.873885
v 0.290945 -0.557916 0.872459
v 0.362147 -0.556990 0.873515
v -0.503229 -0.469343 0.855497
v -0.504490 -0.555847 0.874601
v 0.544648 -0.420710 0.875377
v -0.600912 0.687160 0.850152
v -0.360477 0.686674 0.902794
v 0.533463 0.687136 0.900648
v -0.628521 0.738710 0.889177
v 0.562423 0.725484 0.876537
v -0.585664 0.725580 0.892152
v 0.591496 0.727373 0.884658
v -0.366946 0.738881 0.865365
v -0.060039 0.743165 0.861519
v -0.014187 0.738747 0.865664
v 0.165766 0.738880 0.865157
v -0.494111 0.743531 0.871458
v 0.523870 0.754673 0.864124
v 0.593554 -0.825253 0.854276
v 0.584229 -0.681891 0.893511
v 0.188203 -0.564673 0.864662
v 0.100856 -0.557365 0.873108
v -0.555477 -0.451961 0.883618
v -0.552908 0.726582 0.885409
v 0.149120 0.733730 0.879421
v 0.446640 0.736554 0.873052
v 0.582049 -0.814013 0.897978
v -0.537674 -0.690771 0.878483
v -0.121153 -0.613990 0.879249
v 0.303545 -0.557504 0.884020
v -0.590530 0.685211 0.884855
v 0.303760 0.735591 0.875337
v 0.530432 0.752618 0.901268
v 0.593586 -0.759367 0.900689
v -0.506188 -0.743305 0.901485
v -0.503100 -0.616788 0.889670
v -0.336102 -0.616631 0.892491
v -0.218004 -0.616727 0.890914
v -0.021487 -0.616551 0.890344
v 0.505290 -0.616950 0.890282
v 0.361602 -0.612991 0.876260
v -0.341327 -0.557243 0.873107
v -0.506349 -0.557324 0.885624
v -0.380238 -0.560177 0.892006
v -0.207187 -0.557749 0.885497
v 0.120285 -0.557579 0.884796
v 0.428352 -0.557629 0.884507
v 0.505788 -0.555916 0.884013
v 0.584350 0.690278 0.885694
v 0.625407 0.728277 0.898838
v -0.535964 0.706206 0.894400
v -0.563738 0.726675 0.904920
v -0.440294 0.736657 0.872835
v -0.266052 0.732932 0.890263
v -0.181284 0.738284 0.865873
v -0.128776 0.732395 0.890758
v -0.065466 0.735100 0.874282
v 0.051103 0.731775 0.890929
v -0.472856 0.737690 0.893199
v -0.518666 -0.674698 0.886972
v -0.133042 -0.616197 0.893710
v 0.105856 -0.612687 0.875842
v 0.090556 -0.616563 0.891426
v 0.227305 -0.616900 0.889983
v 0.593431 -0.613988 0.894190
v -0.295540 -0.555897 0.875948
v -0.635210 0.682817 0.862125
v -0.286291 0.687750 0.908048
v -0.179770 0.686749 0.900661
v -0.320406 0.686614 0.812309
v -0.034551 0.686968 0.899763
v 0.577226 0.697306 0.895060
v 0.372596 0.735214 0.891443
v 0.464880 0.736663 0.891133
v -0.580821 -0.803999 0.904547
v 0.517749 -0.817487 0.897262
v -0.504692 -0.797847 0.877533
v -0.593647 -0.686889 0.909406
v -0.505139 -0.616878 0.894980
v 0.295594 -0.562143 0.894202
v 0.373115 -0.560443 0.891673
v 0.003905 0.686639 0.834711
v 0.037883 0.686792 0.901532
v 0.007327 0.686601 0.900905
v 0.574917 0.725420 0.902706
v -0.027331 0.731245 0.891678
v -0.515783 -0.785204 0.912107
v -0.519142 -0.804227 0.907324
v 0.504822 -0.770975 0.893927
v 0.505705 -0.698606 0.911056
v -0.240072 -0.562510 0.894691
v -0.173349 -0.563895 0.896402
v -0.070231 -0.557636 0.885404
v 0.516458 -0.568363 0.902703
v 0.287244 0.686759 0.900494
v 0.428324 0.686895 0.907884
v -0.622579 0.682861 0.905296
v -0.576868 0.698703 0.895985
v 0.536616 0.726285 0.892584
v 0.543844 0.707272 0.889274
v 0.233290 0.733549 0.891946
v 0.510174 -0.940189 0.935951
v 0.580506 -0.799666 0.906280
v -0.593436 -0.776863 0.895728
v 0.593893 -0.672354 0.909922
v 0.312014 -0.616680 0.892214
v 0.429953 -0.616367 0.890864
v 0.385406 -0.572258 0.903507
v -0.511775 -0.562825 0.895406
v 0.090641 -0.563459 0.895973
v 0.209304 -0.564843 0.897949
v -0.518897 -0.496253 0.885909
v -0.530049 0.725918 0.905370
v -0.279202 0.742575 0.902894
v 0.267633 0.739369 0.901069
v 0.371244 0.742951 0.901934
v -0.579792 0.751580 0.921740
v 0.587164 -0.801376 0.919767
v 0.509394 -0.819231 0.908018
v -0.231880 -0.609974 0.901855
v 0.139661 -0.616750 0.891220
v 0.151493 -0.609653 0.902490
v -0.461222 -0.610473 0.901206
v -0.181454 -0.608456 0.903278
v -0.089080 -0.607758 0.904452
v -0.029027 -0.608353 0.903216
v 0.062026 -0.609367 0.902581
v 0.246253 -0.608189 0.903578
v 0.364131 -0.610731 0.901434
v 0.426263 -0.609848 0.901723
v 0.508126 -0.611639 0.900759
v 0.442791 -0.564198 0.896745
v 0.547328 -0.573684 0.919192
v -0.217621 0.687762 0.908494
v 0.532035 0.690593 0.906702
v -0.560653 0.693333 0.898092
v 0.563596 0.694893 0.902773
v -0.613769 0.735087 0.914846
v -0.028791 0.736682 0.902926
v 0.138956 0.738342 0.903299
v -0.377163 0.751779 0.909229
v -0.354075 0.735061 0.891574
v 0.472355 0.753850 0.911182
v -0.511695 -0.858125 0.957615
v 0.520077 -0.796837 0.913150
v -0.333068 -0.605132 0.905520
v -0.515755 -0.574304 0.904507
v 0.312841 -0.575907 0.905179
v 0.516711 -0.579258 0.906782
v -0.225042 -0.576198 0.905303
v 0.533899 -0.582191 0.918020
v 0.531056 -0.468636 0.886429
v -0.434781 0.689581 0.907628
v -0.479755 0.690327 0.907325
v 0.403009 0.689786 0.908129
v 0.452097 0.690519 0.907639
v -0.530563 0.701622 0.906019
v -0.571421 0.692586 0.897492
v -0.558090 0.705555 0.907963
v 0.528614 0.717077 0.907403
v 0.535812 0.726419 0.907785
v 0.212492 0.753294 0.910846
v -0.460928 0.752683 0.909781
v -0.177322 0.736266 0.901307
v -0.201082 0.752664 0.910227
v 0.315860 0.754253 0.911245
v -0.522947 0.752091 0.900287
v -0.514153 -0.599134 0.908571
v -0.432086 -0.595278 0.909155
v 0.285739 -0.597962 0.908229
v -0.122343 -0.583284 0.908593
v -0.057432 -0.564125 0.896601
v 0.148402 -0.578674 0.906634
v -0.556528 0.682823 0.910067
v -0.528257 0.690700 0.907195
v -0.350713 0.688878 0.908051
v -0.388450 0.691388 0.907413
v -0.124644 0.689169 0.907460
v -0.041393 0.689476 0.908014
v -0.082052 0.688258 0.908380
v -0.001006 0.688956 0.908388
v 0.042852 0.689730 0.908202
v 0.011633 0.690999 0.907759
v 0.207769 0.689927 0.907366
v 0.151862 0.689284 0.907835
v 0.360574 0.689985 0.907320
v 0.290838 0.689468 0.907997
v 0.490418 0.688908 0.908032
v -0.133035 0.751765 0.910695
v -0.023678 0.753142 0.911593
v 0.061092 0.753707 0.912192
v 0.110425 0.754381 0.914291
v 0.383695 0.753363 0.910363
v 0.573309 -0.777152 0.928784
v 0.517084 -0.747606 0.928056
v -0.019753 -0.594959 0.908727
v 0.213056 -0.594004 0.909343
v 0.372275 -0.592682 0.908994
v 0.576633 -0.583959 0.911363
v 0.578220 -0.655802 0.931034
v -0.398362 -0.576078 0.905354
v -0.237871 0.682495 0.914699
v -0.340644 0.682763 0.914484
v -0.250251 0.689511 0.908315
v -0.461995 0.682509 0.914778
v -0.125283 0.682903 0.913686
v 0.002209 0.683545 0.912985
v 0.124660 0.682946 0.913621
v 0.176763 0.683028 0.913493
v 0.405630 0.682689 0.914461
v 0.570059 0.682335 0.911516
v 0.292159 0.682486 0.914819
v 0.606285 0.749540 0.906528
v 0.561332 0.751403 0.926758
v -0.517080 -0.725529 0.933723
v -0.522886 -0.623425 0.923509
v 0.117080 -0.595621 0.908769
v -0.318345 -0.587599 0.908589
v -0.218282 -0.596704 0.908322
v 0.015069 -0.576921 0.905651
v -0.544896 -0.563049 0.916227
v 0.089750 0.682441 0.917408
v -0.035077 0.682314 0.918966
v -0.387793 0.753029 0.920123
v -0.278371 0.752793 0.909675
v 0.366093 0.752397 0.923880
v 0.585228 -0.913672 0.957683
v -0.511978 -0.788914 0.930322
v -0.508918 -0.823745 0.906181
v 0.581650 -0.783271 0.932578
v 0.524334 -0.778726 0.925745
v -0.584911 -0.700129 0.931264
v 0.578600 -0.717120 0.938163
v 0.519437 -0.696570 0.936200
v 0.515546 -0.597581 0.908400
v 0.483342 0.682374 0.914757
v -0.203017 0.752794 0.923154
v 0.586037 -0.937277 0.941395
v -0.523827 -0.779961 0.930771
v 0.514062 -0.783361 0.941701
v -0.577990 -0.779925 0.922606
v -0.563341 -0.566155 0.914309
v -0.580564 -0.621667 0.918487
v -0.590658 0.684227 0.935916
v -0.389267 0.682595 0.944269
v 0.045186 0.682396 0.943910
v 0.188364 0.682412 0.944113
v 0.410648 0.682553 0.944009
v 0.076479 0.751875 0.925479
v -0.526432 -0.769064 0.929901
v 0.527812 -0.642870 0.931744
v -0.189367 0.682568 0.944125
v -0.581149 0.732175 0.937822
v 0.126341 0.745934 0.934044
v 0.438240 0.748165 0.931386
v -0.569678 -0.658444 0.936721
v 0.555564 -0.666516 0.943653
v 0.562281 -0.573698 0.916456
v -0.311904 0.747145 0.932451
v -0.171724 0.746641 0.933293
v -0.069621 0.752388 0.925325
v 0.011063 0.743908 0.935603
v 0.514651 -0.821055 0.956200
v 0.583951 -0.822808 0.957296
v -0.586755 -0.792740 0.926480
v -0.581429 -0.785430 0.942569
v -0.565823 -0.777982 0.930621
v -0.538388 -0.780268 0.931817
v 0.288174 0.682493 0.943233
v 0.558338 0.731848 0.942302
v 0.511497 -0.889294 0.957663
v -0.522761 -0.785358 0.943922
v -0.546573 -0.780549 0.937127
v 0.551618 -0.778036 0.935293
v -0.547450 -0.774047 0.934475
v -0.547532 -0.736611 0.945646
v -0.571828 -0.726201 0.942100
v -0.535559 -0.678314 0.943952
v -0.506005 -0.692735 0.913514
v -0.475153 0.682911 0.945166
v -0.037646 0.682723 0.944141
v 0.547786 0.683901 0.946413
v 0.588918 0.682828 0.938797
v -0.559838 0.734845 0.941352
v -0.214280 0.732935 0.942065
v -0.586288 -0.933801 0.946382
v -0.299533 0.682549 0.944006
v -0.421946 0.729124 0.942304
v -0.320106 0.729846 0.942726
v -0.425382 0.746260 0.933799
v 0.405696 0.732498 0.941949
v -0.514671 -0.921003 0.957879
v -0.583876 -0.824760 0.957441
v 0.084977 0.685568 0.947091
v 0.598168 0.733367 0.928740
v -0.132111 0.726910 0.943027
v 0.304346 0.745449 0.934203
v 0.116185 0.728723 0.942824
v 0.252663 0.724414 0.943282
v 0.512813 -0.926365 0.953068
v -0.515538 -0.820005 0.956117
v -0.552153 -0.675029 0.945247
v 0.543129 -0.720501 0.948330
v -0.477058 0.688707 0.947128
v -0.569755 0.682622 0.944242
v -0.392628 0.687614 0.947425
v -0.291889 0.686840 0.947244
v -0.207299 0.687307 0.947220
v -0.137127 0.685141 0.947008
v -0.046809 0.686926 0.947138
v 0.192295 0.687265 0.947326
v 0.432408 0.687594 0.947197
v 0.298371 0.685808 0.947343
v -0.551919 0.686306 0.947624
v -0.584198 -0.916927 0.957324
vn -0.6375 -0.0754 -0.7667
vn 0.6343 -0.3307 -0.6988
vn -0.5397 -0.5531 -0.6347
vn -0.6301 -0.3511 -0.6926
vn -0.3663 0.0532 -0.9290
vn 0.5555 -0.2837 -0.7816
vn 0.5961 0.0763 -0.7993
vn 0.6492 0.0738 -0.7571
vn -0.6521 0.1815 -0.7361
vn -0.8119 0.1189 -0.5715
vn 0.6626 0.1870 -0.7252
vn -0.2368 0.3311 -0.9134
vn 0.4614 -0.7019 -0.5426
vn -0.6943 0.3192 -0.6450
vn 0.6742 0.2599 -0.6913
vn -0.6985 -0.5922 -0.4018
vn 0.6514 -0.7139 -0.2572
vn 0.7037 -0.6912 -0.1644
vn 0.9981 0.0079 -0.0612
vn -0.7015 -0.6842 -0.1994
vn 0.6264 0.3116 -0.7145
vn -0.5916 0.3580 -0.7225
vn -0.9992 -0.0120 -0.0385
vn -0.9992 -0.0298 -0.0253
vn -0.6355 -0.7628 -0.1196
vn -0.8346 0.3458 0.4288
vn -0.7757 0.4306 0.4615
vn 0.5150 0.7097 -0.4808
vn 0.8375 0.2642 0.4783
vn -0.4983 0.8664 0.0339
vn 0.5361 0.8436 -0.0302
vn -0.7794 0.3636 0.5103
vn -0.5202 0.8540 0.0103
vn -0.7194 -0.6945 -0.0066
vn 0.7044 0.6478 0.2901
vn 0.8545 0.3504 0.3835
vn -0.8404 0.3281 0.4314
vn 0.8505 0.3651 0.3787
vn 0.0855 0.7215 0.6871
vn 0.0333 -0.9994 -0.0054
vn -0.2926 0.8494 0.4393
vn -0.7760 0.6305 0.0180
vn -0.3325 0.4586 -0.8241
vn 0.7157 0.6977 0.0316
vn -0.6274 0.5534 0.5478
vn -0.3235 0.2899 -0.9007
vn -0.1105 0.1080 -0.9880
vn 0.3457 0.0944 -0.9336
vn 0.4978 0.0222 -0.8670
vn 0.9991 -0.0190 -0.0370
vn 0.6860 0.6097 -0.3971
vn -0.7516 0.1247 -0.6477
vn -0.5072 0.0388 -0.8610
vn 0.3508 0.1932 -0.9163
vn -0.0493 -0.0405 -0.9980
vn 0.6677 0.0201 -0.7442
vn 0.6716 0.1065 -0.7332
vn -0.1895 0.2558 -0.9480
vn -0.4827 0.6010 0.6371
vn 0.8823 0.4705 0.0137
vn 0.8746 0.3797 0.3016
vn -0.7900 -0.0040 -0.6131
vn -0.7893 -0.1113 -0.6039
vn -0.3894 0.1828 -0.9027
vn 0.9097 0.3124 0.2737
vn 0.7893 -0.1187 -0.6025
vn -0.7675 0.1666 -0.6190
vn 0.2692 0.2586 -0.9277
vn 0.9218 0.3158 0.2249
vn -0.9123 0.3527 0.2079
vn 0.8353 -0.0815 -0.5437
vn 0.7643 0.0771 -0.6403
vn -0.6718 -0.7406 -0.0114
vn -0.9146 0.3076 0.2626
vn -0.9379 0.2911 0.1886
vn -0.9644 0.1164 -0.2375
vn -0.4446 0.0300 -0.8952
vn 0.9561 0.0832 -0.2809
vn -0.4021 0.3482 -0.8468
vn 0.3540 -0.1349 -0.9255
vn 0.0254 0.3339 -0.9423
vn 0.0622 0.3738 -0.9254
vn 0.9186 0.3578 0.1678
vn -0.9590 0.2767 0.0616
vn 0.9050 0.4113 0.1089
vn 0.6014 0.2883 -0.7451
vn 0.7054 -0.7088 -0.0035
vn 0.9453 0.3044 0.1171
vn 0.9820 -0.0493 -0.1825
vn -0.9958 -0.0517 -0.0753
vn 0.9893 0.1302 -0.0666
vn 0.8419 0.4341 0.3206
vn 0.9917 -0.0728 -0.1060
vn 0.9827 0.0709 -0.1709
vn 0.9981 -0.0622 -0.0038
vn 0.9877 0.0227 -0.1544
vn 0.7136 -0.5799 -0.3930
vn -0.0046 -0.0263 -0.9996
vn -0.0074 -0.5731 -0.8194
vn 0.0087 -0.5639 -0.8258
vn -0.0011 -0.3249 -0.9457
vn -0.0077 -0.3861 -0.9224
vn 0.0056 0.1253 -0.9921
vn -0.0510 -0.4362 -0.8984
vn 0.0052 -0.3130 -0.9497
vn 0.0046 -0.5450 -0.8384
vn -0.0037 -0.4042 -0.9146
vn 0.0006 -0.0438 -0.9990
vn 0.0032 -0.5414 -0.8408
vn 0.0008 -0.0452 -0.9990
vn 0.0047 -0.8141 -0.5807
vn 0.0112 -0.4415 -0.8972
vn 0.0113 0.4138 -0.9103
vn 0.0008 -0.3821 -0.9241
vn 0.0004 0.2120 -0.9773
vn 0.0056 0.2725 -0.9621
vn -0.0014 0.2156 -0.9765
vn -0.0052 0.3527 -0.9357
vn -0.0051 0.4722 -0.8815
vn 0.0052 0.4468 -0.8946
vn -0.0020 0.5398 -0.8418
vn -0.0006 0.5500 -0.8351
vn -0.8780 0.3658 0.3088
vn -0.9000 0.2908 0.3247
vn 0.9669 0.2279 0.1151
vn -0.9809 0.1630 0.1060
vn 0.8681 0.1924 -0.4576
vn 0.0013 -0.9556 -0.2947
vn -0.0078 -0.9671 -0.2543
vn 0.0011 -0.9549 -0.2971
vn -0.0012 -0.9294 -0.3690
vn -0.0011 -0.9506 -0.3105
vn -0.6996 -0.6348 -0.3281
vn -0.0105 -0.9376 -0.3476
vn 0.1286 0.3961 -0.9092
vn 0.2795 0.5444 -0.7909
vn -0.0021 0.5823 -0.8130
vn 0.0041 0.7608 -0.6489
vn -0.0099 0.6119 -0.7909
vn -0.0136 -0.6272 -0.7787
vn -0.0095 0.3305 -0.9438
vn 0.0255 -0.4818 -0.8759
vn 0.0686 0.1449 -0.9871
vn 0.0383 -0.7791 -0.6258
vn -0.0440 -0.8803 -0.4724
vn -0.0894 -0.1509 -0.9845
vn -0.5249 -0.1230 -0.8422
vn 0.3968 0.0501 -0.9165
vn 0.3635 -0.2536 -0.8964
vn -0.5430 -0.0053 -0.8397
vn -0.0346 0.1136 -0.9929
vn 0.3060 -0.2185 -0.9266
vn 0.7180 -0.6961 0.0009
vn 0.9787 0.1641 0.1234
vn -0.9886 -0.0642 -0.1363
vn -0.9988 -0.0360 -0.0327
vn 0.0003 0.8026 -0.5966
vn 0.0020 0.7826 -0.6225
vn 0.0184 0.8288 -0.5593
vn -0.2462 0.5940 -0.7659
vn -0.0622 0.3926 -0.9176
vn 0.0122 -0.9561 -0.2928
vn -0.1594 -0.2739 -0.9485
vn -0.0452 -0.8858 -0.4619
vn 0.1148 -0.2935 -0.9490
vn 0.0409 -0.9288 -0.3684
vn -0.0537 0.5738 -0.8172
vn 0.1015 0.4460 -0.8893
vn 0.0336 0.6244 -0.7804
vn -0.0099 0.8143 -0.5804
vn -0.3674 -0.5013 -0.7834
vn -0.3195 -0.4517 -0.8330
vn -0.9663 -0.2574 0.0085
vn -0.9762 0.0822 -0.2007
vn 0.8573 -0.0954 -0.5059
vn -0.0043 0.2486 -0.9686
vn -0.1571 0.2511 -0.9551
vn 0.9583 0.0740 -0.2762
vn 0.8802 -0.0586 -0.4710
vn -0.0990 0.4454 -0.8898
vn -0.9420 0.3015 0.1470
vn 0.8784 0.3882 0.2788
vn -0.9986 -0.0468 -0.0239
vn -0.9320 0.0401 0.3603
vn -0.0029 -0.9721 -0.2345
vn 0.0051 -0.9899 -0.1415
vn -0.0016 0.8187 -0.5743
vn -0.0069 0.8895 -0.4569
vn -0.1136 0.6303 -0.7680
vn 0.4936 -0.5474 -0.6758
vn 0.9498 0.0340 -0.3109
vn -0.8574 0.2602 -0.4441
vn 0.8460 -0.0489 0.5310
vn 0.5797 -0.6392 0.5054
vn -0.8566 0.1998 -0.4757
vn 0.1961 -0.4445 -0.8741
vn 0.0625 0.8233 -0.5642
vn 0.5576 -0.4390 -0.7045
vn -0.9910 -0.0984 0.0904
vn -0.9980 0.0633 -0.0059
vn 0.8962 0.1928 -0.3996
vn -0.8681 -0.0186 -0.4961
vn -0.0130 -0.7774 -0.6288
vn -0.0541 -0.4410 -0.8959
vn -0.0124 -0.0977 -0.9951
vn 0.0233 -0.5047 -0.8630
vn -0.0273 0.2994 -0.9537
vn 0.0227 0.3103 -0.9504
vn 0.0320 -0.0576 -0.9978
vn -0.9780 0.1805 0.1045
vn -0.9833 0.1683 0.0695
vn 0.9304 -0.2383 -0.2784
vn 0.9998 0.0008 -0.0206
vn 0.8935 0.2236 0.3893
vn -0.8472 0.1481 0.5102
vn -0.8368 -0.1267 0.5327
vn 0.5871 0.0019 0.8095
vn -0.8444 -0.0873 0.5285
vn -0.0002 -0.9012 0.4334
vn -0.0014 -0.9640 0.2661
vn 0.0001 -0.9536 0.3010
vn -0.0056 -0.9637 0.2671
vn -0.5615 -0.6425 0.5214
vn 0.0106 0.9776 -0.2102
vn -0.0008 0.9703 -0.2418
vn -0.0012 0.9738 -0.2274
vn -0.0035 0.9663 -0.2573
vn -0.2595 -0.5549 -0.7904
vn 0.2201 0.5361 -0.8150
vn -0.0323 0.8747 -0.4837
vn 0.0200 0.8895 -0.4565
vn -0.9484 0.0088 -0.3170
vn 0.0080 0.5524 -0.8336
vn 0.2979 0.4924 -0.8178
vn 0.0591 -0.9022 -0.4273
vn 0.1123 -0.5379 -0.8355
vn -0.0873 -0.6229 -0.7774
vn -0.0805 0.1462 -0.9860
vn -0.1369 -0.1501 -0.9791
vn -0.0916 -0.1675 -0.9816
vn -0.0485 0.5152 -0.8557
vn -0.0055 -0.1787 -0.9839
vn -0.0027 0.4391 -0.8984
vn 0.0632 0.5199 -0.8519
vn 0.0869 -0.1709 -0.9814
vn -0.9983 -0.0394 -0.0430
vn 0.7776 0.1674 0.6061
vn -0.7711 0.2057 0.6025
vn -0.5027 -0.0076 0.8644
vn 0.0035 -0.9359 0.3523
vn -0.0028 -0.9201 0.3916
vn 0.8982 0.1818 -0.4003
vn -0.5711 0.3439 -0.7454
vn 0.4574 0.3267 -0.8271
vn -0.0010 -0.9963 -0.0855
vn 0.0110 -0.9967 -0.0809
vn -0.4063 0.4260 -0.8083
vn 0.4342 -0.0482 -0.8995
vn -0.5102 -0.7453 -0.4293
vn -0.1554 0.7092 -0.6876
vn -0.0023 -0.9816 -0.1910
vn -0.0425 -0.9746 -0.2198
vn 0.1745 -0.5626 -0.8081
vn 0.1299 0.2015 -0.9708
vn -0.1114 0.3223 -0.9401
vn 0.0552 0.3537 -0.9337
vn 0.0352 -0.3221 -0.9460
vn 0.0948 0.5646 -0.8199
vn -0.0894 0.5779 -0.8112
vn 0.0002 0.9234 -0.3838
vn -0.9486 -0.3147 0.0330
vn -0.9489 0.2874 0.1307
vn 0.8023 0.5028 0.3217
vn 0.9987 0.0230 0.0462
vn 0.7693 -0.2144 0.6018
vn -0.0005 -0.9213 0.3888
vn -0.9999 -0.0010 -0.0116
vn -0.0169 0.9989 0.0426
vn 0.0318 0.9749 0.2206
vn -0.0120 0.9996 0.0254
vn -0.5243 0.7548 -0.3941
vn -0.0298 -0.9923 -0.1201
vn -0.9570 -0.2381 0.1660
vn -0.1702 -0.7264 -0.6659
vn -0.0214 0.3894 -0.9208
vn -0.0389 -0.3246 -0.9451
vn -0.0090 0.9888 -0.1492
vn 0.7401 -0.6725 0.0005
vn 0.9594 0.2264 0.1682
vn -0.9858 0.1278 0.1091
vn 0.9800 0.1823 0.0799
vn 0.0021 0.9499 0.3125
vn -0.0010 0.9638 0.2667
vn -0.0018 0.9585 0.2850
vn -0.0863 0.9347 0.3447
vn 0.8034 0.1911 -0.5639
vn 0.9083 -0.4157 0.0469
vn 0.9031 -0.1316 0.4087
vn 0.9603 -0.1209 0.2515
vn 0.7953 -0.4132 0.4436
vn 0.8764 0.3987 -0.2700
vn 0.5530 0.6480 -0.5237
vn -0.7462 0.3060 -0.5913
vn -0.1962 0.6941 -0.6927
vn -0.1989 -0.1040 -0.9745
vn 0.1823 0.0930 -0.9788
vn -0.0816 0.3784 -0.9220
vn -0.1149 -0.2085 -0.9712
vn -0.1046 0.5121 -0.8525
vn 0.1323 -0.1753 -0.9756
vn 0.0007 0.9834 -0.1814
vn 0.9690 0.2159 0.1204
vn 0.8995 0.3919 0.1933
vn -0.9485 0.2959 0.1131
vn 0.5199 0.2029 0.8298
vn 0.7267 0.4372 0.5298
vn -0.5830 0.1866 0.7908
vn 0.4613 -0.1537 0.8738
vn -0.5898 -0.1558 0.7924
vn 0.0042 -0.7640 0.6452
vn -0.0016 -0.7451 0.6670
vn -0.0001 -0.7346 0.6785
vn 0.6894 0.7230 0.0443
vn -0.9917 0.0004 -0.1288
vn -0.4625 0.3254 -0.8248
vn -0.7624 0.2251 -0.6067
vn 0.0171 -0.9978 -0.0637
vn -0.3435 -0.7073 -0.6178
vn 0.3945 -0.7681 -0.5045
vn -0.7628 -0.4512 -0.4632
vn 0.5045 -0.7058 -0.4973
vn -0.0095 0.9752 -0.2212
vn 0.9611 0.2341 0.1466
vn -0.9777 0.2033 0.0534
vn -0.9747 -0.0388 0.2202
vn -0.9358 -0.3519 0.0223
vn -0.8284 0.3623 -0.4272
vn 0.1114 -0.9680 -0.2250
vn -0.2085 -0.7503 -0.6274
vn 0.1021 0.3755 -0.9212
vn -0.0863 -0.3193 -0.9437
vn 0.1014 -0.3185 -0.9425
vn -0.1417 -0.1782 -0.9737
vn 0.1116 0.5587 -0.8218
vn -0.1605 -0.0146 0.9869
vn -0.8421 -0.1979 0.5017
vn -0.0025 -0.7164 0.6977
vn -0.0034 -0.7036 0.7106
vn 0.9867 -0.0682 0.1477
vn -0.0097 0.8093 0.5874
vn -0.0010 0.9478 0.3188
vn -0.0226 0.7901 0.6125
vn -0.1723 0.3788 -0.9093
vn 0.1576 0.3702 -0.9155
vn 0.2851 -0.7910 -0.5414
vn 0.8769 0.0904 0.4722
vn -0.0450 0.9523 -0.3018
vn 0.9729 0.2247 -0.0552
vn 0.8894 -0.1322 0.4377
vn 0.0629 0.2502 -0.9661
vn 0.2213 -0.6223 -0.7508
vn 0.1416 0.3871 -0.9111
vn 0.0441 0.3785 -0.9246
vn -0.1160 0.6376 -0.7616
vn -0.2379 0.4364 0.8677
vn 0.4607 -0.4497 0.7652
vn -0.0011 -0.6873 0.7263
vn -0.0026 0.6252 0.7804
vn 0.0055 0.6798 0.7334
vn -0.4383 0.3007 -0.8470
vn 0.5322 0.4422 -0.7219
vn 0.1728 0.8837 -0.4351
vn -0.7738 -0.2371 0.5873
vn 0.7511 -0.2129 0.6250
vn -0.8811 -0.1947 0.4309
vn 0.7001 0.3474 -0.6239
vn 0.0438 -0.9820 -0.1836
vn -0.1040 -0.9752 -0.1956
vn -0.1586 -0.9587 -0.2359
vn -0.1939 0.2245 -0.9550
vn 0.0132 -0.3218 -0.9467
vn -0.1908 0.1393 -0.9717
vn -0.0190 0.9818 -0.1892
vn 0.0022 0.9937 -0.1124
vn -0.8288 0.4634 0.3135
vn 0.4046 0.6440 0.6493
vn -0.4587 0.6018 0.6538
vn -0.0073 -0.0269 0.9996
vn 0.1258 -0.2183 0.9677
vn 0.6418 -0.3596 0.6773
vn -0.4839 -0.3768 0.7898
vn 0.0042 -0.4731 0.8810
vn 0.0003 0.6185 0.7858
vn 0.0140 0.5041 0.8635
vn -0.0003 0.6111 0.7916
vn 0.0048 0.6237 0.7816
vn -0.0005 0.6040 0.7970
vn -0.0003 0.5987 0.8010
vn -0.2057 0.4582 0.8647
vn -0.8800 0.1336 0.4558
vn 0.9418 0.0277 0.3350
vn 0.4199 0.3284 -0.8461
vn -0.6875 0.1320 0.7141
vn -0.9861 0.0724 -0.1495
vn -0.7047 0.0292 0.7089
vn -0.9428 0.3142 0.1113
vn -0.9049 0.1584 0.3951
vn -0.7379 -0.3486 0.5778
vn 0.7034 -0.3530 0.6169
vn -0.4256 -0.5868 0.6888
vn 0.9330 -0.3429 0.1095
vn -0.2825 -0.4678 -0.8374
vn 0.2756 -0.4391 -0.8551
vn -0.1386 0.3872 -0.9115
vn 0.2236 0.2876 -0.9313
vn -0.1558 -0.2353 -0.9594
vn 0.1961 -0.2766 -0.9408
vn 0.1821 0.1836 -0.9660
vn -0.1113 0.8519 -0.5117
vn 0.1006 0.8488 -0.5191
vn -0.0318 0.9796 0.1984
vn -0.3238 -0.7960 0.5114
vn -0.6990 0.6267 0.3445
vn -0.4301 0.6270 0.6495
vn 0.1509 0.3347 0.9302
vn 0.0015 -0.3965 0.9180
vn -0.0136 -0.3296 0.9440
vn -0.0021 -0.3968 0.9179
vn 0.0012 -0.3702 0.9290
vn -0.0018 -0.3875 0.9219
vn 0.0391 0.1588 0.9865
vn -0.2341 -0.9090 -0.3450
vn -0.6208 -0.3371 -0.7078
vn 0.0150 0.9843 -0.1761
vn 0.7510 0.1726 0.6373
vn -0.8872 -0.1300 0.4426
vn -0.7989 0.2779 -0.5335
vn 0.4616 0.5680 -0.6814
vn 0.1596 -0.9579 -0.2388
vn -0.2008 -0.2655 -0.9430
vn 0.0149 0.9736 0.2276
vn 0.0011 0.9657 0.2596
vn 0.9938 0.0684 0.0877
vn -0.9997 -0.0178 0.0139
vn 0.1947 0.7216 0.6644
vn -0.1353 -0.2961 0.9455
vn 0.5890 -0.2925 0.7533
vn 0.0069 0.1005 0.9949
vn 0.0007 0.1042 0.9946
vn -0.0008 0.0751 0.9972
vn 0.0030 0.1189 0.9929
vn 0.0014 0.1012 0.9949
vn -0.0044 0.1531 0.9882
vn -0.9412 -0.1395 0.3078
vn 0.4551 -0.7226 -0.5203
vn -0.2060 0.9152 -0.3463
vn 0.8510 0.2283 0.4729
vn -0.7207 -0.0442 0.6919
vn -0.9020 -0.1610 0.4006
vn 0.6004 -0.3627 0.7128
vn -0.5895 -0.3236 0.7401
vn 0.8105 0.2179 -0.5437
vn -0.0360 0.6404 -0.7672
vn -0.3494 -0.4536 -0.8198
vn 0.2429 -0.4494 -0.8596
vn -0.2275 0.2985 -0.9269
vn -0.1951 0.4220 -0.8854
vn 0.1116 0.4139 -0.9034
vn 0.1388 0.4293 -0.8924
vn 0.0379 0.9808 0.1914
vn 0.9389 0.3327 0.0885
vn -0.9692 0.2462 0.0019
vn -0.4694 -0.3161 0.8244
vn -0.4820 -0.1564 0.8621
vn -0.0017 0.1050 0.9945
vn 0.8478 -0.2878 0.4454
vn 0.9987 -0.0494 -0.0155
vn 0.6690 0.2776 -0.6895
vn -0.7269 0.2656 -0.6333
vn 0.6865 -0.7207 -0.0969
vn 0.9388 -0.2417 -0.2453
vn -0.8317 0.1934 0.5205
vn 0.8753 0.4761 0.0843
vn 0.6731 -0.3146 0.6693
vn -0.1946 -0.3901 -0.9000
vn -0.0711 0.3872 -0.9193
vn -0.0226 0.3970 -0.9175
vn 0.2811 0.0603 -0.9578
vn -0.2722 0.3937 -0.8780
vn 0.1648 0.7775 -0.6070
vn -0.9981 -0.0108 0.0607
vn 0.9983 -0.0477 0.0324
vn 0.6740 0.7031 0.2267
vn 0.1088 -0.3540 0.9289
vn -0.6279 -0.3963 0.6698
vn -0.9903 0.0491 -0.1300
vn -0.0096 -0.9998 -0.0164
vn 0.3020 -0.1522 0.9411
vn 0.2291 -0.6887 0.6879
vn 0.1380 0.1361 -0.9810
vn 0.0705 -0.2063 -0.9759
vn 0.0348 -0.2188 -0.9751
vn 0.1975 -0.3310 -0.9227
vn -0.0309 0.8406 0.5407
vn -0.0301 0.9995 -0.0081
vn -0.0675 -0.3740 0.9250
vn 0.8555 -0.1931 0.4804
vn -0.6833 -0.3665 0.6315
vn -0.6154 0.4481 -0.6484
vn 0.0424 0.9932 -0.1088
vn -0.5384 0.3147 0.7817
vn -0.3968 -0.0274 0.9175
vn 0.1452 -0.4929 0.8579
vn -0.2328 0.0735 -0.9697
vn -0.1181 0.4216 -0.8991
vn -0.2806 -0.2800 -0.9181
vn -0.6296 -0.6541 0.4193
vn 0.9392 0.3398 0.0490
vn -0.1237 0.8735 0.4708
vn 0.5310 -0.3072 0.7897
vn 0.9975 0.0389 -0.0585
vn -0.8058 0.2056 -0.5553
vn 0.1446 0.3791 -0.9140
vn 0.6423 -0.7374 -0.2093
vn -0.3170 -0.9355 -0.1560
vn -0.3024 -0.8983 -0.3187
vn 0.7236 0.1796 -0.6665
vn 0.9579 -0.0257 -0.2859
vn 0.7993 0.3914 0.4560
vn 0.4449 0.1905 0.8751
vn -0.0442 0.9932 -0.1076
vn -0.7799 -0.3388 -0.5262
vn -0.0017 -0.8601 0.5101
vn -0.4302 0.1280 -0.8936
vn 0.4306 -0.7753 -0.4620
vn 0.2337 -0.0263 -0.9719
vn 0.2210 0.4030 -0.8881
vn 0.0324 0.3874 -0.9213
vn -0.0366 -0.2107 -0.9769
vn 0.0426 0.8448 0.5334
vn 0.5340 0.6812 -0.5008
vn -0.1257 0.9918 -0.0220
vn 0.0842 0.8229 0.5619
vn -0.1136 0.7927 0.5989
vn -0.0577 0.9589 0.2778
vn 0.0247 0.9994 -0.0252
vn 0.1474 -0.8318 0.5352
vn -0.9959 0.0901 -0.0046
vn -0.9914 -0.0313 0.1273
vn 0.7682 0.2338 -0.5960
vn -0.0597 0.3743 -0.9254
vn -0.9827 0.0902 0.1616
vn -0.8175 0.3987 0.4155
vn 0.0023 -0.8661 0.4999
vn 0.9194 -0.3895 0.0538
vn 0.4256 0.0467 -0.9037
vn -0.2962 -0.0203 -0.9549
vn -0.0740 0.1550 -0.9851
vn -0.1231 -0.2285 -0.9657
vn 0.1462 -0.1818 -0.9724
vn 0.2869 -0.3307 -0.8990
vn -0.8529 0.4946 0.1670
vn 0.6460 0.6862 0.3343
vn -0.8761 -0.2154 0.4313
vn -0.6646 -0.7253 -0.1799
vn -0.9649 0.1730 -0.1978
vn 0.2321 -0.1044 0.9671
vn -0.1865 0.4645 -0.8657
vn -0.5891 0.4631 -0.6622
vn 0.0402 0.6211 0.7827
vn 0.3976 -0.1351 -0.9076
vn -0.9965 0.0700 0.0453
vn -0.5421 0.7831 0.3049
vn -0.9858 -0.0700 0.1527
vn 0.0005 -1.0000 0.0066
vn 0.9968 0.0333 0.0721
vn 0.3457 0.8672 -0.3584
vn -0.0121 0.9964 -0.0836
vn 0.1396 0.7581 0.6371
vn 0.1402 -0.4909 0.8599
vn -0.7916 -0.4880 0.3677
vn -0.3277 -0.4875 0.8093
vn -0.2312 -0.5915 0.7724
vn -0.3012 -0.7130 0.6331
vn -0.0050 -0.8645 0.5026
vn 0.3296 0.0491 -0.9428
vn 0.0173 0.1126 -0.9935
vn 0.0120 -0.2088 -0.9779
vn -0.0075 -0.1622 -0.9867
vn 0.0256 -0.1638 -0.9862
vn -0.0846 -0.1475 -0.9854
vn 0.0895 -0.1836 -0.9789
vn 0.1234 -0.1194 -0.9851
vn -0.3081 -0.3295 -0.8925
vn -0.0501 0.6537 0.7551
vn 0.1009 0.6916 0.7152
vn 0.2744 0.9068 0.3199
vn 0.0365 0.9453 0.3242
vn 0.9966 -0.0239 0.0793
vn 0.0386 0.9243 0.3796
vn 0.8415 -0.2242 0.4915
vn 0.9996 -0.0043 -0.0284
vn 0.9948 0.0461 -0.0905
vn -0.7265 -0.3106 -0.6130
vn 0.7969 -0.2138 -0.5650
vn -0.1953 -0.9607 -0.1971
vn -0.4000 0.0514 -0.9151
vn -0.2751 0.4202 -0.8647
vn -0.0161 0.1146 -0.9933
vn 0.1327 -0.2652 -0.9550
vn -0.1281 -0.1940 -0.9726
vn 0.1786 -0.2423 -0.9536
vn -0.2211 -0.2300 -0.9477
vn 0.8421 0.3947 -0.3676
vn 0.9494 0.3018 0.0873
vn -0.9797 0.1741 0.0994
vn 0.5467 -0.3660 0.7531
vn -0.5125 -0.3218 0.7961
vn 0.8104 -0.2077 0.5478
vn -0.7240 0.2626 -0.6379
vn 0.4491 0.3359 -0.8279
vn -0.4004 0.3396 -0.8511
vn -0.3129 -0.9033 -0.2935
vn 0.0080 -0.8596 0.5109
vn 0.0006 -0.8561 0.5169
vn 0.1469 -0.8563 0.4951
vn 0.0809 0.1622 -0.9834
vn 0.0036 -0.0029 -1.0000
vn -0.1640 -0.2216 -0.9612
vn -0.1465 -0.2387 -0.9600
vn -0.1319 -0.1954 -0.9718
vn 0.0947 -0.2530 -0.9628
vn 0.1958 -0.0885 -0.9766
vn -0.0083 0.4612 0.8873
vn -0.9248 0.3665 0.1020
vn 0.9996 -0.0179 -0.0218
vn 0.9944 0.0830 0.0650
vn 0.9991 -0.0045 -0.0433
vn -0.8676 -0.1917 0.4588
vn -0.9981 0.0154 -0.0594
vn -0.4777 0.3244 -0.8164
vn -0.4895 0.7301 -0.4768
vn 0.5734 -0.6327 0.5205
vn 0.0058 -0.9981 0.0620
vn 0.0072 -0.8680 0.4965
vn -0.8121 -0.3472 -0.4689
vn 0.4206 -0.0153 -0.9071
vn 0.2999 0.4091 -0.8618
vn 0.2113 0.1090 -0.9713
vn -0.1564 0.0026 -0.9877
vn 0.1533 0.0822 -0.9847
vn -0.0402 0.0886 -0.9953
vn -0.1400 -0.0412 -0.9893
vn 0.0401 0.0886 -0.9953
vn 0.1334 0.0479 -0.9899
vn 0.0297 -0.1433 -0.9892
vn -0.1116 -0.2547 -0.9606
vn -0.1755 -0.1770 -0.9684
vn 0.1148 -0.2359 -0.9650
vn 0.2305 -0.1698 -0.9581
vn -0.1094 0.5608 0.8207
vn 0.1355 0.7396 0.6592
vn -0.0536 0.9323 0.3578
vn -0.9718 0.2179 0.0896
vn 0.6860 0.7052 0.1793
vn -0.5433 -0.3036 0.7827
vn 0.0017 -0.3658 0.9307
vn -0.9951 0.0617 -0.0768
vn -0.5234 -0.6283 -0.5755
vn 0.6323 -0.5028 -0.5894
vn 0.7264 0.3009 -0.6179
vn -0.1628 -0.7605 0.6286
vn 0.3297 0.4167 -0.8471
vn 0.1958 0.4683 -0.8616
vn -0.1554 0.1002 -0.9828
vn 0.1354 0.3850 -0.9129
vn 0.1375 0.0817 -0.9871
vn 0.0200 0.2228 -0.9747
vn 0.0933 0.2910 -0.9522
vn -0.0412 0.2038 -0.9781
vn -0.0207 0.2102 -0.9774
vn 0.2437 -0.2256 -0.9432
vn -0.1039 -0.2407 -0.9650
vn -0.1265 0.7599 0.6376
vn 0.9180 0.2638 0.2960
vn -0.0377 -0.3667 0.9296
vn 0.4898 0.3188 -0.8114
vn 0.0088 0.3594 -0.9331
vn 0.0219 0.3670 -0.9300
vn 0.4029 -0.8956 -0.1885
vn -0.0023 -1.0000 0.0019
vn 0.6987 0.7074 0.1070
vn -0.4328 0.8194 0.3759
vn 0.3891 -0.6291 0.6730
vn -0.4473 -0.2017 -0.8713
vn 0.6721 -0.6277 -0.3927
vn 0.1652 0.1046 -0.9807
vn -0.1320 0.0314 -0.9908
vn 0.1245 0.3028 -0.9449
vn -0.0876 0.2239 -0.9707
vn 0.0968 0.1113 -0.9891
vn 0.2119 -0.1871 -0.9592
vn -0.2489 -0.2286 -0.9412
vn -0.2254 -0.2252 -0.9479
vn 0.1878 -0.2474 -0.9505
vn 0.0826 0.4335 0.8973
vn 0.7835 -0.0888 -0.6150
vn -0.0938 0.4435 0.8913
vn 0.1385 0.4496 0.8824
vn -0.3447 0.8381 0.4229
vn -0.9717 0.2290 -0.0581
vn 0.4814 -0.3085 0.8204
vn 0.4562 -0.3171 0.8315
vn 0.7996 -0.2191 0.5592
vn 0.7634 0.2473 -0.5968
vn -0.9591 0.2605 -0.1103
vn 0.0137 0.9990 -0.0436
vn 0.0020 -0.8753 0.4835
vn 0.0958 -0.9868 0.1307
vn -0.0254 -0.9426 0.3329
vn 0.6384 -0.5892 -0.4952
vn -0.2601 0.5451 -0.7970
vn 0.2526 0.5017 -0.8274
vn -0.2130 0.0441 -0.9761
vn 0.1699 0.1829 -0.9683
vn 0.0364 0.0511 -0.9980
vn -0.0179 -0.1020 -0.9946
vn -0.2763 -0.1154 -0.9541
vn 0.0789 -0.1411 -0.9868
vn -0.1292 -0.2140 -0.9682
vn 0.0966 -0.2255 -0.9694
vn -0.0816 -0.2357 -0.9684
vn 0.2764 -0.2241 -0.9345
vn 0.1711 -0.1936 -0.9660
vn 0.2556 -0.2381 -0.9370
vn -0.2083 -0.1903 -0.9594
vn -0.6870 -0.1431 -0.7124
vn -0.8916 0.4336 -0.1304
vn -0.1337 -0.9855 -0.1050
vn 0.0018 -1.0000 -0.0010
vn 0.1993 -0.9603 -0.1953
vn -0.6378 0.7678 0.0610
vn 0.3269 0.3772 -0.8665
vn -0.6606 0.4322 -0.6139
vn -0.0439 0.9961 -0.0761
vn 0.0049 0.9990 -0.0449
vn -0.2129 -0.8826 0.4192
vn -0.2688 0.1869 -0.9449
vn 0.3679 0.2691 -0.8901
vn 0.2168 0.0816 -0.9728
vn -0.1416 0.2807 -0.9493
vn -0.1316 0.2596 -0.9567
vn 0.1354 0.2351 -0.9625
vn -0.1618 0.1367 -0.9773
vn -0.1507 0.0412 -0.9877
vn 0.0149 0.0399 -0.9991
vn -0.0118 0.0428 -0.9990
vn 0.1689 -0.0466 -0.9845
vn -0.1384 -0.2119 -0.9674
vn 0.1253 -0.2203 -0.9673
vn 0.0742 -0.2218 -0.9723
vn 0.3406 -0.2232 -0.9133
vn -0.1891 -0.2493 -0.9498
vn -0.2887 -0.2373 -0.9275
vn 0.2188 -0.1994 -0.9552
vn -0.2779 -0.2459 -0.9286
vn -0.1514 0.4509 0.8796
vn -0.7285 -0.3129 0.6094
vn 0.9951 0.0844 0.0514
vn -0.9881 0.1379 0.0687
vn 0.9982 -0.0573 0.0201
vn 0.1097 0.9816 0.1565
vn 0.7453 -0.2484 0.6188
vn -0.8451 0.1901 -0.4996
vn 0.2137 -0.8894 -0.4042
vn 0.0277 -0.8673 0.4969
vn -0.5266 -0.8448 -0.0947
vn 0.6485 -0.7584 -0.0660
vn 0.7962 -0.0511 -0.6029
vn -0.3105 0.4739 -0.8240
vn -0.2012 0.2611 -0.9441
vn -0.1505 0.2606 -0.9537
vn -0.2778 -0.0805 -0.9573
vn 0.2788 -0.1710 -0.9450
vn -0.2634 -0.1929 -0.9452
vn 0.3431 -0.3188 -0.8835
vn 0.1747 0.4956 0.8508
vn -0.0299 0.6831 0.7297
vn 0.0495 0.7224 0.6897
vn 0.6495 -0.6140 0.4485
vn -0.9524 0.2753 0.1310
vn -0.9935 -0.1100 0.0306
vn -0.4192 0.8862 0.1972
vn -0.5359 -0.3184 0.7820
vn -0.8408 -0.1857 0.5084
vn 0.9992 0.0049 -0.0405
vn -0.2373 -0.9706 0.0412
vn -0.6485 -0.7608 -0.0238
vn -0.7387 -0.0909 -0.6678
vn 0.3363 0.9395 0.0653
vn 0.6807 0.3229 -0.6575
vn -0.0130 -0.8783 0.4779
vn -0.7976 0.2139 -0.5640
vn -0.2762 0.5303 -0.8015
vn -0.2613 0.0851 -0.9615
vn 0.2062 0.2547 -0.9448
vn 0.1621 0.0734 -0.9840
vn -0.1607 0.0458 -0.9859
vn 0.2220 -0.0548 -0.9735
vn 0.1503 -0.0938 -0.9842
vn -0.1285 -0.1041 -0.9862
vn 0.0108 -0.2097 -0.9777
vn 0.1101 -0.0656 -0.9918
vn 0.2018 -0.2555 -0.9455
vn -0.1833 0.4790 0.8585
vn 0.6346 -0.4821 0.6041
vn 0.8591 0.2128 0.4656
vn 0.9846 0.1467 0.0948
vn 0.1757 0.9803 0.0899
vn 0.0416 -0.3693 0.9284
vn 0.9980 0.0338 -0.0543
vn -0.7607 0.2447 -0.6012
vn -0.4288 0.3241 -0.8433
vn -0.9554 -0.2261 -0.1902
vn 0.3489 0.8693 -0.3501
vn 0.2170 -0.8917 0.3973
vn -0.3465 0.3549 -0.8683
vn 0.3422 0.0349 -0.9390
vn -0.2081 0.3980 -0.8934
vn -0.1641 0.0964 -0.9817
vn -0.1679 -0.0765 -0.9828
vn -0.0463 -0.1468 -0.9881
vn 0.2889 -0.1263 -0.9490
vn -0.3272 -0.1571 -0.9318
vn -0.2716 -0.2173 -0.9376
vn 0.1890 -0.2414 -0.9518
vn -0.2290 -0.2459 -0.9418
vn 0.2721 -0.2425 -0.9312
vn 0.5279 0.6379 0.5607
vn 0.8545 0.5195 0.0033
vn -0.6611 0.7482 0.0558
vn -0.4645 0.3107 -0.8293
vn 0.5360 -0.8404 -0.0806
vn 0.3551 -0.9344 0.0295
vn -0.7109 -0.6755 -0.1958
vn -0.7776 -0.0166 -0.6286
vn -0.3978 0.2234 -0.8899
vn 0.2518 0.2894 -0.9235
vn 0.2167 0.2776 -0.9359
vn 0.2684 0.0857 -0.9595
vn 0.1226 0.0662 -0.9902
vn -0.0935 0.0466 -0.9945
vn 0.0753 -0.0348 -0.9966
vn -0.2359 -0.0034 -0.9718
vn -0.1997 -0.2257 -0.9535
vn -0.2601 -0.2452 -0.9339
vn -0.2952 -0.1756 -0.9392
vn -0.3414 -0.2817 -0.8967
vn -0.8197 -0.0317 -0.5720
vn 0.0149 0.3988 0.9169
vn -0.0422 0.3970 0.9169
vn 0.1781 0.4172 0.8912
vn -0.9181 0.2717 0.2887
vn -0.7784 0.0708 0.6237
vn -0.9926 -0.1200 -0.0160
vn -0.8330 0.5489 0.0687
vn 0.5567 0.8264 0.0844
vn -0.8612 -0.1864 0.4728
vn -0.9989 0.0110 -0.0467
vn 0.8298 0.2003 -0.5208
vn 0.4240 0.3288 -0.8439
vn 0.0774 -0.9964 -0.0333
vn 0.0069 -0.3927 0.9196
vn -0.0109 -0.3969 0.9178
vn -0.0297 -0.8590 0.5111
vn -0.1862 -0.9679 0.1690
vn -0.3279 0.4206 -0.8459
vn 0.2866 0.5054 -0.8139
vn -0.2471 0.3841 -0.8896
vn -0.2220 0.2740 -0.9358
vn 0.2815 -0.2352 -0.9303
vn -0.2879 -0.2176 -0.9326
vn 0.8105 0.4436 0.3825
vn -0.6086 0.5499 0.5720
vn 0.0940 -0.3793 0.9205
vn -0.9955 0.0459 -0.0830
vn -0.0209 0.9995 -0.0251
vn 0.0471 -0.3982 0.9161
vn -0.0439 -0.4073 0.9123
vn 0.6205 0.2808 -0.7322
vn 0.3155 0.2976 -0.9010
vn 0.4016 0.2844 -0.8705
vn -0.2120 0.0462 -0.9762
vn 0.1365 0.2175 -0.9665
vn -0.2903 0.0758 -0.9539
vn 0.3075 0.0797 -0.9482
vn -0.3144 -0.1348 -0.9397
vn 0.3222 -0.1315 -0.9375
vn 0.2709 -0.1692 -0.9476
vn 0.3040 -0.1920 -0.9331
vn 0.5063 -0.0637 0.8600
vn 0.4481 0.3627 0.8171
vn -0.5757 0.1453 0.8046
vn 0.6469 0.2877 0.7062
vn -0.5045 -0.0927 0.8584
vn 0.8723 -0.2984 0.3875
vn -0.6941 -0.4191 0.5853
vn -0.1247 0.1629 0.9787
vn 0.8076 -0.0279 -0.5890
vn 0.1054 0.2519 0.9620
vn -0.4693 0.3359 0.8167
vn -0.9364 0.3369 0.0980
vn -0.0528 0.2779 0.9592
vn -0.9845 -0.0148 0.1750
vn -0.2211 0.9725 0.0731
vn -0.6365 0.5415 -0.5492
vn 0.2820 0.6067 -0.7432
vn -0.0871 -0.4003 0.9122
vn 0.0549 -0.9793 0.1946
vn 0.4246 0.3998 -0.8123
vn 0.1991 0.0548 -0.9784
vn 0.2140 -0.1031 -0.9714
vn -0.2470 -0.1058 -0.9632
vn 0.3286 -0.2843 -0.9007
vn 0.3505 -0.2870 -0.8915
vn 0.6305 0.3036 0.7144
vn 0.3733 0.2233 0.9004
vn 0.2046 0.2729 0.9400
vn 0.8194 -0.4221 0.3879
vn 0.6647 -0.7431 0.0769
vn -0.8154 -0.4828 0.3194
vn 0.9976 -0.0587 -0.0361
vn -0.7573 0.6531 0.0061
vn 0.6903 0.7190 0.0806
vn 0.5259 -0.3083 0.7927
vn -0.0244 0.9982 0.0543
vn 0.9918 -0.0764 -0.1023
vn 0.7304 0.2389 -0.6398
vn -0.2616 0.2313 -0.9371
vn -0.2768 -0.1580 -0.9478
vn 0.2582 -0.2022 -0.9447
vn -0.2666 -0.2024 -0.9423
vn -0.4574 -0.2381 -0.8568
vn -0.6186 0.3174 0.7187
vn -0.6351 0.2882 0.7166
vn -0.3528 0.1981 0.9145
vn 0.8759 0.3964 0.2752
vn 0.1172 0.4521 0.8842
vn -0.1029 0.4529 0.8856
vn -0.1650 0.5133 0.8422
vn -0.5070 -0.3114 0.8037
vn 0.8768 -0.1794 0.4461
vn -0.9982 0.0276 -0.0536
vn 0.3774 0.3467 -0.8587
vn -0.0646 0.3563 -0.9322
vn -0.0157 -0.4114 0.9113
vn 0.8315 -0.4447 0.3329
vn -0.9153 -0.2996 0.2693
vn 0.9762 -0.0466 -0.2118
vn 0.7051 0.1154 -0.6996
vn -0.3664 0.2734 -0.8894
vn 0.2703 0.0305 -0.9623
vn -0.2456 -0.1932 -0.9499
vn -0.4404 0.3663 0.8197
vn 0.0994 0.3906 0.9152
vn -0.4921 0.0120 0.8705
vn 0.4649 0.3537 0.8116
vn -0.4134 -0.4172 0.8094
vn 0.7324 0.1762 0.6576
vn -0.1845 0.3070 0.9337
vn 0.0407 -0.7712 0.6352
vn -0.2042 -0.7717 0.6023
vn 0.5201 -0.3184 0.7925
vn 0.8395 -0.1923 0.5082
vn 0.9967 0.0161 -0.0792
vn 0.9982 0.0179 -0.0579
vn 0.0545 -0.8512 0.5219
vn 0.3521 -0.8149 0.4605
vn -0.1276 -0.8591 0.4957
vn 0.0225 -0.4110 0.9113
vn 0.2854 0.5785 -0.7642
vn -0.3918 0.3676 -0.8434
vn 0.3338 0.0920 -0.9382
vn -0.2928 0.0457 -0.9551
vn -0.1961 0.3644 0.9104
vn 0.6707 0.2637 0.6933
vn -0.3764 0.3387 0.8624
vn 0.1104 0.2084 0.9718
vn 0.2236 0.5008 0.8362
vn 0.1675 -0.7218 0.6715
vn 0.6933 0.7206 0.0066
vn -0.8213 -0.2075 0.5314
vn 0.8263 0.4843 -0.2875
vn -0.4069 -0.8240 0.3942
vn -0.8027 0.1942 -0.5639
vn 0.3289 0.1051 -0.9385
vn 0.2932 -0.0881 -0.9520
vn -0.2260 -0.0526 -0.9727
vn 0.5961 -0.2271 -0.7701
vn 0.6434 0.3233 0.6939
vn 0.8155 0.2293 0.5314
vn 0.4703 0.3263 0.8200
vn 0.5391 0.3006 0.7868
vn -0.5828 0.2762 0.7642
vn -0.6413 -0.5744 0.5087
vn 0.2616 -0.8255 0.5002
vn -0.8481 -0.2077 0.4874
vn 0.7393 0.2736 -0.6153
vn -0.0829 0.3084 -0.9476
vn 0.3823 0.3004 -0.8738
vn -0.2280 -0.9496 -0.2150
vn -0.8037 0.5113 -0.3043
vn -0.1314 -0.1688 -0.9769
vn 0.0785 -0.4193 0.9044
vn 0.1699 0.6270 -0.7603
vn -0.6998 -0.0427 -0.7131
vn -0.3480 0.1446 -0.9263
vn -0.6900 -0.2665 -0.6729
vn 0.2614 -0.1915 -0.9460
vn -0.5209 -0.2653 -0.8114
vn 0.5360 -0.2654 -0.8014
vn -0.3380 -0.2654 -0.9029
vn -0.4913 0.3450 0.7997
vn -0.0267 0.3679 0.9295
vn -0.6282 0.3072 0.7148
vn -0.6569 0.2637 0.7064
vn -0.3342 -0.1949 0.9221
vn 0.2618 0.2886 0.9209
vn 0.2911 0.3219 0.9009
vn -0.7061 0.1871 0.6830
vn 0.4089 0.2197 0.8858
vn 0.0449 0.0095 0.9989
vn 0.1874 0.3649 0.9120
vn -0.4643 0.4972 0.7330
vn -0.6081 -0.7938 0.0105
vn 0.0265 0.9995 0.0156
vn -0.9999 -0.0113 0.0044
vn -0.7820 0.1850 -0.5952
vn -0.5779 0.2564 -0.7748
vn 0.7383 0.2218 -0.6370
vn 0.0062 0.9986 -0.0519
vn 0.1036 -0.4179 0.9026
vn -0.8380 -0.3421 0.4251
vn -0.2660 0.6262 -0.7329
vn -0.2150 0.6091 -0.7634
vn 0.7215 0.2446 -0.6478
vn -0.2354 -0.1219 -0.9642
vn 0.0120 0.3659 0.9306
vn 0.6087 0.3303 0.7214
vn -0.5380 0.3422 0.7703
vn 0.6662 0.2840 0.6895
vn 0.2554 0.3363 0.9065
vn -0.2948 0.3355 0.8947
vn -0.6586 0.2330 0.7155
vn -0.0874 -0.9961 -0.0076
vn -0.4301 0.9020 0.0369
vn -0.2579 0.3334 -0.9068
vn 0.0334 -0.9256 -0.3771
vn 0.7251 -0.6593 -0.1990
vn -0.6967 -0.4888 -0.5251
vn 0.6637 0.6329 -0.3986
vn 0.2703 0.9593 -0.0815
vn -0.0141 0.9969 0.0775
vn 0.0933 -0.4315 0.8973
vn -0.1005 -0.4322 0.8961
vn -0.0933 -0.4181 0.9036
vn 0.7361 -0.1815 -0.6520
vn 0.6977 -0.2357 -0.6765
vn 0.6779 -0.2725 -0.6827
vn 0.5690 0.3183 0.7582
vn 0.4638 0.3536 0.8123
vn -0.4911 0.3342 0.8045
vn -0.5687 0.3229 0.7565
vn -0.7579 0.2445 0.6048
vn -0.8180 0.4343 0.3773
vn -0.2208 -0.9750 -0.0235
vn -0.0007 -0.3641 0.9314
vn -0.4318 -0.3325 0.8384
vn 0.9989 0.0069 -0.0461
vn -0.7809 -0.5852 -0.2184
vn 0.2478 -0.9634 -0.1027
vn -0.2023 0.9496 -0.2393
vn 0.0090 0.9877 0.1561
vn 0.1451 0.9738 0.1750
vn -0.2572 0.5259 -0.8108
vn 0.2263 0.5893 -0.7756
vn -0.7516 -0.1892 -0.6319
vn 0.7233 -0.2556 -0.6415
vn -0.7176 -0.2600 -0.6461
vn -0.6971 -0.3041 -0.6492
vn -0.6047 0.3131 0.7323
vn -0.8975 0.0742 -0.4347
vn 0.5952 0.2973 0.7466
vn 0.4190 0.3344 0.8442
vn -0.6049 0.2889 0.7420
vn -0.3461 0.3505 0.8703
vn 0.2657 0.3831 0.8847
vn 0.7812 0.2306 0.5801
vn 0.6676 0.2390 0.7051
vn -0.1550 0.3624 0.9191
vn -0.4878 -0.3294 0.8084
vn 0.6983 0.3932 -0.5981
vn 0.8204 -0.3585 0.4454
vn 0.7272 0.3259 -0.6041
vn 0.3857 0.4352 -0.8135
vn 0.7576 0.0172 -0.6525
vn -0.7052 0.1544 -0.6920
vn 0.2892 -0.2842 -0.9141
vn 0.8120 0.0264 -0.5830
vn -0.4372 0.3695 0.8200
vn 0.7122 0.2680 0.6488
vn -0.3726 0.3471 0.8606
vn -0.7123 0.2528 0.6548
vn 0.8246 0.4295 0.3682
vn 0.8504 -0.2050 0.4846
vn -0.9995 0.0127 -0.0279
vn -0.5622 0.1270 -0.8172
vn 0.2079 0.3660 -0.9071
vn 0.1821 -0.9755 -0.1235
vn -0.7088 0.5757 -0.4077
vn 0.6117 0.5340 -0.5837
vn -0.1350 0.9750 0.1762
vn -0.0132 -0.4826 0.8757
vn -0.3963 0.4313 -0.8105
vn 0.7399 -0.3117 -0.5961
vn 0.4703 0.3285 0.8191
vn 0.4677 0.3309 0.8197
vn 0.3020 0.3604 0.8826
vn 0.3521 0.3595 0.8641
vn -0.7639 0.2485 0.5956
vn -0.0018 0.4097 0.9122
vn 0.1388 -0.9902 -0.0134
vn -0.6713 -0.7411 -0.0070
vn -0.9851 -0.1719 -0.0103
vn -0.6344 0.7729 0.0061
vn 0.8181 0.5750 0.0078
vn 0.3882 0.9215 0.0141
vn 0.3588 0.9334 0.0101
vn 0.0523 -0.3645 0.9297
vn -0.7606 0.2636 -0.5933
vn 0.6871 0.2994 -0.6619
vn 0.0958 0.1896 -0.9772
vn -0.7115 -0.5723 -0.4077
vn -0.2912 0.8046 -0.5176
vn -0.5919 0.5605 -0.5793
vn 0.0381 0.9942 -0.1009
vn 0.0101 0.9984 0.0563
vn -0.1026 -0.4677 0.8779
vn 0.0050 -0.3752 0.9269
vn -0.7620 0.2911 -0.5784
vn 0.6162 0.3799 -0.6900
vn -0.7328 -0.0119 -0.6804
vn -0.7266 -0.2908 -0.6225
vn 0.7264 -0.2783 -0.6284
vn -0.3049 -0.2455 -0.9202
vn -0.4941 0.3269 0.8056
vn 0.6131 0.2839 0.7372
vn 0.5940 0.3029 0.7452
vn 0.2544 0.3667 0.8949
vn -0.7858 0.2274 0.5751
vn -0.8354 0.0504 -0.5473
vn 0.6573 0.2720 0.7029
vn -0.3424 0.3560 0.8695
vn 0.5744 -0.8185 -0.0063
vn -0.9973 -0.0724 -0.0112
vn -0.1749 0.9845 0.0141
vn -0.2060 -0.8339 -0.5121
vn -0.9226 0.2849 -0.2602
vn 0.2226 0.9432 -0.2465
vn 0.1182 -0.4547 0.8828
vn -0.0545 -0.4025 0.9138
vn 0.0381 -0.3537 0.9346
vn 0.7599 -0.1994 -0.6187
vn -0.8281 -0.1367 -0.5437
vn -0.7534 -0.2611 -0.6034
vn 0.3236 -0.2462 -0.9136
vn -0.3001 0.3709 0.8789
vn -0.6708 0.2745 0.6889
vn 0.3295 0.4798 0.8132
vn -0.3945 -0.3423 0.8528
vn 0.4192 -0.3338 0.8443
vn 0.9975 -0.0361 -0.0614
vn 0.9417 -0.1037 -0.3201
vn -0.7452 0.4159 -0.5212
vn -0.2281 -0.6666 -0.7096
vn -0.5782 0.6236 -0.5261
vn 0.6603 0.5243 -0.5377
vn 0.0537 0.9922 0.1125
vn -0.0296 0.9938 0.1071
vn 0.0857 -0.4084 0.9088
vn 0.4370 0.1417 -0.8882
vn 0.3245 -0.2281 -0.9180
vn -0.3898 0.3197 0.8636
vn -0.5925 0.3221 0.7384
vn 0.6781 0.2758 0.6813
vn 0.6761 0.2724 0.6847
vn 0.9727 -0.2318 0.0087
vn 0.4563 -0.3405 0.8221
vn 0.4264 -0.2683 -0.8638
vn -0.5301 0.5919 -0.6072
vn -0.4335 -0.2789 -0.8569
vn 0.0024 -0.8562 -0.5166
vn -0.6960 0.2869 -0.6583
vn 0.6761 0.1862 -0.7129
vn -0.1738 0.8903 0.4208
vn -0.1502 -0.5149 0.8440
vn 0.1289 -0.4299 0.8936
vn -0.0604 0.6068 -0.7925
vn -0.2197 0.5047 -0.8348
vn -0.5814 0.2937 0.7587
vn 0.5204 0.3121 0.7949
vn -0.6432 0.2975 0.7055
vn 0.4257 0.3417 0.8379
vn -0.6691 0.2519 0.6991
vn -0.0250 0.4199 0.9072
vn -0.6016 -0.2917 0.7436
vn -0.9895 0.0379 0.1396
vn 0.9740 -0.0236 0.2254
vn -0.9910 -0.0468 -0.1251
vn -0.2883 0.5487 -0.7848
vn 0.3002 0.4968 -0.8143
vn 0.3748 0.7209 -0.5830
vn 0.6347 0.7609 0.1346
vn 0.9722 -0.1688 0.1622
vn -0.4302 -0.1543 -0.8895
vn -0.3188 0.3337 0.8871
vn -0.6214 0.2804 0.7316
vn 0.7385 0.2362 0.6315
vn 0.6790 0.2545 0.6886
vn -0.6772 0.2552 0.6902
vn 0.6772 0.2716 0.6838
vn 0.3958 0.3359 0.8547
vn 0.9842 0.1698 0.0506
vn 0.7640 0.4574 -0.4550
vn 0.1126 0.0287 -0.9932
vn -0.2235 -0.1471 -0.9636
vn 0.4657 -0.5843 -0.6646
vn 0.9429 0.2518 -0.2180
vn -0.9764 -0.1681 0.1357
vn -0.0428 -0.3457 0.9374
vn 0.2415 0.4923 -0.8362
vn 0.5930 0.2863 0.7526
vn -0.4404 0.3170 0.8400
vn -0.3952 0.3284 0.8579
vn 0.3515 0.3321 0.8753
vn 0.8486 0.0741 -0.5239
vn 0.1327 0.3673 0.9206
vn -0.0912 -0.3662 0.9260
vn 0.7764 -0.2533 0.5770
vn -0.8364 -0.2450 0.4903
vn 0.7716 -0.4662 -0.4328
vn 0.5115 -0.5924 -0.6224
vn 0.0293 0.3129 -0.9493
vn -0.8140 0.2026 -0.5444
vn 0.0118 0.9995 -0.0281
vn 0.0976 -0.0579 0.9935
vn 0.1369 0.9764 0.1673
vn -0.3953 0.9155 0.0744
vn -0.0146 -0.5034 0.8639
vn 0.2801 -0.5088 0.8140
vn -0.2998 0.0660 -0.9517
vn 0.3132 -0.0577 -0.9479
vn 0.4314 0.3110 0.8469
vn -0.7195 -0.0222 -0.6941
vn 0.4524 0.3282 0.8292
vn 0.5778 0.2724 0.7694
vn -0.5907 0.2697 0.7605
vn 0.5094 0.2907 0.8100
vn 0.4624 0.3050 0.8326
vn -0.6597 0.2627 0.7041
vn 0.3531 0.3208 0.8789
vn 0.1865 0.3479 0.9188
vn -0.7403 0.4665 0.4841
vn -0.2967 0.4790 0.8261
vn 0.9992 -0.0368 -0.0169
vn -0.3556 0.9347 -0.0010
vn 0.3558 -0.3593 0.8627
vn 0.4926 -0.2828 0.8230
vn 0.0867 -0.3219 -0.9428
vn 0.0144 0.2259 -0.9740
vn -0.2215 0.5717 -0.7900
vn 0.1575 0.9691 0.1896
vn -0.4094 0.3127 0.8571
vn -0.2298 0.3274 0.9165
vn 0.4192 0.3088 0.8538
vn 0.5771 0.2940 0.7619
vn -0.3592 0.3235 0.8754
vn 0.6791 0.2401 0.6937
vn -0.3930 0.9195 0.0020
vn -0.9633 0.2473 0.1041
vn 0.2126 -0.8625 -0.4593
vn 0.0113 -0.2336 -0.9723
vn 0.0026 -0.2838 -0.9589
vn 0.0043 -0.6691 -0.7432
vn 0.0058 -0.1927 -0.9812
vn -0.0021 -0.6282 -0.7780
vn -0.0043 -0.2327 -0.9725
vn -0.0084 -0.2284 -0.9735
vn -0.0059 -0.6795 -0.7337
vn -0.0192 -0.6156 -0.7879
vn -0.0009 -0.3001 -0.9539
vn -0.0142 0.2596 -0.9656
vn 0.0088 0.1350 -0.9908
vn 0.0042 0.1729 -0.9849
vn -0.0124 0.1741 -0.9846
vn 0.0126 0.2379 -0.9712
vn -0.0358 0.3715 -0.9278
vn 0.1750 0.4262 -0.8875
vn 0.0085 0.5117 -0.8591
vn 0.0029 0.5941 -0.8044
vn -0.0611 -0.0784 -0.9950
vn 0.2715 0.6526 -0.7074
vn 0.5524 -0.6766 -0.4869
vn -0.0000 -0.9856 -0.1691
vn 0.0322 -0.9488 -0.3142
vn -0.0603 -0.8711 -0.4873
vn -0.2924 0.8558 0.4267
vn -0.3194 0.9405 0.1155
vn -0.1068 0.9889 0.1036
vn -0.0235 0.8868 0.4615
vn 0.2777 0.9536 0.1162
vn 0.1800 0.9764 0.1190
vn 0.1003 -0.3274 0.9396
vn -0.8336 0.2021 -0.5141
vn -0.2569 0.3457 -0.9025
vn 0.2316 0.3376 -0.9124
vn -0.3367 -0.2289 -0.9134
vn 0.5685 0.2631 0.7795
vn -0.5590 0.2754 0.7821
vn 0.3357 0.3153 0.8876
vn -0.7055 0.2392 0.6671
vn 0.6800 0.2363 0.6941
vn -0.9471 0.3170 0.0500
vn 0.7626 0.4608 0.4539
vn 0.5322 -0.8466 0.0025
vn -0.8876 0.4606 -0.0028
vn -0.8706 -0.4804 -0.1063
vn -0.0010 -0.6866 -0.7271
vn 0.0059 -0.7315 -0.6818
vn -0.0021 -0.6861 -0.7275
vn 0.0117 0.5365 -0.8438
vn -0.0014 0.5106 -0.8598
vn -0.0095 0.5541 -0.8324
vn -0.0088 0.5689 -0.8223
vn 0.1467 -0.3252 -0.9342
vn -0.2679 0.5546 -0.7878
vn 0.6743 0.6585 0.3343
vn 0.4049 0.8991 0.1660
vn 0.5112 0.8581 0.0478
vn 0.0172 0.8834 0.4684
vn -0.1415 -0.4414 0.8861
vn 0.8316 0.2615 -0.4900
vn 0.1083 0.3193 0.9414
vn -0.5727 0.2429 0.7829
vn 0.0017 0.2668 0.9638
vn -0.6235 0.2527 0.7398
vn -0.3397 0.3057 0.8895
vn 0.9208 0.3899 -0.0034
vn -0.4994 -0.3619 0.7872
vn -0.4111 -0.9054 -0.1065
vn -0.1790 -0.8824 -0.4352
vn -0.0009 -0.9203 -0.3913
vn 0.6223 0.7824 -0.0243
vn 0.0021 0.7566 -0.6538
vn 0.4111 0.5411 -0.7337
vn -0.1458 0.1798 -0.9728
vn 0.8290 0.4331 -0.3538
vn -0.8710 0.1267 -0.4746
vn 0.3457 0.9348 0.0817
vn 0.2654 0.9502 0.1631
vn -0.3405 0.9360 0.0894
vn -0.3844 0.9221 0.0440
vn 0.3853 0.9223 0.0309
vn 0.5804 -0.4696 0.6652
vn 0.0103 -0.2338 0.9722
vn -0.3063 0.3076 0.9009
vn -0.6953 0.2333 0.6798
vn -0.1772 0.3434 0.9223
vn 0.9184 -0.3955 0.0080
vn -0.0468 -0.3711 0.9274
vn 0.8866 -0.2135 0.4104
vn 0.4588 -0.8873 -0.0468
vn -0.8577 0.5104 0.0623
vn -0.0004 -0.9441 -0.3296
vn -0.0033 -0.9268 -0.3756
vn 0.0007 -0.9374 -0.3483
vn -0.5951 0.8028 0.0366
vn 0.0057 0.8070 -0.5905
vn 0.0098 0.7685 -0.6398
vn 0.0019 0.7766 -0.6300
vn 0.0003 0.8480 -0.5299
vn -0.0098 0.7991 -0.6011
vn -0.0106 0.8702 -0.4925
vn -0.0058 -0.9373 -0.3485
vn -0.0930 -0.8146 -0.5725
vn 0.7535 0.3548 -0.5535
vn 0.5225 0.7177 -0.4603
vn -0.3480 0.9344 0.0754
vn -0.3267 0.9442 0.0420
vn -0.5865 -0.4774 0.6543
vn -0.0949 -0.3228 0.9417
vn 0.1490 0.6196 0.7706
vn -0.3414 0.2962 0.8920
vn -0.8289 0.0341 -0.5583
vn 0.2735 0.3274 0.9044
vn -0.0285 0.2211 0.9748
vn 0.8217 0.0473 -0.5679
vn -0.6741 0.2364 0.6998
vn -0.3312 0.2931 0.8969
vn -0.0924 0.3211 0.9425
vn -0.4990 -0.2126 0.8401
vn 0.8793 0.4587 0.1280
vn -0.0013 -0.9266 -0.3761
vn -0.0021 0.8553 -0.5182
vn -0.0104 -0.8757 -0.4828
vn 0.9371 -0.1255 -0.3258
vn -0.7144 0.3669 -0.5958
vn -0.2268 0.9729 0.0455
vn -0.4955 0.8678 0.0364
vn 0.1838 0.9763 0.1145
vn 0.4403 0.8977 0.0156
vn -0.1641 0.9854 0.0459
vn -0.2330 0.9607 0.1506
vn -0.1380 -0.4516 0.8815
vn 0.1588 -0.2705 0.9495
vn -0.2945 -0.0097 -0.9556
vn -0.0312 0.6136 0.7890
vn 0.0480 0.2576 0.9651
vn 0.1793 0.3065 0.9348
vn -0.2757 0.3047 0.9117
vn -0.3475 0.2988 0.8888
vn 0.1861 0.3196 0.9291
vn -0.7168 0.2040 0.6668
vn 0.3155 0.3295 0.8899
vn 0.2640 0.4653 0.8449
vn -0.1653 0.3286 0.9299
vn -0.7447 0.1018 0.6596
vn 0.0231 -0.9747 0.2225
vn 0.0045 -0.9520 -0.3060
vn -0.0002 0.9290 -0.3700
vn 0.0005 0.8804 -0.4742
vn 0.0253 -0.9523 -0.3040
vn -0.3526 0.8896 -0.2902
vn 0.2803 0.9592 0.0367
vn -0.3450 0.9376 0.0433
vn 0.1648 -0.4230 0.8910
vn 0.0877 -0.1636 0.9826
vn -0.0531 -0.2019 0.9780
vn 0.2223 0.1736 -0.9594
vn 0.0758 0.2047 0.9759
vn 0.4101 0.3032 0.8602
vn 0.2211 0.2674 0.9379
vn 0.4987 0.2597 0.8269
vn -0.4625 0.2583 0.8482
vn 0.6184 0.2609 0.7413
vn 0.2287 0.2827 0.9316
vn 0.9430 0.3288 0.0516
vn 0.0274 0.2883 0.9571
vn 0.1717 0.2787 0.9449
vn 0.3081 0.3039 0.9015
vn 0.3769 -0.3792 0.8451
vn 0.8083 -0.4878 0.3298
vn -0.1023 -0.9947 0.0051
vn 0.0087 0.8790 -0.4767
vn -0.0045 0.7353 -0.6777
vn -0.0151 0.7494 -0.6620
vn -0.0936 0.2921 -0.9518
vn 0.0207 -0.9640 -0.2653
vn -0.3859 0.9219 0.0340
vn -0.2302 0.9693 0.0864
vn 0.0454 0.9968 0.0652
vn -0.8480 -0.3382 0.4081
vn 0.8517 0.1665 -0.4969
vn 0.3221 -0.0938 -0.9420
vn -0.2222 0.2738 0.9358
vn 0.4027 0.6570 0.6373
vn 0.1090 0.1639 0.9804
vn -0.8336 0.0510 -0.5500
vn -0.1939 0.4254 0.8840
vn 0.6088 0.2417 0.7556
vn -0.3549 0.2737 0.8940
vn 0.7561 0.0600 0.6517
vn 0.0040 -0.9943 0.1066
vn -0.0264 0.3582 -0.9333
vn -0.2489 0.3262 -0.9120
vn 0.2948 0.9263 -0.2345
vn 0.1361 -0.4471 0.8841
vn 0.8872 -0.2979 0.3523
vn -0.1709 -0.3044 0.9371
vn 0.0579 -0.0154 0.9982
vn -0.0251 -0.0238 0.9994
vn -0.0821 -0.0256 0.9963
vn 0.7443 0.1200 -0.6570
vn -0.1240 0.6199 0.7748
vn -0.1885 0.3271 0.9260
vn -0.6436 -0.4229 0.6379
vn -0.0038 -0.9941 0.1089
vn 0.7053 0.4482 0.5493
vn -0.0898 0.5675 -0.8185
vn -0.0260 0.4270 -0.9039
vn -0.0093 0.6252 -0.7804
vn 0.0375 0.0877 -0.9954
vn -0.0098 -0.0432 -0.9990
vn -0.0064 0.6711 -0.7413
vn 0.0744 0.0700 -0.9948
vn 0.2072 -0.2077 -0.9560
vn -0.0720 0.9902 -0.1195
vn -0.8230 0.1446 -0.5494
vn -0.1018 0.2111 0.9722
vn 0.1752 0.5887 0.7892
vn -0.3759 0.3067 0.8744
vn -0.0417 0.2610 0.9644
vn -0.2224 0.2756 0.9352
vn -0.6463 0.4744 0.5977
vn 0.7014 0.4640 0.5410
vn 0.0006 -0.9997 0.0235
vn -0.0044 -0.9990 0.0443
vn 0.0018 -0.9829 0.1841
vn 0.0029 -0.9908 0.1353
vn -0.6437 0.4005 0.6521
vn 0.7485 0.4809 0.4566
vn -0.8590 0.3263 0.3945
vn 0.0970 0.0054 -0.9953
vn -0.0055 0.1767 -0.9842
vn -0.8252 -0.5630 -0.0465
vn 0.0094 -0.4402 -0.8979
vn -0.0207 -0.5164 -0.8561
vn 0.0067 -0.3521 -0.9360
vn -0.0004 -0.4547 -0.8907
vn -0.0081 -0.3516 -0.9361
vn 0.5261 0.8499 0.0306
vn -0.1648 -0.5122 0.8429
vn 0.2056 -0.4587 0.8645
vn 0.9701 -0.1789 0.1641
vn -0.8215 -0.3173 0.4738
vn -0.1321 -0.1275 0.9830
vn 0.8456 0.1117 -0.5220
vn -0.1515 0.1785 0.9722
vn -0.9219 0.3422 0.1816
vn -0.1003 -0.9949 -0.0078
vn -0.0199 0.9998 0.0052
vn -0.2885 -0.6700 0.6840
vn 0.9898 -0.1285 0.0612
vn 0.8168 -0.4811 -0.3185
vn -0.5174 0.8551 0.0329
vn 0.2005 -0.2502 0.9472
vn 0.1829 0.1843 0.9657
vn 0.7936 0.3695 0.4834
vn -0.0535 0.3527 0.9342
vn 0.0799 0.9968 0.0083
vn -0.3747 -0.5243 0.7647
vn 0.0003 -0.9325 0.3613
vn 0.3394 0.9402 0.0280
vn 0.0075 0.9979 -0.0639
vn -0.1779 -0.0543 0.9825
vn 0.1705 -0.0460 0.9843
vn 0.3473 0.2541 0.9027
vn 0.1571 0.2983 0.9414
vn 0.6138 0.7895 -0.0069
vn -0.2466 -0.1031 0.9636
vn 0.1447 -0.2593 0.9549
vn -0.0018 -0.9233 0.3840
vn -0.0096 -0.5958 0.8030
vn 0.0107 0.6871 0.7265
vn -0.0007 -0.5311 0.8473
vn 0.0561 0.5143 0.8558
vn 0.0120 0.5340 0.8454
vn 0.0488 -0.7629 0.6447
vn 0.0386 0.3849 0.9221
vn -0.0091 0.3842 0.9232
vn 0.0497 0.6030 0.7962
vn 0.0058 -0.7280 0.6856
vn -0.0002 0.7336 0.6796
vn 0.0227 -0.3062 0.9517
vn 0.0030 -0.3065 0.9519
vn 0.0359 0.6225 0.7818
vn 0.0697 -0.7989 0.5974
vn 0.0556 -0.1201 0.9912
vn 0.0084 0.4622 0.8867
vn -0.0294 -0.8738 0.4854
vn -0.0132 0.6903 0.7234
vn -0.0138 -0.3973 0.9176
vn -0.0224 -0.3238 0.9459
vn -0.0257 0.5164 0.8560
vn 0.0793 0.1736 0.9816
vn -0.0325 0.6602 0.7504
vn -0.0755 -0.5476 0.8333
vn 0.0657 -0.5602 0.8257
vn -0.3306 0.5836 0.7417
vn -0.5933 -0.4420 0.6728
vn 0.5160 0.1564 0.8422
vn 0.1629 -0.7392 0.6535
vn 0.4362 -0.8735 0.2163
vn 0.0408 -0.4538 0.8902
vn -0.0904 0.0145 0.9958
vn 0.0613 -0.7985 0.5989
vn 0.0988 -0.7791 0.6190
vn -0.8930 -0.3648 -0.2637
vn 0.2832 0.9581 0.0438
vn -0.0520 0.9986 0.0059
vn -0.9828 0.0944 0.1587
vn -0.2155 0.4389 0.8723
vn 0.2335 0.4254 0.8744
vn 0.0670 0.3107 0.9481
vn 0.9762 0.2169 0.0045
vn 0.3852 0.0558 0.9211
vn 0.3623 -0.4613 0.8099
vn -0.0053 -0.7182 0.6958
vn 0.0009 -0.7577 0.6526
vn -0.0297 0.7988 0.6009
vn 0.0001 0.8606 0.5093
vn -0.0317 0.7379 0.6741
vn -0.5125 0.4391 0.7379
vn 0.4475 0.2928 0.8450
vn -0.0060 -0.9841 0.1774
vn -0.0053 -0.9590 0.2833
vn -0.2087 0.9771 0.0405
vn 0.1021 0.9941 0.0370
vn -0.2888 0.9570 0.0267
vn 0.0395 0.9991 0.0177
vn 0.6729 -0.3604 0.6460
vn -0.2062 0.1291 0.9700
vn 0.9918 0.1199 -0.0449
vn 0.2545 0.3171 0.9136
vn 0.2039 0.1033 0.9735
vn -0.6185 0.4402 0.6509
vn 0.1634 -0.7196 0.6749
vn 0.0020 -0.6525 0.7578
vn -0.0016 -0.6528 0.7576
vn -0.0011 -0.6806 0.7326
vn -0.0543 -0.8216 0.5675
vn -0.3875 0.5075 0.7696
vn 0.3947 0.4798 0.7836
vn 0.7253 -0.6186 0.3020
vn 0.0008 0.8885 0.4590
vn -0.0071 0.8938 0.4485
vn 0.0020 -0.9998 0.0180
vn -0.4356 -0.8838 0.1709
vn -0.7448 -0.6666 -0.0285
vn -0.2280 0.2874 0.9303
vn 0.3102 0.2218 0.9244
vn -0.7282 0.6854 0.0001
vn 0.0014 0.7196 0.6943
vn -0.0048 0.7241 0.6897
vn -0.0012 0.7759 0.6309
vn -0.0023 0.7032 0.7110
vn 0.1047 0.6510 0.7518
vn 0.0047 0.6695 0.7428
vn 0.0019 0.6464 0.7630
vn -0.0017 -0.9998 0.0201
vn -0.5948 0.8026 0.0450
vn 0.7713 0.5667 -0.2898
vn 0.0820 0.9966 -0.0052
vn 0.1872 -0.2354 0.9537
vn 0.8271 -0.1504 0.5416
vn -0.2057 -0.0834 0.9751
vn 0.7807 0.1623 0.6035
vn 0.8221 0.5693 -0.0063
vn 0.0727 -0.0616 0.9955
vn -0.0024 -0.4006 0.9163
vn 0.6959 -0.3834 0.6072
vn 0.0004 0.6820 0.7314
vn -0.0055 0.7014 0.7127
vn -0.7117 -0.4327 0.5534
vn -0.7647 -0.6152 0.1917
vn -0.8704 -0.4815 -0.1028
vn 0.0002 -0.9999 0.0153
vn -0.7268 0.6552 -0.2064
vn 0.3833 0.9233 0.0258
vn -0.0504 0.9882 0.1446
vn 0.5435 0.8388 0.0312
vn 0.3240 0.9341 -0.1500
vn 0.4200 0.9071 0.0265
vn -0.0347 0.9973 -0.0653
vn -0.0633 -0.4014 0.9137
vn -0.1312 -0.3905 0.9112
vn -0.3158 0.2241 0.9220
vn -0.1688 0.2383 0.9564
vn 0.0350 -0.9994 0.0031
vn 0.8382 -0.5454 -0.0007
vn -0.1550 -0.0616 0.9860
vn 0.0239 -0.5523 0.8333
vn 0.0121 -0.2238 0.9745
vn -0.1516 0.1271 0.9802
vn -0.4952 -0.1718 0.8516
vn 0.4286 -0.2668 0.8632
vn 0.5323 -0.5700 0.6259
vn 0.0994 0.0795 0.9919
vn -0.0002 -0.9999 0.0115
vn 0.0009 -0.9999 0.0170
vn 0.8676 -0.4681 -0.1680
vn 0.1394 0.9740 -0.1787
vn -0.2399 0.9611 -0.1368
vn -0.1830 0.9777 0.1030
vn 0.2187 -0.0032 0.9758
vn -0.9186 -0.3952 0.0089
vn -0.9991 0.0429 0.0042
vn -0.9743 0.2254 -0.0066
vn 0.0034 -0.1310 0.9914
vn 0.0077 -0.3370 0.9415
vn -0.0000 -0.0834 0.9965
vn 0.0055 0.1677 0.9858
vn -0.2866 -0.0231 0.9578
vn 0.0019 0.3142 0.9493
vn -0.0065 0.2473 0.9689
vn 0.0004 0.4006 0.9163
vn -0.0017 0.4034 0.9150
vn 0.0003 0.3688 0.9295
vn -0.3565 0.9340 0.0240
vn -0.1475 0.9811 -0.1256
vn -0.1692 -0.2980 0.9395
vn -0.7213 0.2854 0.6311
vn 0.5121 -0.8589 -0.0057
vn 0.6735 -0.7391 0.0123
vn -0.0014 -0.0492 0.9988
vn 0.0003 -0.2311 0.9729
vn -0.0005 -0.0900 0.9959
vn 0.0107 -0.6159 0.7877
vn -0.0028 -0.0532 0.9986
vn -0.1093 -0.2418 0.9641
vn 0.1047 -0.9811 0.1630
vn 0.4664 -0.7461 0.4752
vn -0.5610 -0.6393 0.5259
vn 0.0034 -0.9975 -0.0710
vn -0.6755 -0.6971 0.2404
vn 0.3559 -0.9333 0.0471
vn 0.8469 -0.5308 -0.0325
vn 0.7450 -0.6636 -0.0677
vn 0.5701 0.8208 0.0362
vn -0.1876 0.1051 0.9766
vn 0.1230 0.1448 0.9818
vn -0.7706 -0.6372 -0.0106
vn 0.5795 -0.8125 -0.0633
vn 0.1716 0.9846 0.0328
vn 0.0945 -0.2733 0.9573
vn -0.6809 -0.1096 0.7241
vn 0.1938 0.2686 0.9436
vn -0.1729 0.3050 0.9365
vn 0.9950 -0.0991 -0.0151
vn 0.8325 0.5540 0.0039
vn 0.6257 -0.7800 0.0130
vn -0.0092 0.1587 0.9873
vn 0.2330 0.9699 0.0704
vn 0.2932 0.9470 0.1316
vn 0.1681 -0.1570 0.9732
vn -0.0622 0.2023 0.9773
vn -0.0025 -0.9999 0.0123
vn -0.3064 0.9519 -0.0007
vn -0.0462 0.9984 0.0331
vn 0.0789 0.9963 0.0352
vn 0.2734 0.9615 0.0280
vn -0.0649 0.9973 -0.0355
vn 0.3338 -0.9426 -0.0043
vn -0.0020 -0.9999 0.0142
vn -0.8498 -0.5096 -0.1347
vn 0.8395 0.5141 -0.1759
vn 0.5479 0.8364 0.0158
vn -0.5288 0.8486 0.0140
vn -0.1758 -0.0143 0.9843
vn -0.1058 -0.0766 0.9914
vn 0.0940 -0.0163 0.9954
vn -0.8099 -0.5862 -0.0190
vn 0.2348 0.9717 -0.0270
vn 0.0083 0.9954 -0.0951
vn 0.2929 0.9559 0.0235
vn -0.3317 0.9432 0.0173
vn 0.4025 0.9152 0.0198
vn 0.0877 0.9958 0.0263
vn 0.6789 -0.7342 -0.0053
vn -0.1199 0.9921 0.0356
vn 0.1130 0.9930 -0.0335
vn -0.3466 -0.9377 0.0256
vn -0.6631 -0.7485 0.0098
vn -0.0737 -0.0250 0.9970
vn -0.4024 -0.9154 -0.0049
vn 0.5209 0.8536 -0.0115
vn 0.3314 -0.9434 0.0133
vn -0.4754 0.8798 -0.0035
vn -0.2303 0.9715 0.0555
vn -0.1147 0.9925 0.0427
vn 0.1055 0.9942 -0.0216
vn -0.5800 -0.8146 0.0100
vn 0.0996 0.9950 -0.0014
vn -0.0012 -0.9994 0.0342
vn -0.9776 0.1504 -0.1475
vn -0.2415 0.9703 0.0155
vn 0.3950 0.9186 0.0111
vn 0.2762 0.9610 0.0140
vn -0.3471 0.9376 0.0196
vn -0.2530 0.9588 -0.1294
vn -0.1148 0.9908 -0.0720
vn -0.7099 0.7043 -0.0067
vn 0.9908 0.0853 -0.1049
vn -0.2076 0.9779 0.0247
vn 0.0327 0.9993 0.0176
vn 0.6117 0.7910 0.0076
vn 0.0299 0.9995 0.0022
vn 0.6509 -0.7585 0.0334
vn 0.1920 0.9814 -0.0022
vn -0.4481 0.8940 0.0024
vn 0.0260 0.9964 -0.0801
vn -0.0311 -0.9992 0.0256
vn 0.0042 -0.9996 0.0281
vn 0.7494 0.6472 -0.1396
vn 0.7626 -0.6467 -0.0146
vn -0.8507 -0.5256 -0.0040
vn -0.6966 0.7011 -0.1523
vn -0.0610 0.9926 -0.1049
vn 0.8842 -0.4670 -0.0061
vn -0.3834 0.9235 0.0088
vn -0.3634 0.9315 0.0154
vn 0.2613 0.9652 -0.0065
vn 0.2240 0.9674 -0.1181
vn 0.0721 -0.9974 -0.0049
vn 0.7947 -0.6064 0.0271
vn -0.2051 0.9715 0.1190
vn -0.1394 0.9902 0.0113
vn 0.0631 0.9980 -0.0044
vn 0.3327 0.9414 -0.0560
vn -0.9896 -0.1440 0.0002
vn -0.4406 0.8977 -0.0019
vn 0.2484 0.9686 0.0105
vn 0.6738 -0.7372 0.0511
vn 0.4729 0.8810 -0.0113
vn 0.4835 0.8750 -0.0240
vn 0.6316 -0.7738 0.0482
vn 0.4438 0.8961 0.0072
vn 0.1384 0.9904 -0.0016
vn 0.0712 0.9900 0.1222
vn -0.0835 0.9497 0.3019
vn 0.0006 -0.9986 0.0525
vn 0.0038 -0.9996 0.0288
vn -0.0635 0.9957 0.0680
vn 0.2132 0.9763 -0.0383
vn -0.3046 0.9520 -0.0308
vn -0.1622 0.9866 -0.0173
vn -0.2736 0.9618 -0.0034
vn -0.2119 0.9613 0.1759
vn -0.1707 0.9810 0.0924
vn -0.3398 -0.9405 -0.0008
vn 0.2685 0.9633 -0.0034
vn 0.3062 -0.9487 0.0795
vn -0.7513 0.6458 -0.1364
vn -0.7525 0.6586 -0.0025
vn -0.0993 0.9510 0.2927
vn -0.6404 -0.7681 0.0027
vn 0.3822 0.9240 0.0148
vn 0.0726 0.9929 -0.0939
vn -0.4118 0.9110 -0.0198
vn -0.0647 0.9880 -0.1404
vn 0.1422 0.9891 0.0393
vn -0.8704 0.4924 -0.0019
vn 0.0231 -0.9903 0.1367
vn 0.1511 0.9884 0.0164
vn 0.0222 -0.9997 -0.0060
vn -0.6959 -0.7181 0.0001
vn 0.9986 0.0514 -0.0087
vn -0.3452 -0.9385 -0.0095
vn -0.6441 0.7650 0.0005
vn 0.0001 -0.9848 0.1738
vn -0.0015 -0.9989 0.0478
vn -0.3281 -0.9415 0.0772
vn -0.0783 0.9969 0.0091
vn 0.2058 0.9756 -0.0771
vn -0.4745 0.8801 -0.0169
vn -0.2079 0.9774 -0.0392
vn -0.0747 0.9913 0.1082
vn 0.9984 -0.0560 0.0032
vn -0.8430 0.5379 0.0006
vn 0.7565 -0.6538 0.0162
vn 0.1752 0.9845 -0.0110
vn 0.7328 -0.6804 0.0052
vn -0.7657 -0.6333 0.1121
vn -0.5637 -0.8203 0.0966
vn -0.7672 -0.6412 0.0165
vn 0.6761 0.7350 -0.0524
vn 0.4397 0.8970 -0.0443
vn -0.0705 0.9946 -0.0762
vn -0.2230 0.9748 0.0023
vn -0.4895 0.8707 -0.0475
vn 0.1071 0.9828 0.1507
vn -0.1366 0.9900 -0.0347
vn -0.2513 0.9624 -0.1032
vn 0.4406 0.8857 -0.1462
vn -0.3872 0.9219 -0.0157
vn -0.8765 -0.4813 -0.0048
vn -0.0186 -0.9613 0.2748
vn 0.3794 0.9252 -0.0055
vn 0.1549 0.9738 0.1666
vn 0.9998 -0.0193 0.0018
vn -0.2239 0.9746 -0.0071
vn 0.2825 0.9586 -0.0351
vn 0.0058 0.9965 -0.0828
vn 0.0449 0.9943 -0.0971
vn 0.6214 0.7835 -0.0060
vn 0.5668 -0.8191 0.0888
vn 0.9603 0.2574 -0.1076
vn -0.9949 -0.1011 0.0012
vn 0.7209 -0.6821 0.1226
vn 0.0051 -0.9977 0.0670
vn -0.1665 0.9849 -0.0478
vn -0.2192 0.9754 -0.0231
vn 0.0336 0.9986 -0.0406
vn 0.8091 0.5877 -0.0007
vn 0.3768 0.9233 -0.0748
vn -0.1682 0.9836 0.0658
vn 0.1448 0.9875 -0.0625
vn -0.5535 0.8328 0.0029
vn -0.6742 -0.7288 0.1192
vn -0.0074 -0.9981 0.0618
vn -0.4656 0.8847 -0.0229
vn 0.0020 0.9974 -0.0727
vn -0.0888 0.9959 0.0158
vn 0.1194 0.9925 0.0264
vn -0.3410 0.9401 0.0023
vn 0.0732 0.9969 -0.0297
vn 0.2141 0.9686 -0.1261
vn 0.1043 0.9916 -0.0765
vn 0.3566 -0.9342 -0.0013
vn -0.9999 0.0142 -0.0025
vn 0.0065 -0.9975 0.0710
vn -0.3001 -0.9469 0.1151
vn -0.9818 0.1705 -0.0838
vn 0.1827 0.9791 -0.0893
vn 0.4792 0.8764 -0.0478
vn 0.5065 0.8614 -0.0385
vn 0.3480 0.9375 -0.0026
vn 0.4779 -0.8772 0.0462
vn -0.3006 0.9513 -0.0679
vn -0.1689 0.9721 -0.1630
vn 0.9986 -0.0515 -0.0096
vn 0.2982 -0.9458 0.1284
vn -0.4653 -0.8837 0.0512
vn 0.6022 -0.7983 -0.0038
vn 0.0676 -0.9724 0.2232
vn 0.2422 0.9445 -0.2220
vn 0.4775 0.8765 -0.0617
vn 0.1293 0.9632 -0.2358
vn -0.1637 0.9854 -0.0474
vn -0.0882 -0.9594 0.2677
vn 0.4827 0.8750 -0.0378
vn -0.2339 0.9486 -0.2132
vn -0.3774 0.9230 -0.0754
vn 0.1238 0.9813 0.1472
vn -0.6577 -0.7527 0.0290
vn -0.4846 0.8718 -0.0724
vn 0.0794 0.9844 0.1572
vn -0.3934 0.9168 -0.0683
vn -0.2267 0.9613 0.1566
vn 0.0602 0.9944 -0.0868
vn 0.6729 -0.7385 0.0433
vn 0.5448 0.8354 -0.0730
vn -0.1013 0.9796 0.1735
vn -0.0008 -0.9954 0.0961
vn 0.0171 0.9947 -0.1018
vn -0.4784 0.8744 -0.0808
vn -0.0003 -0.9959 0.0906
vn 0.8204 -0.5718 -0.0067
vn -0.1016 0.9891 -0.1070
vn 0.1720 0.9724 0.1578
vn -0.2551 0.9621 -0.0960
vn -0.4576 -0.8892 0.0036
vn -0.9774 -0.2115 0.0062
vn 0.8742 0.4855 -0.0012
vn -0.0438 -0.9986 0.0312
vn 0.0932 0.9867 -0.1330
vn -0.1474 0.9807 -0.1287
vn -0.2249 0.9743 -0.0084
vn 0.2375 0.9665 -0.0977
vn -0.0313 -0.9995 0.0021
vn -0.4050 -0.9143 0.0012
vn 0.0769 -0.9970 -0.0016
vn -0.7732 0.6252 -0.1065
vn 0.8010 0.5893 -0.1056
vn 0.2000 0.9792 -0.0344
vn 0.2456 0.9644 -0.0979
vn -0.0386 -0.9993 0.0003
vn 0.2780 -0.9588 0.0592
vn 0.1426 0.9820 -0.1240
vn -0.3755 0.9203 -0.1093
vn 0.0628 0.9655 0.2527
vn -0.2614 0.9650 0.0205
vn 0.2421 0.9702 -0.0130
vn 0.4496 0.8854 -0.1179
vn -0.1752 0.9691 0.1739
vn -0.0829 0.9684 0.2353
vn -0.8870 0.4616 -0.0083
vn -0.3039 -0.9500 0.0722
vn -0.4758 0.8737 -0.1014
vn -0.0030 -0.9944 0.1053
vn 0.7007 -0.7135 0.0078
vn -0.4868 -0.8724 0.0437
vn -0.6882 -0.7252 -0.0216
vn 0.5007 0.8605 -0.0938
vn 0.1438 0.9172 -0.3716
vn -0.0986 0.9597 -0.2632
vn -0.1987 0.9763 -0.0853
vn -0.7256 -0.6881 -0.0029
vn -0.2742 0.9506 -0.1455
vn 0.1400 0.9624 -0.2327
vn 0.4037 0.9149 -0.0095
vn -0.0010 -0.9938 0.1109
vn -0.9905 -0.1221 -0.0635
vn 0.2735 0.9497 -0.1524
vn 0.1317 0.9889 0.0683
vn 0.3851 0.9213 -0.0540
vn -0.2010 0.9712 -0.1280
vn -0.1231 0.9518 -0.2811
vn 0.5191 0.8472 -0.1134
vn 0.3650 0.9141 -0.1765
vn -0.0405 -0.9991 -0.0161
vn -0.7173 -0.6966 0.0153
vn 0.5701 -0.8215 0.0116
vn -0.4389 0.8906 -0.1194
vn 0.4696 0.8762 -0.1081
vn -0.0655 0.9970 0.0422
vn -0.1497 0.9839 -0.0979
vn 0.3594 -0.9331 -0.0089
vn -0.3732 0.9224 -0.0995
vn 0.2902 0.9491 -0.1225
vn 0.0480 0.9893 -0.1381
vn -0.3639 0.9278 -0.0824
vn -0.3696 0.9189 -0.1375
vn 0.1379 0.9849 -0.1048
vn -0.6018 -0.7985 -0.0149
vn 0.2111 0.9775 -0.0028
vn 0.7519 0.6502 -0.1093
vn -0.7873 0.6165 -0.0130
vn -0.1074 0.9942 0.0031
vn -0.0555 0.9985 0.0031
vn -0.2273 0.9651 -0.1298
vn -0.0664 0.9876 -0.1423
vn -0.5047 0.8538 -0.1278
vn 0.1877 0.9737 -0.1294
vn 0.4351 0.8907 -0.1318
vn -0.1046 0.9762 0.1901
vn 0.0648 0.9671 0.2461
vn -0.0509 0.9952 -0.0841
vn -0.4668 -0.8839 0.0290
vn -0.9126 -0.4085 -0.0157
vn -0.9776 0.1894 -0.0916
vn -0.4719 0.8724 -0.1272
vn 0.1641 0.9547 0.2481
vn 0.9460 -0.3240 0.0063
vn -0.5065 0.8505 -0.1418
vn 0.5018 0.8563 -0.1225
vn -0.4726 0.8716 -0.1299
vn 0.5970 -0.8022 -0.0040
vn 0.0008 -0.9928 0.1199
vn 0.8521 -0.5216 -0.0435
vn 0.3880 0.9101 -0.1456
vn 0.2387 0.9710 -0.0125
vn 0.1099 0.9895 -0.0938
vn -0.1465 0.9854 0.0865
vn -0.4141 0.8984 -0.1462
vn -0.3274 0.9346 -0.1389
vn -0.0928 0.9908 -0.0988
vn -0.7535 0.6481 -0.1104
vn 0.0312 0.9968 -0.0742
vn -0.9943 -0.1069 -0.0000
vn -0.4895 0.8597 -0.1457
vn 0.1292 0.9859 -0.1063
vn -0.1432 0.9801 -0.1377
vn -0.1830 0.9365 -0.2991
vn -0.2037 0.9743 -0.0959
vn 0.6514 -0.7587 0.0012
vn -0.4603 0.8745 -0.1530
vn 0.1668 0.9531 -0.2524
vn 0.0472 -0.9985 -0.0284
vn 0.0713 0.9881 -0.1365
vn 0.5891 0.7842 -0.1947
vn 0.4114 0.8982 -0.1545
vn 0.9376 0.3476 -0.0066
vn 0.4703 0.5691 -0.6745
vn -0.5376 0.8432 -0.0005
vn 0.3885 0.8992 -0.2013
vn -0.3875 0.8891 -0.2436
vn -0.0973 0.9235 -0.3711
vn 0.1107 0.9291 -0.3530
vn 0.7804 -0.6245 0.0309
vn 0.0981 0.9819 -0.1618
vn -0.4185 0.8942 -0.1588
vn 0.4707 0.8684 -0.1562
vn -0.1031 0.9934 0.0496
vn 0.3115 -0.8400 -0.4442
vn -0.9967 -0.0804 0.0053
vn 0.2217 0.7147 -0.6633
vn -0.5610 -0.8269 0.0398
vn -0.3245 0.9374 -0.1265
vn 0.2886 0.9343 -0.2092
vn -0.1143 0.9823 -0.1481
vn -0.0671 0.9718 -0.2263
vn 0.4579 0.8699 -0.1836
vn -0.4493 0.8870 -0.1062
vn 0.6618 -0.7496 -0.0082
vn 0.0752 -0.9961 -0.0457
vn 0.4127 0.9099 0.0432
vn 0.4410 0.8827 -0.1623
vn -0.2533 0.9361 -0.2442
vn 0.8746 -0.4848 0.0050
vn -0.5387 0.8293 -0.1485
vn -0.0382 -0.8413 -0.5392
vn -0.0000 -0.9924 0.1227
vn -0.2013 0.9575 -0.2064
vn -0.6878 -0.7108 0.1469
vn 0.9996 0.0291 -0.0054
vn 0.0407 -0.9982 -0.0448
vn 0.3504 -0.9348 0.0575
vn -0.5705 0.7921 -0.2169
vn -0.1513 0.9876 -0.0421
vn 0.5239 0.8315 -0.1850
vn 0.4048 0.8994 -0.1649
vn -0.1151 0.9838 -0.1371
vn 0.0317 0.9965 -0.0768
vn 0.0051 -0.9951 0.0989
vn 0.2510 0.9680 -0.0033
vn 0.1654 0.9759 0.1424
vn 0.0036 -0.9924 0.1231
vn 0.0234 -0.9994 0.0247
vn -0.4673 0.8651 -0.1825
vn -0.1830 0.9286 -0.3228
vn 0.0900 0.9927 0.0806
vn -0.7956 0.5973 -0.1008
vn 0.1204 0.9858 -0.1167
vn -0.4934 -0.7616 -0.4202
vn -0.0042 0.9679 -0.2512
vn 0.4948 0.8417 -0.2162
vn 0.0965 0.9812 0.1670
vn -0.2658 0.8171 -0.5116
vn -0.1049 0.9891 0.1035
vn -0.3444 0.9111 -0.2265
vn -0.0974 0.9694 -0.2254
vn -0.3404 0.9218 0.1853
vn -0.3523 0.8989 -0.2605
vn 0.3576 0.9335 0.0274
vn -0.0279 0.9970 -0.0729
vn -0.3453 -0.9365 0.0612
vn 0.8428 -0.5382 -0.0036
vn -0.8168 -0.5769 -0.0044
vn -0.3149 -0.9460 0.0766
vn 0.1144 0.9259 -0.3601
vn 0.1226 0.9258 -0.3575
vn 0.0922 0.9623 -0.2561
vn -0.3539 0.9017 -0.2482
vn 0.6162 0.7539 0.2279
vn 0.2646 0.6989 -0.6645
vn 0.6626 -0.7461 0.0648
vn 0.0167 0.9837 -0.1788
vn -0.1020 0.9176 -0.3841
vn -0.1645 0.8807 -0.4441
vn 0.1247 0.9738 -0.1902
vn -0.7916 0.1487 -0.5926
vn 0.6834 -0.7297 -0.0236
vn -0.0061 -0.9962 0.0873
vn -0.4733 -0.8773 0.0800
vn 0.0419 0.9815 -0.1870
vn 0.0876 0.9780 -0.1891
vn -0.1367 0.9030 -0.4074
vn -0.2377 0.9680 -0.0801
vn 0.5980 -0.4650 -0.6528
vn -0.0419 -0.9991 -0.0118
vn 0.0639 0.7429 -0.6664
vn 0.0671 0.9422 -0.3283
vn -0.7005 0.7083 -0.0872
vn -0.6671 0.3668 -0.6483
vn -0.1989 0.6987 -0.6872
vn 0.7878 0.6094 -0.0893
vn -0.2659 0.9023 -0.3393
vn 0.1537 0.8294 -0.5371
vn -0.2535 0.9338 -0.2524
vn -0.0312 -0.9990 0.0324
vn -0.8763 -0.4818 -0.0020
vn 0.2879 0.9072 -0.3069
vn -0.1254 0.9555 -0.2669
vn 0.1976 0.9457 -0.2579
vn 0.7091 0.0281 -0.7045
vn 0.7214 0.2989 -0.6247
vn -0.4930 0.5174 -0.6994
vn 0.1207 0.7996 -0.5882
vn -0.1979 0.7138 -0.6718
vn 0.0659 0.9641 -0.2571
vn -0.0577 0.9956 -0.0745
vn -0.1098 0.9939 0.0115
vn 0.2320 0.9713 -0.0523
vn -0.6990 -0.7151 0.0044
vn 0.4261 -0.9028 0.0586
vn -0.9773 0.2058 -0.0507
vn -0.1342 0.9687 -0.2087
vn 0.1119 0.9656 -0.2349
vn 0.3989 -0.6502 -0.6467
vn -0.8931 0.0355 -0.4485
vn -0.6731 -0.7373 0.0568
vn 0.0019 0.6570 -0.7539
vn -0.0476 0.9982 -0.0356
vn 0.0268 -0.9994 -0.0237
vn 0.0121 0.8701 -0.4927
vn -0.2644 0.9272 -0.2652
vn 0.0250 0.9995 0.0195
vn 0.0950 0.9903 -0.1013
vn -0.5785 -0.4735 -0.6642
vn -0.0144 -0.9984 0.0540
vn -0.0306 -0.9993 0.0232
vn -0.1265 0.9915 -0.0296
vn -0.3776 -0.7656 -0.5209
vn 0.6192 0.4440 -0.6477
vn 0.0350 -0.9991 0.0239
vn -0.0013 0.9993 -0.0379
vn 0.0611 0.9954 -0.0745
vn -0.0866 0.7079 -0.7010
vn 0.7492 -0.6622 0.0160
vn 0.3173 -0.9425 0.1053
vn 0.1569 0.9259 -0.3436
vn -0.0259 0.9988 -0.0419
vn -0.6001 -0.3953 -0.6955
vn 0.4617 -0.8832 0.0826
vn -0.0388 0.9466 -0.3200
vn -0.0312 -0.9994 0.0160
vn -0.7394 -0.6698 0.0674
vn 0.0208 -0.8665 -0.4988
vn 0.7991 -0.6009 0.0194
vn -0.0934 0.9944 -0.0499
vn 0.6880 -0.2185 -0.6920
vn -0.7627 -0.6437 0.0621
vn 0.0538 0.9985 -0.0108
vn 0.7055 0.7069 -0.0507
vn -0.6289 0.7749 -0.0637
vn -0.0273 -0.9992 -0.0296
vn -0.8467 -0.5192 0.1166
vn 0.5663 -0.8205 0.0780
vn 0.8128 -0.5817 0.0315
vn -0.2062 -0.8564 -0.4733
vn -0.4665 -0.7037 -0.5359
vn 0.1767 -0.8459 -0.5032
vn 0.2043 -0.8359 -0.5094
vn -0.2088 -0.8478 -0.4875
vn -0.4574 -0.6662 -0.5891
vn 0.4955 -0.6333 -0.5945
vn 0.4760 -0.6635 -0.5772
vn 0.8191 -0.1738 -0.5467
vn -0.6637 -0.4556 -0.5933
vn -0.7333 -0.3607 -0.5763
vn 0.7672 -0.3206 -0.5556
vn -0.6582 0.4434 -0.6084
vn -0.8573 0.0711 -0.5099
vn 0.6996 0.4348 -0.5670
vn 0.7887 0.1122 -0.6044
vn 0.2489 0.7654 -0.5935
vn -0.5761 0.5540 -0.6010
vn 0.4287 0.6793 -0.5956
vn -0.0825 0.7924 -0.6044
vn -0.3086 0.7643 -0.5662
vn 0.0262 -0.9985 0.0473
vn -0.8854 0.0377 -0.4633
vn -0.9203 -0.3707 0.1247
vn -0.0558 0.9984 0.0087
vn 0.8390 0.5404 -0.0643
vn -0.1985 -0.9737 0.1116
vn 0.0420 0.9983 -0.0400
vn 0.0407 -0.9991 -0.0155
vn 0.8342 -0.5514 -0.0109
vn 0.8783 -0.4780 -0.0008
vn 0.9954 -0.0950 -0.0071
vn 0.8445 -0.5271 0.0944
vn 0.6303 -0.7757 0.0326
vn 0.0395 -0.9790 -0.2001
vn -0.3101 -0.9419 0.1292
vn 0.8941 -0.4479 -0.0027
vn 0.9985 0.0544 -0.0111
vn 0.0074 0.9971 0.0764
vn -0.5813 -0.8132 -0.0304
vn 0.1749 -0.9844 -0.0186
vn -0.9946 0.1000 -0.0285
vn -0.9917 -0.1285 0.0055
vn -0.0478 -0.9780 -0.2031
vn -0.7896 -0.6102 0.0647
vn -0.2733 -0.9619 0.0009
vn 0.8890 0.4579 -0.0110
vn -0.8946 0.4467 -0.0116
vn -0.0584 0.9982 -0.0159
vn 0.6492 -0.7301 0.2132
vn -0.0650 -0.9829 -0.1722
vn -0.2580 -0.9661 -0.0074
vn 0.5561 -0.8311 -0.0075
vn -0.8887 -0.4580 -0.0228
vn -0.9885 0.1509 -0.0121
vn -0.3750 0.9268 -0.0194
vn 0.0601 -0.9830 -0.1733
vn -0.9101 -0.3899 0.1402
vn 0.0691 -0.9871 -0.1444
vn -0.9049 -0.4242 0.0342
vn -0.8736 -0.4867 0.0024
vn -0.5756 0.8177 -0.0118
vn 0.8577 -0.5030 0.1066
vn -0.8313 -0.5553 0.0252
vn 0.1115 0.9936 -0.0192
vn -0.9008 -0.4265 0.0819
vn 0.8687 -0.4789 0.1263
vn -0.0981 -0.9779 -0.1846
vn -0.9702 0.2421 0.0043
vn -0.0153 0.9947 0.1017
vn -0.7899 0.6129 -0.0215
vn 0.4726 0.8813 -0.0066
vn 0.5331 0.8460 -0.0122
vn 0.7752 0.6316 0.0126
vn -0.6246 -0.7809 -0.0038
vn 0.0837 -0.9943 0.0655
vn 0.0032 -0.9143 -0.4049
vn -0.0577 -0.9201 -0.3873
vn -0.0502 0.9884 0.1436
vn 0.9625 0.2713 -0.0015
vn 0.0762 -0.9277 -0.3653
vn 0.6808 -0.7262 0.0958
vn -0.0445 0.9975 0.0549
vn 0.6212 -0.7711 0.1398
vn -0.0808 -0.9328 -0.3511
vn -0.4275 -0.9035 -0.0314
vn 0.7155 -0.6964 0.0552
vn 0.0949 -0.9324 -0.3488
vn 0.7868 -0.6114 0.0851
vn -0.5891 0.8075 -0.0297
vn 0.5807 -0.8141 0.0032
vn 0.9984 -0.0560 -0.0058
vn -0.6592 -0.7466 0.0894
vn 0.8785 -0.4726 0.0704
vn -0.1693 -0.9497 -0.2633
vn -0.7619 -0.6444 0.0651
vn 0.0720 0.9827 0.1703
vn 0.2674 -0.9633 0.0237
vn -0.1317 -0.8954 -0.4254
vn -0.0213 0.9572 0.2887
vn 0.0961 0.9901 0.1021
vn -0.0320 -0.8311 -0.5551
vn 0.0388 -0.8275 -0.5601
vn 0.1021 -0.8443 -0.5261
vn 0.1596 -0.9077 -0.3880
vn 0.6141 -0.7892 0.0047
vn -0.2211 -0.9750 -0.0239
vn -0.6704 -0.7412 0.0353
vn 0.0285 0.9750 0.2202
vn 0.0737 0.9948 0.0703
vn 0.0028 -0.9895 0.1447
vn -0.7412 0.6579 0.1333
vn -0.9998 0.0192 0.0033
vn -0.0878 -0.8409 -0.5340
vn 0.1722 -0.8333 -0.5252
vn -0.8469 -0.5261 -0.0769
vn -0.6268 -0.7792 0.0016
vn -0.1416 -0.8225 -0.5509
vn -0.0959 0.9868 0.1307
vn 0.2352 0.9706 0.0508
vn -0.1751 -0.8820 -0.4375
vn -0.6059 -0.7902 0.0924
vn 0.6414 -0.7490 -0.1659
vn 0.6721 -0.7399 0.0285
vn 0.8818 0.4167 0.2208
vn -0.6025 0.7981 0.0066
vn -0.0120 0.9999 0.0107
vn 0.1739 -0.9844 0.0280
vn -0.8054 -0.5804 0.1202
vn -0.7494 0.6620 0.0147
vn -0.1432 0.9884 0.0514
vn 0.4628 0.8864 0.0098
vn -0.8248 -0.5352 0.1827
vn -0.9962 -0.0612 0.0626
vn -0.9151 -0.4032 -0.0020
vn -0.2146 0.9767 0.0072
vn -0.0854 -0.8382 -0.5387
vn 0.0118 0.8938 0.4484
vn -0.1096 0.9411 0.3198
vn -0.0257 -0.8113 -0.5841
vn -0.0785 -0.9762 0.2024
vn 0.0114 -0.9563 0.2923
vn 0.1504 -0.8513 -0.5027
vn 0.4363 -0.8670 -0.2407
vn 0.0962 -0.8047 -0.5859
vn 0.2244 -0.8582 -0.4617
vn 0.0786 0.9204 0.3830
vn -0.1395 -0.8541 -0.5011
vn -0.2216 -0.8582 -0.4630
vn 0.7900 -0.5734 0.2173
vn 0.9964 -0.0840 0.0054
vn -0.4176 0.9081 0.0299
vn 0.2153 -0.9686 -0.1241
vn -0.1948 -0.9737 -0.1182
vn -0.8669 -0.4475 0.2193
vn -0.0930 -0.6169 -0.7815
vn 0.0072 -0.3437 -0.9390
vn -0.0004 -0.9245 -0.3812
vn -0.1770 -0.6595 -0.7306
vn -0.0882 0.1620 -0.9828
vn -0.0187 -0.5100 -0.8599
vn 0.0223 0.3264 -0.9450
vn 0.1241 -0.4552 -0.8817
vn -0.1245 0.2106 -0.9696
vn -0.0149 0.2853 -0.9583
vn 0.0273 0.3498 -0.9364
vn 0.0477 -0.4565 -0.8884
vn 0.2307 0.2333 -0.9447
vn 0.1478 0.3521 -0.9242
vn -0.1034 0.5657 -0.8181
vn -0.8819 0.4713 0.0078
vn 0.8037 0.5949 0.0107
vn 0.0325 -0.8273 -0.5608
vn -0.6711 -0.6289 0.3926
vn -0.6692 -0.7425 0.0285
vn 0.0061 -0.9482 -0.3176
vn 0.0070 -0.9194 -0.3933
vn -0.2022 -0.4084 -0.8901
vn -0.1819 0.2178 -0.9589
vn 0.2052 -0.6603 -0.7224
vn -0.3748 0.4088 -0.8321
vn -0.1016 0.6275 -0.7720
vn -0.0097 0.7220 -0.6918
vn 0.1358 0.8119 -0.5678
vn 0.0332 0.8847 -0.4650
vn -0.0115 -0.9165 0.3999
vn 0.6223 -0.7821 0.0324
vn 0.1407 0.9517 0.2730
vn 0.0057 -0.9846 -0.1747
vn -0.0774 -0.9571 -0.2793
vn 0.4963 -0.6659 -0.5570
vn 0.1465 -0.7145 -0.6841
vn 0.0826 0.8899 -0.4486
vn -0.3729 -0.9276 0.0217
vn -0.0191 0.8531 0.5214
vn -0.0856 0.8330 0.5467
vn 0.0488 -0.7378 0.6733
vn -0.1304 -0.7345 -0.6659
vn 0.5559 0.4009 -0.7282
vn -0.1014 0.9199 -0.3789
vn -0.0108 0.9185 -0.3954
vn -0.0628 0.9316 -0.3580
vn 0.6784 -0.5592 0.4765
vn 0.0899 -0.9803 0.1757
vn -0.0417 -0.9583 0.2827
vn -0.0531 -0.9535 0.2966
vn 0.0092 -0.7508 0.6605
vn 0.1716 0.3455 -0.9226
vn 0.2073 -0.1685 -0.9637
vn 0.1646 -0.4359 -0.8848
vn 0.2666 0.2926 -0.9183
vn -0.4564 -0.6514 -0.6061
vn -0.1404 -0.4116 -0.9005
vn 0.0040 0.2192 -0.9757
vn 0.0111 -0.5438 -0.8391
vn -0.2348 0.4535 -0.8598
vn 0.0619 0.5684 -0.8204
vn 0.0013 0.9549 -0.2970
vn -0.7331 -0.5970 0.3258
vn -0.1152 0.9579 0.2630
vn 0.0638 -0.7188 -0.6923
vn 0.0224 -0.6399 -0.7681
vn -0.9011 -0.1595 -0.4033
vn -0.1599 0.2691 -0.9497
vn -0.0981 0.7992 -0.5930
vn -0.0211 -0.9226 -0.3852
vn 0.2581 -0.9237 -0.2830
vn 0.0739 0.8262 0.5586
vn 0.1610 0.8323 0.5304
vn -0.1101 -0.6473 -0.7543
vn -0.0512 0.3865 -0.9209
vn 0.0570 0.3098 -0.9491
vn 0.2205 0.1865 -0.9574
vn -0.7374 0.2567 -0.6247
vn 0.5127 0.4625 -0.7233
vn -0.4304 0.8404 -0.3295
vn 0.0578 -0.9037 -0.4242
vn -0.2167 -0.9619 -0.1668
vn -0.6321 0.6353 0.4436
vn 0.4160 0.8373 0.3547
vn 0.0405 -0.9444 0.3262
vn 0.0067 -0.6776 -0.7354
vn -0.0230 -0.7226 -0.6909
vn -0.1536 -0.2313 -0.9607
vn -0.0045 -0.8171 -0.5764
vn 0.0475 -0.7237 -0.6885
vn 0.0404 0.2984 -0.9536
vn -0.0155 -0.4543 -0.8907
vn -0.1526 0.8452 -0.5122
vn 0.3691 0.8940 -0.2541
vn 0.0308 0.8984 -0.4380
vn 0.8225 -0.5687 0.0070
vn -0.9495 0.3134 0.0153
vn -0.0752 -0.9441 -0.3211
vn 0.3046 -0.9040 -0.3001
vn 0.0800 -0.9962 -0.0345
vn -0.1550 0.8660 0.4754
vn -0.0341 0.9238 0.3814
vn -0.2335 -0.7738 0.5888
vn 0.0367 -0.9789 0.2013
vn 0.0025 -0.9806 -0.1961
vn -0.0051 0.8513 -0.5247
vn 0.1728 0.8461 -0.5042
vn 0.0814 0.8714 -0.4838
vn -0.2977 0.9525 0.0648
vn 0.4503 0.8927 0.0174
vn -0.3005 -0.9501 -0.0836
vn 0.0413 -0.8798 0.4735
vn -0.5976 -0.7907 0.1330
vn 0.1724 0.8765 0.4496
vn -0.1669 0.8732 0.4579
vn -0.0045 -0.9653 -0.2610
vn 0.0992 -0.9826 0.1571
vn 0.0021 -0.5982 0.8014
vn -0.6806 -0.6635 -0.3108
vn 0.0054 0.8391 -0.5439
vn -0.0124 0.9976 -0.0685
vn -0.0019 0.9969 -0.0788
vn 0.5099 -0.8582 0.0584
vn 0.8667 0.4988 0.0005
vn 0.0653 0.9972 0.0356
vn 0.0910 -0.9709 -0.2215
vn 0.1766 -0.9599 -0.2178
vn -0.0796 -0.9956 0.0500
vn 0.6160 -0.7810 0.1030
vn 0.0519 0.7252 0.6866
vn 0.1717 0.6781 0.7147
vn 0.0461 0.9178 0.3943
vn 0.2392 0.2237 0.9448
vn -0.0284 -0.9485 0.3156
vn 0.0290 -0.9369 0.3483
vn 0.8565 0.3885 -0.3398
vn -0.8715 0.4399 -0.2165
vn -0.0444 0.9076 -0.4174
vn -0.0136 -0.9755 0.2197
vn -0.5163 -0.8288 0.2159
vn 0.0476 -0.9487 0.3127
vn 0.1890 -0.7317 0.6549
vn 0.0326 0.0093 0.9994
vn -0.0020 -0.9733 0.2294
vn -0.0002 -0.9780 0.2084
vn -0.0571 -0.5111 -0.8576
vn -0.2076 0.1447 -0.9675
vn -0.1024 -0.9892 0.1051
vn -0.2433 -0.9632 0.1143
vn -0.0555 -0.9870 0.1506
vn 0.0243 0.0152 0.9996
vn 0.7816 -0.0841 0.6181
vn -0.0392 -0.1102 0.9931
vn 0.0108 -0.8602 0.5098
vn 0.1195 0.7615 0.6371
vn -0.2322 0.8359 -0.4973
vn -0.5390 0.6906 0.4822
vn -0.1831 -0.6174 0.7650
vn 0.0106 -0.8602 0.5099
vn -0.0529 -0.2693 0.9616
vn -0.3127 0.7819 -0.5394
vn -0.9669 -0.0271 0.2537
vn 0.0234 -0.4094 0.9120
vn -0.0863 0.5965 0.7980
vn 0.6922 0.6019 0.3981
vn -0.4007 -0.8572 0.3235
vn -0.9174 0.3792 0.1211
vn 0.6934 0.7064 -0.1419
vn 0.3155 0.8833 0.3467
vn 0.8016 -0.1468 0.5796
vn 0.3355 -0.9211 0.1977
vn 0.8571 -0.1094 -0.5034
vn 0.2239 -0.4523 0.8633
vn -0.0209 -0.5436 0.8391
vn -0.6959 -0.7125 0.0898
vn -0.0243 -0.6096 0.7923
vn -0.0217 -0.9038 0.4273
vn -0.2571 -0.9014 0.3483
vn 0.0425 -0.9064 -0.4202
vn 0.7484 -0.6503 -0.1300
vn 0.0531 -0.9554 -0.2904
vn -0.0693 -0.9295 -0.3623
vn 0.0745 -0.9418 -0.3280
vn 0.0383 -0.9047 -0.4242
vn -0.0316 0.9962 -0.0811
vn 0.9504 0.3093 0.0344
vn -0.1378 -0.9853 -0.1014
vn 0.3494 -0.9354 -0.0535
vn -0.0319 0.6940 0.7193
vn 0.7196 0.2770 0.6367
vn 0.0468 -0.9347 0.3522
vn -0.1621 -0.9246 0.3448
vn 0.1254 -0.9705 0.2060
vn -0.0188 -0.9604 0.2779
vn -0.2473 -0.8189 -0.5179
vn -0.0478 -0.9602 0.2753
vn -0.0451 -0.9802 0.1927
vn 0.1018 -0.9883 -0.1138
vn 0.0030 -0.9306 -0.3661
vn 0.0018 0.0691 -0.9976
vn 0.0120 -0.1630 -0.9865
vn 0.0032 0.1872 -0.9823
vn 0.0810 0.0406 -0.9959
vn 0.0823 -0.6956 -0.7137
vn -0.0039 0.8068 -0.5908
vn -0.0195 -0.8120 -0.5834
vn -0.0024 -0.3461 -0.9382
vn 0.0049 0.0441 -0.9990
vn 0.1680 -0.0327 -0.9852
vn -0.0198 0.0026 -0.9998
vn -0.0045 -0.1776 -0.9841
vn -0.0142 0.0035 -0.9999
vn 0.9785 -0.1873 -0.0859
vn -0.6671 -0.0385 -0.7439
vn -0.1829 -0.0793 -0.9799
vn -0.0565 -0.9851 0.1627
vn -0.2663 -0.9478 0.1755
vn 0.5058 -0.8229 0.2588
vn -0.1543 0.7146 0.6823
vn 0.7298 -0.5570 0.3965
vn -0.1891 0.6775 0.7108
vn 0.2792 -0.9344 0.2214
vn -0.0454 -0.9679 0.2473
vn -0.0024 -0.9731 0.2306
vn 0.0422 -0.9361 0.3493
vn 0.0032 -0.9795 0.2014
vn 0.0736 -0.9965 0.0397
vn 0.7500 -0.6325 -0.1935
vn -0.6670 -0.0389 -0.7440
vn -0.1295 0.3660 -0.9216
vn 0.0011 0.9979 -0.0650
vn -0.0257 0.9939 -0.1068
vn 0.0296 0.9980 -0.0556
vn -0.7697 -0.6381 0.0181
vn -0.4176 -0.8997 0.1267
vn -0.1148 0.6410 0.7589
vn 0.1344 0.6457 0.7517
vn 0.1463 -0.9078 -0.3930
vn -0.0021 -0.9949 -0.1004
vn 0.0015 -0.9967 -0.0813
vn 0.0038 0.9855 -0.1697
vn -0.0000 0.9961 -0.0879
vn 0.7529 -0.3309 0.5689
vn 0.8320 0.1284 0.5397
vn -0.8135 0.2137 0.5409
vn 0.2221 -0.9651 0.1386
vn 0.0278 0.7794 0.6258
vn -0.0699 0.7568 0.6499
vn 0.1706 -0.9790 0.1114
vn -0.0130 -0.9956 0.0924
vn -0.0163 -0.9273 0.3740
vn 0.0516 -0.9558 0.2894
vn 0.0747 -0.9942 -0.0768
vn -0.0000 0.9990 -0.0456
vn -0.0019 0.9991 -0.0428
vn 0.0319 0.9990 -0.0320
vn -0.5441 0.5949 0.5916
vn 0.0473 -0.9594 0.2780
vn 0.0865 -0.9450 0.3155
vn 0.3177 -0.9302 0.1840
vn -0.5397 0.3923 0.7448
vn 0.1801 0.7371 0.6513
vn -0.0071 -0.9703 0.2420
vn -0.0024 -0.9668 0.2555
vn -0.0000 -0.9711 0.2387
vn -0.0077 -0.9803 0.1972
vn 0.0306 -0.9429 0.3315
vn -0.0156 -0.9605 0.2777
vn -0.0028 -0.9997 -0.0226
vn 0.8467 0.0565 0.5291
vn 0.2535 -0.9165 0.3095
vn 0.5101 -0.7810 0.3604
vn 0.0375 0.5314 0.8463
vn 0.3541 0.5022 0.7889
vn 0.0226 -0.9985 0.0495
vn -0.0782 -0.8636 0.4980
vn -0.0072 -1.0000 -0.0063
vn 0.0008 -0.9999 -0.0160
vn -0.0235 -0.8786 -0.4769
vn -0.2598 -0.9656 0.0085
vn -0.7373 -0.6678 -0.1016
vn 0.4737 -0.6882 0.5496
vn 0.6427 0.5098 0.5718
vn -0.1010 -0.8015 0.5894
vn -0.1474 -0.7454 0.6501
vn -0.5949 -0.5114 0.6201
vn -0.0012 -1.0000 -0.0022
vn 0.0015 -1.0000 0.0021
vn 0.1174 -0.8992 0.4216
vn -0.0442 0.4560 0.8889
vn 0.0001 -1.0000 -0.0001
vn -0.0314 0.9990 -0.0329
vn -0.0034 0.9981 -0.0619
vn -0.8226 0.1399 0.5512
vn -0.0167 -0.5248 0.8511
vn -0.0386 -0.6478 0.7609
vn -0.0822 0.4149 0.9061
vn 0.4949 -0.2416 0.8347
vn -0.2820 0.3545 0.8915
vn 0.4301 0.9019 -0.0398
vn -0.7936 -0.2400 0.5591
vn 0.6110 0.5435 0.5755
vn 0.0165 -0.6429 0.7658
vn 0.0131 -0.5375 0.8432
vn -0.2435 -0.7725 0.5865
vn -0.4069 -0.4655 0.7860
vn -0.0003 -1.0000 -0.0009
vn -0.0758 -0.8851 0.4591
vn -0.5242 -0.6412 0.5604
vn -0.0042 -0.3199 0.9474
vn -0.0076 -0.3826 0.9239
vn 0.2875 -0.8051 0.5188
vn -0.2809 -0.6811 0.6762
vn 0.1069 0.4441 0.8896
vn 0.3571 -0.6700 0.6508
vn 0.1558 0.4586 0.8749
vn 0.1128 0.5915 0.7984
vn -0.0038 0.9996 -0.0296
vn 0.0797 -0.5542 0.8285
vn -0.0028 0.2206 0.9754
vn -0.0097 -0.0267 0.9996
vn 0.0799 0.1264 0.9888
vn 0.1447 0.4229 0.8946
vn -0.1501 0.4773 0.8658
vn 0.2061 0.2748 0.9391
vn -0.0533 0.4408 0.8960
vn 0.2496 -0.9666 0.0575
vn 0.9023 0.4285 -0.0477
vn -0.0791 0.1240 0.9891
vn 0.5938 -0.8038 -0.0348
vn -0.7765 -0.2684 0.5701
vn 0.2934 0.7871 0.5426
vn 0.0322 -0.1761 0.9838
vn -0.0771 0.3027 0.9500
vn -0.2674 -0.9617 0.0609
vn -0.2043 -0.9505 -0.2340
vn -0.0000 -1.0000 -0.0001
vn -0.2276 -0.9593 -0.1673
vn 0.0671 0.0353 0.9971
vn -0.0696 0.0664 0.9954
vn 0.1362 -0.2093 0.9683
vn -0.0705 0.0624 0.9956
vn 0.1724 -0.9779 -0.1185
vn 0.9977 -0.0443 -0.0506
vn -0.7691 0.6384 -0.0293
vn -0.4176 -0.7442 0.5214
vn -0.6077 0.5069 0.6114
vn -0.0017 -0.0939 0.9956
vn -0.2068 -0.9784 0.0034
vn -0.3199 -0.9435 0.0871
vn -0.5364 -0.5146 -0.6689
vn 0.2967 -0.5972 -0.7452
vn 0.6183 -0.4886 -0.6157
vn 0.3157 -0.9486 0.0223
vn 0.9548 -0.2974 0.0006
vn -0.9893 0.1423 -0.0332
vn 0.7578 -0.3602 0.5440
vn 0.1621 0.7837 0.5996
vn -0.6450 -0.4767 -0.5973
vn -0.9228 -0.3198 0.2148
vn 0.0220 -0.8826 0.4695
vn 0.8123 -0.4706 -0.3446
vn 0.6025 -0.4789 -0.6385
vn 0.2480 -0.9620 -0.1140
vn 0.8823 -0.4699 0.0280
vn -0.2758 0.7416 0.6116
vn 0.3520 -0.9360 0.0008
vn 0.1187 -0.9929 -0.0002
vn -0.0621 0.8612 0.5044
vn 0.3823 -0.9240 0.0007
vn -0.2261 -0.9740 -0.0094
vn -0.0005 1.0000 -0.0004
vn 0.3967 -0.7257 -0.5621
vn -0.9222 -0.3867 -0.0040
vn -0.2947 0.9555 -0.0081
vn -0.0014 1.0000 -0.0019
vn 0.3466 -0.7660 0.5414
vn 0.6718 -0.6801 -0.2935
vn -0.0000 1.0000 -0.0001
vn -0.6615 -0.6247 -0.4150
vn -0.9276 -0.3735 -0.0097
vn 0.4115 -0.9114 -0.0039
vn -0.8752 -0.4837 -0.0077
vn -0.5047 -0.0411 0.8623
vn 0.6882 -0.6016 -0.4056
vn -0.8764 0.4815 0.0024
vn -0.3501 -0.7429 0.5706
vn 0.0340 -0.8867 0.4612
vn 0.2417 -0.8063 0.5399
vn 0.3308 -0.7685 0.5477
vn -0.6058 -0.4611 0.6484
vn -0.4336 0.2873 0.8541
vn -0.6326 0.4135 0.6548
vn 0.4635 0.5454 0.6984
vn -0.1165 0.4677 0.8762
vn 0.3974 0.6646 0.6328
vn -0.6768 -0.6247 -0.3894
vn -0.3770 -0.9262 -0.0007
vn -0.9930 0.1184 0.0030
vn 0.9958 0.0912 -0.0026
vn 0.0119 -0.8655 0.5007
vn -0.3255 -0.6987 0.6371
vn 0.5997 -0.5600 0.5716
vn -0.5762 -0.5478 0.6065
vn 0.6169 -0.4562 0.6414
vn -0.7525 -0.0405 0.6573
vn -0.9540 -0.0757 0.2902
vn 0.7485 0.0411 0.6619
vn 0.8630 -0.2092 0.4599
vn -0.8570 0.4223 0.2953
vn 0.7254 0.3008 0.6191
vn -0.5663 0.8008 0.1950
vn -0.3198 0.6985 0.6402
vn 0.0016 0.9810 0.1939
vn 0.2333 0.7342 0.6376
vn 0.0416 0.9143 0.4029
vn 0.3276 -0.9448 -0.0046
vn 0.0002 1.0000 0.0003
vn 0.0958 0.9954 -0.0029
vn -0.4711 -0.8821 0.0067
vn 0.7746 0.6325 0.0013
vn -0.3466 -0.9380 0.0011
vn 0.3660 -0.9306 -0.0000
vn 0.9263 -0.3768 -0.0004
vn 0.8810 0.4731 -0.0046
vn -0.0965 -0.9953 0.0050
vn -0.8472 -0.5312 0.0048
vn 0.9984 0.0552 -0.0093
vn 0.7009 -0.6901 -0.1803
vn 0.6331 -0.7741 0.0014
vn 0.5118 -0.8098 -0.2868
vn 0.8604 -0.5028 -0.0830
vn 0.2927 -0.9562 -0.0032
vn -0.7952 0.6063 0.0012
vn 0.6563 0.7545 -0.0054
vn 0.9132 -0.4074 -0.0003
vn -0.8666 -0.4990 -0.0003
vn 0.8355 -0.5494 0.0085
vn -0.5674 0.8234 -0.0024
vn 0.4767 0.8790 0.0086
vn 0.0404 0.9992 -0.0019
vn -0.4920 -0.8308 -0.2604
vn -0.9561 -0.2877 -0.0559
vn -0.0912 -0.9957 -0.0158
vn -0.8510 -0.5039 -0.1476
vn -0.0002 -1.0000 -0.0001
vn -0.3552 -0.9348 -0.0028
vn 0.3917 -0.9201 -0.0001
vn -0.2421 -0.9337 -0.2637
vn 0.9053 -0.4247 -0.0030
vn -0.9915 0.1304 -0.0053
vn 0.2553 -0.9669 -0.0008
vn -0.0001 -1.0000 0.0004
vn -0.4663 -0.8846 -0.0038
vn 0.2481 -0.9505 -0.1872
vn -0.4468 0.8946 0.0011
vn 0.4467 0.8947 -0.0015
vn -0.0391 0.9992 -0.0001
vn 0.2271 -0.9561 -0.1851
vn -0.9572 -0.2893 -0.0050
vn -0.1094 0.9940 -0.0022
vn 0.9978 0.0654 0.0051
vn -0.9993 0.0382 0.0021
vn 0.5644 0.8254 -0.0128
vn -0.0241 0.9997 -0.0057
vn -0.4611 -0.8873 0.0024
vn 0.9234 -0.3839 0.0009
vn 0.0377 0.9993 -0.0002
vn -0.8021 0.5972 0.0002
vn -0.9778 -0.2053 -0.0421
vn -0.3258 -0.9454 0.0011
vn 0.5010 -0.8654 0.0057
vn -0.0011 -1.0000 -0.0001
vn 0.9933 0.1151 -0.0007
vn -0.3724 -0.9067 -0.1979
vn 0.9396 -0.3421 -0.0019
vn 0.0001 1.0000 -0.0002
vn 0.9937 0.1110 -0.0135
vn -0.9260 -0.3677 -0.0856
vn -0.5499 -0.8160 -0.1784
vn 0.0002 -1.0000 0.0001
vn 0.8000 0.6000 0.0078
vn -0.3995 0.9167 -0.0049
vn 0.1907 -0.9613 -0.1990
vn 0.9333 -0.3592 0.0003
vn 0.9451 -0.3157 -0.0842
vn 0.0051 -1.0000 -0.0007
vn -0.9185 -0.3953 -0.0003
vn -0.3339 -0.9426 0.0012
vn 0.8710 -0.4729 -0.1333
vn -0.0001 1.0000 0.0002
vn 0.0401 -0.9992 0.0087
vn -0.5358 -0.8443 -0.0088
vn 0.2973 -0.9548 0.0042
vn 0.4274 -0.8764 -0.2221
vn 0.3827 -0.9239 -0.0024
vn 0.8402 0.5423 -0.0017
vn 0.2960 0.9552 -0.0019
vn 0.3437 -0.9127 -0.2209
vn -0.5195 -0.8332 -0.1895
vn -0.9794 -0.2019 0.0071
vn -0.8307 0.5567 -0.0002
vn 0.9990 -0.0447 0.0005
vn -0.8021 -0.5972 0.0038
vn 0.2979 -0.9546 0.0019
vn -0.1537 -0.9881 0.0006
vn -0.3216 -0.9469 -0.0004
vn -0.0000 -1.0000 0.0003
vn -0.3713 -0.9285 0.0007
vn 0.4944 -0.8190 -0.2912
vn -0.7061 -0.7081 0.0007
vn 0.9229 -0.3851 -0.0027
vn 0.3979 -0.9174 -0.0006
vn 0.3583 0.9336 0.0041
vn -0.0850 -0.9964 -0.0008
vn 0.8928 -0.4382 -0.1041
vn -0.9774 -0.2045 -0.0527
vn 0.4455 -0.8953 -0.0050
vn -0.4978 -0.8419 -0.2084
vn -0.9841 0.1774 0.0075
vn 0.0314 -0.9995 0.0040
vn 0.8268 -0.5625 0.0021
vn 0.7193 -0.6732 -0.1716
vn 0.9367 -0.3500 -0.0009
vn -0.8805 0.4740 0.0006
vn -0.7563 -0.6540 -0.0156
vn -0.0005 1.0000 0.0001
vn -0.4843 -0.8749 0.0071
vn 0.3279 -0.9447 -0.0004
vn 0.3198 -0.9475 -0.0008
vn -0.9557 -0.2857 -0.0701
vn -1.0000 -0.0069 0.0002
vn -0.2655 -0.9641 0.0015
vn 0.9877 0.1563 0.0039
vn 0.3368 -0.9148 -0.2227
vn -0.5749 0.8182 -0.0004
vn -0.2900 -0.9570 -0.0008
vn 0.8930 -0.4500 -0.0118
vn -0.4607 -0.8608 -0.2163
vn 0.9065 0.4221 -0.0074
vn -0.8615 0.5077 0.0031
vn -0.6991 -0.6935 -0.1742
vn 0.0393 0.9992 -0.0006
vn -0.7080 0.7062 -0.0009
vn -0.9989 0.0462 -0.0016
vn -0.0401 0.9992 0.0003
vn -0.9928 -0.1123 -0.0412
vn 0.0006 1.0000 -0.0001
vn 0.7248 0.6889 -0.0093
vn 0.4425 0.8968 0.0060
vn -0.2939 -0.9558 -0.0030
vn 0.6367 -0.7491 -0.1831
vn 0.0009 -1.0000 -0.0001
vn -0.3494 0.9370 -0.0034
vn -0.4718 0.8817 -0.0008
vn -0.2046 0.9788 -0.0030
vn -0.9993 0.0387 -0.0004
vn -0.0840 0.9965 0.0042
vn 0.7832 0.6218 -0.0024
vn 0.9986 -0.0480 -0.0217
vn 0.0003 -1.0000 -0.0001
vn -1.0000 -0.0006 0.0015
vn -0.8489 -0.5286 0.0011
vn 0.9584 -0.2701 -0.0920
vn 0.4552 -0.8904 0.0061
vn -0.8962 -0.4435 -0.0070
vn -0.8739 -0.4861 -0.0002
vn 0.9428 -0.3333 0.0080
vn 0.5791 -0.8152 -0.0073
vn 0.1590 0.9873 0.0011
vn 0.5143 0.8576 0.0087
vn 0.0817 -0.9758 -0.2028
vn -0.0257 -0.9997 0.0029
vn -0.4931 -0.7154 -0.4951
vn 0.8530 -0.1472 -0.5007
vn 0.9268 -0.3756 -0.0009
vn -0.9748 -0.2230 0.0091
vn -0.6152 -0.7884 -0.0048
vn 0.0002 1.0000 -0.0000
vn -0.5011 -0.8654 -0.0014
vn 0.2512 0.9679 0.0044
vn -0.7269 -0.6173 -0.3010
vn -0.9987 0.0518 0.0012
vn -0.3326 -0.9431 -0.0048
vn 0.9981 0.0607 -0.0052
vn -0.3259 -0.9454 0.0066
vn 0.9999 0.0107 -0.0007
vn -0.0001 1.0000 0.0001
vn 0.8707 0.4919 -0.0031
vn -0.9839 -0.1335 -0.1191
vn 0.3739 -0.9274 -0.0078
vn -0.8777 -0.4791 -0.0118
vn 0.9988 -0.0484 0.0028
vn -0.9984 -0.0561 0.0013
vn 0.7041 -0.6048 -0.3720
vn -0.7574 -0.6530 0.0060
vn -0.4762 -0.8793 -0.0007
vn -0.3688 -0.9295 -0.0010
vn -0.5441 -0.7619 -0.3514
vn 0.7862 -0.5070 -0.3534
vn 0.8225 0.2557 -0.5080
vn 0.3069 -0.9517 0.0010
vn -0.2791 -0.9602 -0.0090
vn -0.7352 0.6779 0.0054
vn 0.5887 0.8084 0.0012
vn -0.0001 -1.0000 0.0002
vn -0.0008 -1.0000 -0.0000
vn -0.9999 -0.0157 0.0037
vn -0.5635 0.8261 -0.0025
vn -0.8088 -0.5869 -0.0363
vn 0.3262 -0.9453 0.0101
vn 0.7216 -0.6922 0.0084
vn 0.5399 -0.5503 -0.6369
vn -0.3219 -0.9468 -0.0027
vn 0.3120 -0.9499 0.0160
vn 0.8888 0.4583 0.0018
vn -0.9804 0.1216 -0.1550
vn -0.7631 -0.3190 -0.5620
vn 0.9921 -0.1243 0.0162
vn -0.0593 -0.3682 -0.9279
vn 0.9159 0.1022 -0.3882
vn -0.4010 0.9161 0.0039
vn 0.7587 -0.2693 -0.5932
vn 0.6997 -0.2454 -0.6710
vn -0.7194 -0.6946 0.0032
vn 0.7293 -0.6841 0.0068
vn -0.9893 0.1456 -0.0116
vn 0.3271 -0.9450 -0.0029
vn 0.3682 -0.9298 -0.0005
vn -0.5433 -0.8395 0.0019
vn -0.9544 -0.0760 -0.2888
vn -0.5121 -0.5827 -0.6310
vn 0.2501 -0.6756 -0.6936
vn 0.4346 -0.6171 -0.6560
vn 0.0001 -1.0000 0.0004
vn -0.5225 -0.5729 -0.6315
vn 0.3630 -0.9318 -0.0000
vn -0.2378 0.9713 -0.0055
vn -0.0380 0.9993 0.0001
vn -0.3261 -0.7014 -0.6338
vn 0.3086 -0.3881 -0.8684
vn -0.7961 0.3603 -0.4862
vn -0.8627 -0.0169 -0.5055
vn -0.5505 -0.8349 0.0032
vn 0.6706 -0.3556 -0.6511
vn 0.8497 -0.4238 -0.3137
vn -0.8847 0.4660 -0.0085
vn 0.1749 0.9846 -0.0030
vn -0.2863 -0.5200 -0.8048
vn 0.7492 0.0192 -0.6621
vn 0.9315 0.1829 -0.3146
vn 0.5434 0.1929 -0.8170
vn 0.3724 -0.9277 -0.0239
vn -0.8797 0.4756 -0.0022
vn -0.2760 -0.9538 -0.1189
vn 0.0440 -0.7143 -0.6985
vn 0.2429 0.6463 -0.7234
vn 0.5848 -0.7650 -0.2698
vn -0.7914 -0.4835 -0.3740
vn 0.7806 -0.0270 -0.6244
vn -0.9862 0.1462 -0.0775
vn -0.5996 0.7961 0.0818
vn 0.9901 0.1401 0.0019
vn -0.0070 -0.5969 -0.8023
vn 0.0026 -0.0210 -0.9998
vn 0.0044 -0.7903 -0.6127
vn 0.0075 -0.4247 -0.9053
vn -0.0006 -0.7782 -0.6280
vn -0.0078 -0.5983 -0.8012
vn 0.0032 0.1924 -0.9813
vn 0.0131 -0.7519 -0.6591
vn 0.0018 0.3484 -0.9373
vn 0.0222 -0.7084 -0.7055
vn 0.0903 -0.9904 0.1048
vn -0.0072 0.6482 -0.7614
vn 0.0021 0.0240 -0.9997
vn 0.0030 -0.7707 -0.6372
vn 0.0074 0.3335 -0.9427
vn -0.0010 -0.6677 -0.7445
vn 0.0073 0.8285 -0.5600
vn -0.0013 0.4333 -0.9013
vn -0.0112 0.4087 -0.9126
vn -0.0138 0.8293 -0.5586
vn 0.0062 0.9321 -0.3621
vn 0.0057 0.8993 -0.4372
vn -0.0085 0.8985 -0.4390
vn 0.0065 0.8428 -0.5382
vn 0.0007 0.8705 -0.4921
vn 0.8435 0.4410 -0.3066
vn 0.9425 -0.0383 -0.3319
vn -0.3298 0.8262 0.4567
vn -0.6921 -0.2931 -0.6596
vn 0.5185 -0.1029 -0.8489
vn -0.3946 0.4833 -0.7815
vn 0.4679 0.5052 -0.7252
vn -0.0008 1.0000 -0.0002
vn -0.0417 -0.9991 -0.0014
vn -0.0137 -0.9973 -0.0717
vn -0.0062 0.9998 -0.0169
vn 0.0102 0.9685 -0.2488
vn -0.0062 0.9744 -0.2248
vn -0.0007 0.9681 -0.2507
vn 0.0139 0.9238 -0.3827
vn -0.2077 0.9610 -0.1829
vn -0.7226 -0.0468 -0.6897
vn -0.9518 0.1812 -0.2475
vn 0.9281 0.2999 -0.2207
vn 0.5143 -0.6198 -0.5927
vn -0.6347 -0.6385 -0.4354
vn -0.2784 -0.9603 -0.0193
vn -0.5564 0.8309 -0.0023
vn 0.0359 0.9994 -0.0001
vn 0.8032 0.5958 0.0033
vn -0.2502 -0.9657 0.0690
vn -0.0016 -0.9648 -0.2630
vn -0.0042 -0.9745 -0.2243
vn 0.7354 0.6717 -0.0892
vn 0.0135 0.9989 -0.0450
vn -0.4751 -0.8791 0.0370
vn 0.9391 0.1949 -0.2832
vn -0.5305 0.1513 -0.8341
vn 0.6314 -0.0153 -0.7753
vn -0.2954 -0.9554 0.0018
vn -0.8481 -0.5298 -0.0019
vn 0.4640 0.8858 -0.0024
vn 0.5816 -0.8135 -0.0058
vn 0.2740 -0.8425 0.4638
vn 0.0040 0.9889 0.1488
vn -0.9791 -0.1885 -0.0756
vn 0.9929 -0.1187 -0.0027
vn -0.8262 0.5633 -0.0031
vn 0.0400 -0.9949 -0.0923
vn 0.1510 -0.9612 0.2308
vn -0.0009 0.7904 0.6126
vn 0.0008 0.9912 0.1323
vn -0.0145 0.7840 0.6206
vn 0.3170 0.8215 0.4740
vn -0.5875 0.5532 -0.5906
vn 0.8581 0.1706 0.4842
vn 0.9286 0.2072 0.3079
vn 0.9053 -0.4243 0.0210
vn 0.7733 0.3426 -0.5335
vn -0.9434 0.3166 -0.0986
vn 0.5088 -0.8602 0.0362
vn -0.4695 -0.8668 0.1682
vn -0.0000 -0.9944 -0.1061
vn 0.0042 -0.9955 -0.0947
vn 0.0096 -0.9999 -0.0084
vn -0.0227 -0.9584 0.2844
vn 0.0009 -0.9953 -0.0966
vn 0.1358 -0.8674 0.4787
vn 0.6386 -0.4124 0.6497
vn 0.4100 0.8639 -0.2927
vn -0.0237 0.9387 -0.3439
vn 0.9538 0.1954 -0.2284
vn -0.9803 0.1006 -0.1698
vn 0.7775 0.6288 -0.0088
vn -0.3889 -0.7748 -0.4984
vn 0.7254 -0.6777 -0.1209
vn -0.5237 -0.6655 -0.5319
vn -0.4547 -0.7485 0.4826
vn -0.0398 -0.8246 0.5643
vn -0.3712 -0.8963 -0.2428
vn -0.1165 0.9060 0.4069
vn -0.7777 -0.4489 0.4400
vn 0.9011 0.0631 0.4290
vn -0.9325 0.1136 0.3429
vn 0.8981 0.0102 -0.4397
vn 0.3434 -0.9392 -0.0004
vn -0.6626 0.7489 0.0043
vn 0.7520 0.6591 -0.0067
vn -0.1471 0.9880 -0.0463
vn 0.2604 0.9651 -0.0269
vn -0.0404 -0.9842 0.1725
vn 0.5432 -0.6788 0.4942
vn 0.4932 -0.8036 -0.3332
vn 0.9526 -0.2977 -0.0635
vn -0.6851 -0.1362 -0.7156
vn -0.6350 0.1920 -0.7483
vn -0.2215 -0.0839 -0.9716
vn 0.2914 0.2711 -0.9174
vn 0.4230 -0.1430 -0.8948
vn 0.3492 0.2501 -0.9030
vn 0.6428 0.6904 -0.3320
vn 0.6945 -0.1309 -0.7075
vn 0.8425 -0.2800 -0.4602
vn 0.7926 0.4366 -0.4256
vn -0.4931 0.2253 -0.8403
vn -0.7858 -0.0221 -0.6181
vn -0.0539 0.8861 -0.4604
vn -0.5612 0.7382 -0.3744
vn 0.7869 0.6152 0.0473
vn 0.4106 -0.8860 0.2152
vn -0.9197 -0.3926 -0.0002
vn 0.0001 1.0000 0.0002
vn 0.6531 -0.7573 0.0073
vn -0.0030 -0.2601 -0.9656
vn -0.7085 -0.1775 -0.6830
vn 0.0639 -0.2713 -0.9604
vn -0.6367 -0.7362 -0.2294
vn 0.1584 0.9599 -0.2315
vn 0.8742 0.2260 0.4298
vn 0.7692 0.1215 -0.6273
vn -0.9725 0.2325 -0.0144
vn -0.4519 0.7745 -0.4425
vn 0.8665 -0.4594 0.1951
vn -0.8857 -0.3322 0.3244
vn 0.7194 0.4098 0.5608
vn -0.3036 -0.9527 0.0169
vn 0.3061 0.9520 -0.0025
vn -0.7699 -0.1574 -0.6185
vn 0.6312 -0.5197 -0.5757
vn -0.7808 0.1979 -0.5926
vn 0.4773 0.2597 -0.8395
vn -0.9603 0.2745 -0.0494
vn -0.5973 -0.5918 0.5414
vn 0.7028 -0.1849 -0.6869
vn -0.1952 -0.6515 0.7331
vn -0.0170 -0.8251 0.5647
vn -0.3397 0.8425 0.4182
vn -0.8507 -0.5104 0.1258
vn -0.5569 -0.8076 0.1943
vn -0.8386 0.0827 0.5384
vn -0.7134 -0.7007 -0.0023
vn -0.6176 -0.7864 0.0102
vn 0.7856 -0.1427 -0.6021
vn 0.3416 -0.8658 -0.3656
vn 0.8116 -0.4485 -0.3745
vn -0.7085 -0.5347 0.4605
vn -0.0661 -0.9842 -0.1644
vn -0.4021 -0.8473 -0.3469
vn -0.7035 0.0322 0.7100
vn 0.7547 -0.4354 0.4908
vn 0.7020 0.0781 0.7079
vn 0.0818 0.9608 0.2651
vn -0.5763 0.4475 0.6838
vn 0.2756 -0.9612 0.0096
vn -0.9862 -0.1656 -0.0015
vn -0.6832 -0.1860 -0.7062
vn 0.9984 0.0118 -0.0549
vn 0.0550 -0.9776 -0.2032
vn 0.0194 0.6348 0.7724
vn -0.9285 -0.2134 0.3040
vn 0.8075 0.4088 0.4253
vn -0.6625 0.6139 0.4292
vn -0.8455 -0.3711 0.3839
vn 0.4405 -0.8977 0.0056
vn 0.3744 -0.9058 0.1984
vn 0.7648 -0.1395 -0.6290
vn -0.9075 -0.4170 -0.0500
vn 0.6081 -0.7266 -0.3200
vn -0.5030 -0.8532 -0.1381
vn 0.7672 -0.6079 -0.2048
vn 0.0071 0.7868 0.6172
vn -0.6520 -0.3688 0.6625
vn 0.8474 -0.4702 0.2465
vn 0.9286 -0.2968 0.2225
vn 0.9233 0.3691 0.1064
vn 0.7352 -0.0820 0.6729
vn -0.6899 -0.0756 0.7199
vn -0.3871 -0.8889 0.2451
vn 0.9151 -0.4033 -0.0015
vn 0.9507 -0.3098 0.0098
vn -0.0429 -0.2674 -0.9626
vn 0.0258 -0.2797 -0.9597
vn -0.1164 -0.9589 -0.2586
vn -0.9199 -0.3915 0.0221
vn -0.7235 0.6098 0.3236
vn 0.6964 -0.0491 0.7160
vn 0.5650 0.5911 0.5757
vn 0.4991 -0.3372 0.7982
vn -0.0001 1.0000 0.0011
vn 0.0205 -0.7828 0.6219
vn 0.5975 -0.6549 0.4627
vn 0.0076 -0.8047 0.5936
vn 0.9998 0.0050 -0.0203
vn -0.0076 0.6283 0.7779
vn -0.7526 -0.5985 0.2746
vn 0.6653 -0.5899 0.4575
vn 0.3037 0.7910 0.5311
vn -0.4938 -0.2261 0.8397
vn 0.8979 0.0459 0.4378
vn -0.0809 -0.9967 0.0039
vn -0.6704 -0.1874 -0.7179
vn 0.6482 -0.1882 -0.7379
vn -0.7476 -0.1497 -0.6471
vn -0.0015 -0.7468 0.6651
vn 0.8745 -0.4531 0.1729
vn -0.9499 0.1728 0.2604
vn -0.8571 0.0873 0.5078
vn 0.9688 -0.1650 0.1850
vn 0.1872 -0.4679 0.8637
vn 0.4871 -0.5832 0.6501
vn -0.5802 -0.5439 0.6063
vn -0.0052 -0.7862 0.6180
vn -0.0009 -0.8523 0.5231
vn -0.0738 0.4979 0.8641
vn -0.4352 0.2683 0.8594
vn -0.9865 0.1639 0.0026
vn -0.7704 -0.2293 0.5950
vn -0.5803 0.5219 0.6252
vn -0.7905 0.2943 0.5372
vn 0.7897 -0.6135 0.0028
vn 0.6432 -0.2434 -0.7260
vn -1.0000 0.0077 0.0058
vn 0.9997 0.0244 -0.0038
vn 0.9851 0.1717 -0.0123
vn 0.0081 -0.7725 0.6350
vn -0.0109 -0.7332 0.6799
vn 0.5220 0.4844 0.7020
vn -0.1073 0.6307 0.7686
vn -0.0072 0.6151 0.7884
vn -0.0018 0.5805 0.8143
vn -0.7651 -0.5123 0.3900
vn 0.1976 -0.9801 0.0181
vn 0.0326 -0.2830 -0.9586
vn 0.6651 -0.1877 -0.7228
vn 0.0056 -0.2830 -0.9591
vn -0.0390 -0.3894 0.9203
vn 0.8203 -0.1095 0.5613
vn 0.5254 -0.1898 0.8294
vn -0.7084 -0.0109 0.7058
vn 0.7326 0.0509 0.6787
vn 0.9238 -0.3829 0.0057
vn 0.6582 0.7515 -0.0460
vn 0.9058 0.4234 -0.0166
vn -0.5161 0.8542 -0.0628
vn -0.6184 -0.2451 -0.7467
vn 0.9951 0.0302 -0.0947
vn -0.9918 0.1099 -0.0649
vn 0.7838 0.1932 0.5902
vn -0.6494 -0.0429 0.7592
vn 0.5673 -0.5403 0.6215
vn 0.7020 -0.4717 0.5336
vn 0.3926 -0.9197 -0.0000
vn -0.2873 0.9578 0.0066
vn 0.4306 -0.9025 0.0056
vn -0.7491 0.2071 0.6292
vn 0.0122 0.0035 0.9999
vn -0.0153 -0.0674 0.9976
vn -0.8715 -0.1766 0.4576
vn -0.6296 -0.1970 -0.7515
vn -0.7340 0.1752 0.6562
vn 0.5521 -0.1145 0.8259
vn 0.7886 -0.5199 0.3284
vn 0.7380 -0.4127 0.5339
vn -0.7486 -0.4244 0.5095
vn -0.9203 -0.3911 -0.0024
vn 0.7300 0.1777 0.6599
vn 0.0001 -1.0000 0.0003
vn 0.0001 -1.0000 0.0002
vn -0.2694 0.9629 -0.0138
vn -0.9984 0.0480 0.0293
vn 0.6789 0.1945 0.7080
vn -0.5882 0.7163 0.3753
vn -0.6777 -0.5862 0.4439
vn 0.2874 0.9578 -0.0023
vn -0.0752 -0.5174 0.8524
vn 0.6581 -0.6075 0.4447
vn -0.6714 -0.6052 0.4277
vn -0.7146 -0.4845 0.5045
vn -0.3085 -0.9512 0.0004
vn -0.0004 1.0000 0.0006
vn -0.9873 0.1563 -0.0287
vn -0.5858 -0.2477 -0.7717
vn 0.6481 -0.1922 -0.7370
vn -0.9975 0.0594 0.0381
vn -0.9964 0.0300 -0.0798
vn 0.0197 -0.5651 0.8248
vn -0.1193 -0.9928 -0.0114
vn 0.9973 -0.0731 0.0050
vn 0.9996 -0.0266 0.0063
vn 0.6098 -0.2447 -0.7539
vn 0.9976 0.0608 0.0344
vn -0.4061 -0.9138 0.0033
vn 0.9218 -0.3877 0.0007
vn -0.0013 -1.0000 0.0007
vn -0.0001 1.0000 0.0005
vn -0.9994 -0.0294 -0.0203
vn 0.7491 0.6552 -0.0973
vn 0.9975 -0.0505 -0.0502
vn 0.9982 0.0501 0.0325
vn -0.7434 0.2233 0.6304
vn -0.7527 0.1991 0.6275
vn -0.6243 0.2106 0.7523
vn 0.0751 0.2829 0.9562
vn 0.7357 -0.4423 0.5129
vn -0.0001 -1.0000 0.0008
vn 0.0199 -0.2882 -0.9574
vn -0.0124 -0.2851 -0.9584
vn -0.0875 0.2315 0.9689
vn -0.2216 -0.9751 0.0034
vn -0.7760 0.6307 -0.0012
vn 0.6127 -0.1938 -0.7662
vn -0.9994 -0.0317 -0.0130
vn 0.7587 0.2258 0.6110
vn -0.6124 -0.1987 -0.7651
vn 0.9993 -0.0375 -0.0045
vn -0.7301 0.1694 0.6620
vn 0.0372 0.9993 0.0017
vn -0.7870 -0.5021 -0.3584
vn 0.9949 0.0702 0.0722
vn 0.7489 0.1690 0.6408
vn 0.7266 0.2021 0.6566
vn 0.7322 -0.4953 0.4675
vn 0.3850 -0.9229 0.0021
vn -0.1385 -0.7115 -0.6889
vn -0.6815 0.7289 -0.0659
vn 0.3470 0.9213 -0.1755
vn 0.6299 -0.2349 -0.7403
vn -0.9968 0.0617 0.0511
vn -0.7211 0.2603 0.6421
vn 0.7076 0.2326 0.6672
vn 0.0046 -1.0000 0.0008
vn 0.9322 0.3619 0.0053
vn -0.9989 -0.0117 0.0462
vn -0.1524 0.2733 0.9498
vn 0.0881 0.2806 0.9558
vn 0.2588 -0.9659 0.0019
vn 0.0978 -0.9952 -0.0003
vn 0.0734 -0.2776 -0.9579
vn -0.6206 -0.2355 -0.7479
vn 0.9109 0.1770 0.3728
vn -0.7005 -0.4736 0.5338
vn -0.3645 -0.9312 0.0037
vn -0.5950 -0.1935 -0.7801
vn 0.8548 0.1545 0.4954
vn -0.1152 0.2891 0.9503
vn -0.7999 0.5945 -0.0819
vn -0.9944 0.0681 0.0809
vn -0.9188 -0.3948 -0.0037
vn 0.4874 -0.8732 -0.0008
vn -0.0000 -1.0000 0.0007
vn 0.6125 -0.2028 -0.7640
vn 0.9697 -0.0552 -0.2381
vn -0.9764 0.0797 -0.2008
vn -0.5166 -0.5305 -0.6721
vn 0.5733 -0.2452 -0.7818
vn -0.9456 0.1581 0.2842
vn 0.9717 -0.2361 -0.0044
vn -0.4989 -0.2205 -0.8381
vn 0.9987 -0.0153 0.0493
vn -0.8968 0.2733 -0.3479
vn -0.1335 -0.9886 0.0690
vn -0.0616 -0.3319 -0.9413
vn -0.8978 0.0342 0.4391
vn 0.0125 0.8076 0.5896
vn -0.0575 -0.0321 -0.9978
vn 0.3290 -0.0000 -0.9443
vn 0.4011 -0.1379 -0.9056
vn 0.0699 -0.0459 -0.9965
vn -0.2912 -0.0803 -0.9533
vn -0.2424 0.0340 -0.9696
vn -0.7262 0.0649 -0.6844
vn -0.0971 -0.0756 -0.9924
vn -0.1238 0.1666 -0.9782
vn -0.0187 0.0435 -0.9989
vn -0.1563 -0.9877 -0.0095
vn 0.6764 -0.7326 0.0753
vn -0.6273 -0.2703 -0.7304
vn -0.8374 -0.1130 -0.5348
vn 0.9937 0.0701 0.0870
vn -0.9890 -0.0889 -0.1186
vn 0.9361 0.1262 0.3282
vn -0.9476 -0.1139 -0.2985
vn 0.9890 0.1386 -0.0518
vn -0.9325 0.0593 -0.3562
vn 0.3644 0.6731 0.6435
vn 0.9167 -0.0141 -0.3992
vn 0.1789 -0.0937 -0.9794
vn -0.3705 -0.1192 -0.9211
vn 0.2619 -0.1726 -0.9495
vn -0.3008 -0.0723 -0.9510
vn 0.1932 0.0073 -0.9811
vn -0.0033 0.0555 -0.9985
vn -0.0054 -0.1672 -0.9859
vn 0.0067 -0.2252 -0.9743
vn 0.7250 0.0119 -0.6886
vn 0.7610 -0.0458 -0.6472
vn -0.2131 -0.0192 -0.9768
vn -0.0031 -0.2419 -0.9703
vn 0.0010 -0.1802 -0.9836
vn -0.0061 -0.1690 -0.9856
vn 0.0013 -0.0158 -0.9999
vn -0.0131 -0.4118 -0.9112
vn -0.0038 0.0447 -0.9990
vn 0.0069 -0.2309 -0.9730
vn 0.0054 0.2221 -0.9750
vn 0.0092 -0.1996 -0.9798
vn 0.0056 -0.3593 -0.9332
vn -0.0040 -0.2330 -0.9725
vn -0.7490 -0.0272 -0.6620
vn 0.4387 0.0641 -0.8963
vn -0.3043 0.0375 -0.9518
vn 0.0074 0.1013 -0.9948
vn -0.0516 0.1741 -0.9834
vn -0.0111 0.6240 -0.7813
vn 0.0021 0.2697 -0.9630
vn 0.0061 0.1856 -0.9826
vn 0.0244 0.3587 -0.9331
vn 0.0263 0.6086 -0.7930
vn -0.0033 0.3097 -0.9508
vn -0.1987 0.0714 -0.9775
vn -0.0128 0.4146 -0.9099
vn -0.0156 0.4761 -0.8792
vn -0.0216 0.7222 -0.6914
vn -0.3789 0.5004 -0.7785
vn 0.0981 -0.1318 -0.9864
vn 0.0494 0.8326 -0.5517
vn -0.0262 0.8109 -0.5846
vn 0.0779 0.9938 -0.0790
vn 0.4695 0.1197 -0.8748
vn 0.0219 0.9965 0.0812
vn -0.0291 0.9561 -0.2915
vn 0.9089 0.3751 -0.1823
vn -0.0184 0.7864 0.6174
vn -0.0103 -0.5046 -0.8633
vn 0.0012 -0.0710 -0.9975
vn -0.0039 -0.8344 -0.5511
vn 0.0130 -0.4636 -0.8859
vn -0.0047 -0.9885 -0.1512
vn -0.0002 -0.7659 -0.6429
vn -0.0081 -0.7720 -0.6356
vn -0.0008 -0.0395 -0.9992
vn -0.0071 -0.5796 -0.8149
vn 0.0057 0.0374 -0.9993
vn -0.0135 0.1390 -0.9902
vn 0.0101 -0.5167 -0.8561
vn -0.0675 0.2325 -0.9702
vn 0.1778 -0.2924 -0.9396
vn -0.0026 0.2404 -0.9707
vn 0.0205 -0.5891 -0.8078
vn -0.0023 0.2620 -0.9651
vn -0.1734 -0.3482 -0.9213
vn 0.0159 0.2117 -0.9772
vn 0.0007 0.2690 -0.9631
vn 0.0004 -0.5343 -0.8453
vn 0.0038 -0.5414 -0.8408
vn 0.0060 0.2664 -0.9638
vn 0.0073 -0.5418 -0.8405
vn 0.0020 0.2717 -0.9624
vn -0.0000 0.2763 -0.9611
vn 0.0011 0.2786 -0.9604
vn 0.5303 0.8477 0.0112
vn 0.9537 -0.1781 -0.2424
vn -0.9345 -0.2781 -0.2221
vn 0.9948 0.0139 0.1009
vn -0.9707 0.0376 0.2375
vn 0.9786 0.0856 -0.1872
vn -0.9267 0.0565 -0.3716
vn 0.3459 0.3616 -0.8658
vn 0.3564 -0.1063 -0.9283
vn 0.3062 -0.1709 -0.9365
vn -0.0124 -0.8716 -0.4901
vn -0.0028 -0.8975 -0.4410
vn 0.0260 -0.9009 -0.4332
vn -0.0105 -0.8383 -0.5450
vn -0.0078 -0.9089 -0.4170
vn 0.0151 -0.8157 -0.5783
vn -0.0132 -0.9714 -0.2373
vn 0.0141 -0.8422 -0.5390
vn -0.0010 -0.9309 -0.3653
vn 0.0048 -0.9156 -0.4020
vn -0.0288 -0.8473 -0.5303
vn 0.0031 -0.9995 -0.0320
vn -0.0310 -0.8588 -0.5113
vn -0.5094 -0.3365 -0.7920
vn 0.7272 -0.4985 -0.4719
vn -0.0087 -0.8254 -0.5646
vn -0.0024 -0.8181 -0.5750
vn -0.0055 -0.8348 -0.5506
vn -0.0217 0.9844 -0.1747
vn 0.0268 0.9474 0.3189
vn 0.0033 0.9925 0.1226
vn -0.0296 0.9917 0.1254
vn -0.9568 -0.2512 -0.1466
vn 0.0009 -0.9925 -0.1223
vn 0.0023 -0.9973 -0.0737
vn -0.3500 -0.9262 -0.1403
vn -0.7053 0.1336 -0.6962
vn 0.3304 0.1780 -0.9269
vn 0.8970 0.1056 -0.4292
vn 0.1666 0.2273 -0.9595
vn -0.0000 0.2799 -0.9600
vn 0.0009 0.2660 -0.9640
vn 0.3503 -0.9359 -0.0382
vn 0.3199 -0.9475 -0.0008
vn 0.1166 -0.9712 -0.2079
vn 0.5721 -0.7700 -0.2826
vn 0.9345 -0.3334 -0.1249
vn -0.9197 -0.0924 -0.3816
vn -0.9071 0.1066 -0.4073
vn 0.9260 0.0269 -0.3766
vn 0.7801 0.0876 -0.6195
vn -0.1816 -0.1682 -0.9689
vn -0.3081 -0.0919 -0.9469
vn 0.1927 0.1677 -0.9668
vn -0.4045 0.4357 -0.8041
vn 0.2722 -0.1921 -0.9429
vn 0.6576 0.1142 -0.7446
vn 0.0022 0.6101 -0.7923
vn -0.0003 -0.1635 -0.9865
vn 0.0128 0.6415 -0.7670
vn 0.0012 0.6046 -0.7965
vn 0.0048 -0.0966 -0.9953
vn 0.0056 0.2383 -0.9712
vn -0.0004 -0.1716 -0.9852
vn -0.0125 0.7013 -0.7128
vn -0.0022 -0.1702 -0.9854
vn 0.0262 0.1742 -0.9844
vn 0.0059 0.3561 -0.9344
vn 0.0039 -0.1750 -0.9846
vn 0.0198 0.2632 -0.9645
vn 0.0053 0.6389 -0.7693
vn -0.5930 0.7778 -0.2084
vn -0.0039 0.6276 -0.7785
vn -0.0005 0.8736 -0.4866
vn -0.0084 0.2753 -0.9613
vn -0.0034 0.8815 -0.4723
vn -0.0043 0.8874 -0.4609
vn 0.0023 0.4381 -0.8989
vn 0.0248 -0.8917 0.4520
vn 0.9483 0.0755 -0.3084
vn 0.0322 0.5398 0.8412
vn -0.0214 0.9617 0.2732
vn 0.0103 0.9447 0.3278
vn -0.3735 0.6448 0.6669
vn 0.6058 -0.7935 0.0578
vn -0.0060 -0.9956 -0.0932
vn -0.0051 -0.9907 -0.1357
vn 0.2038 0.2081 -0.9566
vn -0.3631 0.1998 -0.9101
vn -0.0145 0.2309 -0.9729
vn 0.8197 0.0961 -0.5646
vn 0.3278 -0.9447 -0.0007
vn 0.1115 -0.9891 0.0959
vn 0.0014 1.0000 0.0034
vn 0.2628 -0.6410 -0.7212
vn 0.0250 -0.3164 -0.9483
vn 0.5417 -0.2136 -0.8130
vn -0.6134 -0.1795 -0.7691
vn -0.9980 0.0580 -0.0242
vn 0.9432 -0.1032 -0.3158
vn 0.5113 -0.1416 -0.8477
vn -0.4137 -0.1681 -0.8947
vn -0.4411 -0.1026 -0.8916
vn -0.8369 -0.0309 -0.5464
vn 0.8158 -0.0361 -0.5772
vn 0.0024 -0.1887 -0.9820
vn 0.0078 0.4615 -0.8871
vn -0.0003 -0.1838 -0.9830
vn 0.3342 0.9324 -0.1376
vn -0.0055 0.9519 -0.3064
vn 0.9922 0.1248 -0.0070
vn -0.9562 -0.2849 0.0668
vn 0.9041 0.1041 0.4144
vn 0.0264 0.6879 0.7253
vn 0.0091 0.5102 0.8600
vn 0.0548 0.5467 0.8356
vn 0.0225 0.7970 0.6035
vn 0.0210 0.8033 0.5953
vn 0.9648 -0.2083 0.1605
vn -0.0000 0.3306 -0.9438
vn -0.2709 0.2371 -0.9330
vn -0.7800 0.1931 -0.5952
vn -0.1757 0.9695 -0.1706
vn 0.6028 -0.3258 -0.7284
vn -0.9963 -0.0034 0.0861
vn -0.8462 -0.0952 -0.5243
vn 0.6342 -0.1277 0.7626
vn 0.9569 -0.0274 -0.2890
vn -0.8705 -0.0253 -0.4915
vn -0.8117 -0.0022 -0.5841
vn 0.4906 -0.1194 -0.8631
vn -0.2203 -0.2074 -0.9531
vn 0.5819 -0.6009 0.5480
vn -0.0101 -0.6558 0.7548
vn 0.0115 -0.6778 0.7352
vn 0.0176 -0.5709 0.8208
vn 0.0044 -0.6659 0.7460
vn -0.0086 -0.6655 0.7463
vn -0.0208 -0.6492 0.7603
vn -0.0108 -0.6254 0.7803
vn 0.0108 -0.5959 0.8029
vn -0.0688 -0.6240 0.7784
vn -0.1341 0.4959 0.8580
vn -0.0487 0.4046 0.9132
vn 0.5950 0.3462 0.7254
vn 0.0345 0.6296 0.7761
vn 0.0028 0.3886 0.9214
vn -0.9109 0.1187 -0.3952
vn 0.0014 0.3283 -0.9446
vn 0.0269 0.3118 -0.9498
vn 0.7013 0.1878 -0.6877
vn -0.3109 -0.9504 0.0012
vn -0.7100 -0.7042 0.0035
vn -0.9994 -0.0349 0.0011
vn -0.0613 -0.3085 -0.9492
vn 0.8482 -0.0901 -0.5220
vn 0.9115 -0.2626 -0.3165
vn -0.6003 -0.1471 -0.7861
vn -0.8131 -0.1061 -0.5724
vn 0.2743 -0.2016 -0.9403
vn -0.0017 -0.1919 -0.9814
vn -0.0002 -0.1989 -0.9800
vn -0.0012 -0.2097 -0.9778
vn -0.0034 -0.2569 0.9664
vn -0.0167 -0.0030 0.9999
vn 0.0171 -0.1712 0.9851
vn -0.1375 0.0154 0.9904
vn -0.0449 -0.0983 0.9941
vn -0.0063 -0.1236 0.9923
vn 0.0598 -0.1752 0.9827
vn -0.0201 -0.1129 0.9934
vn -0.1235 -0.0577 0.9907
vn 0.0077 -0.2534 0.9673
vn -0.7028 -0.0150 0.7112
vn 0.0050 -0.3321 0.9432
vn 0.0496 -0.3193 0.9463
vn 0.1668 0.0277 0.9856
vn 0.2660 -0.0543 0.9625
vn 0.0868 -0.0477 0.9951
vn -0.0003 -0.8931 0.4498
vn 0.0524 -0.9192 -0.3903
vn -0.0674 -0.8320 0.5507
vn 0.0829 -0.4720 0.8777
vn -0.3883 -0.8904 0.2373
vn -0.1243 -0.9443 0.3046
vn -0.1120 -0.9253 0.3624
vn 0.0908 -0.9319 0.3510
vn 0.0100 -0.9074 0.4201
vn -0.0510 -0.9278 0.3696
vn -0.0035 -0.9864 0.1641
vn 0.0002 -0.9866 0.1630
vn -0.1426 -0.5238 0.8398
vn 0.0884 -0.9521 0.2928
vn 0.1016 -0.9945 -0.0267
vn -0.1035 -0.9142 0.3918
vn 0.1371 -0.9869 0.0851
vn 0.2266 -0.9644 0.1366
vn 0.0062 -0.9755 -0.2198
vn 0.1123 -0.9613 0.2516
vn 0.3426 -0.9358 0.0836
vn -0.1582 -0.9661 0.2042
vn -0.6590 -0.2289 -0.7165
vn -0.1670 -0.9853 -0.0352
vn -0.1236 -0.9405 -0.3166
vn -0.1494 -0.9064 0.3951
vn 0.0661 -0.8935 -0.4442
vn -0.0256 -0.7372 -0.6751
vn -0.0593 -0.9782 0.1989
vn -0.0194 -0.7885 -0.6147
vn 0.0827 -0.8975 0.4332
vn -0.0433 -0.7842 -0.6190
vn 0.2935 -0.6932 -0.6583
vn 0.7738 -0.0688 -0.6297
vn 0.4753 -0.1169 -0.8720
vn -0.5358 -0.1323 -0.8339
vn -0.0189 -0.7354 -0.6774
vn -0.5219 -0.1726 -0.8354
vn 0.2763 0.5268 0.8038
vn -0.5210 0.7889 -0.3259
vn 0.4332 0.6563 0.6178
vn -0.2760 0.9581 0.0769
vn -0.5159 0.8279 0.2201
vn -0.0069 0.9937 -0.1116
vn -0.0084 0.9981 0.0603
vn -0.2037 0.9620 0.1817
vn -0.2549 0.9631 -0.0860
vn -0.1659 0.5638 0.8091
vn 0.2839 0.9082 0.3076
vn -0.0895 0.3268 0.9408
vn -0.1675 0.9465 0.2757
vn 0.2467 0.4808 0.8414
vn 0.4905 0.8330 -0.2558
vn -0.2225 0.9658 0.1333
vn -0.1452 0.8805 -0.4513
vn 0.3511 0.8932 -0.2809
vn -0.2526 0.8639 -0.4357
vn 0.1545 0.9775 -0.1435
vn -0.0629 0.4437 0.8939
vn -0.0735 0.9945 -0.0745
vn -0.0221 0.9885 -0.1498
vn 0.2643 0.9240 0.2763
vn 0.1363 0.9425 0.3051
vn 0.0308 -0.8539 -0.5195
vn -0.0142 -0.9606 -0.2776
vn -0.8133 -0.0504 0.5796
vn 0.0024 0.3299 -0.9440
vn 0.0011 0.3336 -0.9427
vn -0.2773 0.2646 -0.9236
vn 0.1666 0.2610 -0.9509
vn -0.4093 0.2310 -0.8827
vn 0.1402 0.0867 -0.9863
vn -0.4530 -0.8193 0.3516
vn -0.4783 -0.8653 0.1503
vn -0.1494 -0.6904 -0.7078
vn -0.9996 0.0001 0.0277
vn 0.9962 0.0828 -0.0273
vn -0.5519 0.1386 0.8223
vn 0.8302 -0.0854 -0.5508
vn 0.0075 0.8486 -0.5289
vn 0.9398 -0.0409 0.3393
vn 0.1670 0.0276 0.9856
vn 0.4508 -0.0399 -0.8917
vn -0.4428 -0.7576 -0.4795
vn 0.0484 -0.7453 -0.6650
vn 0.0082 -0.7692 -0.6389
vn -0.0159 -0.6803 -0.7328
vn -0.0155 -0.7213 -0.6924
vn -0.0378 -0.7272 -0.6854
vn -0.0051 -0.6726 -0.7400
vn -0.0069 -0.7688 -0.6395
vn 0.0838 0.7185 -0.6904
vn 0.3175 0.6444 -0.6956
vn 0.7407 0.5049 -0.4433
vn 0.2004 0.4498 -0.8704
vn 0.1397 0.4904 -0.8602
vn 0.7117 -0.4545 0.5357
vn -0.0114 -0.9306 -0.3657
vn 0.9207 0.0296 0.3892
vn -0.0054 0.3182 -0.9480
vn -0.0013 0.3366 -0.9416
vn 0.1503 0.3208 -0.9352
vn -0.3850 -0.3521 -0.8531
vn 0.7487 0.2575 -0.6109
vn 0.0727 0.9687 -0.2372
vn 0.1441 -0.2902 -0.9461
vn 0.6839 -0.1284 -0.7182
vn 0.5463 -0.3240 -0.7723
vn -0.9984 0.0532 -0.0194
vn -0.8470 0.1845 0.4986
vn 0.7887 0.2065 0.5791
vn 0.8696 -0.1122 -0.4808
vn 0.8464 -0.2355 -0.4777
vn -0.7569 -0.2103 -0.6188
vn -0.3254 -0.2418 -0.9141
vn -0.0037 -0.7982 -0.6024
vn 0.0031 -0.2828 -0.9592
vn -0.0109 0.8588 -0.5123
vn -0.0050 0.8666 -0.4990
vn 0.0107 0.8526 -0.5225
vn -0.5705 0.4596 0.6807
vn -0.9195 -0.0333 0.3918
vn -0.0349 -0.3874 -0.9213
vn -0.0216 -0.6989 -0.7149
vn 0.0116 -0.6959 -0.7180
vn 0.0068 -0.6494 -0.7604
vn -0.1090 -0.6019 -0.7911
vn -0.0123 -0.6430 -0.7657
vn -0.0191 -0.4535 -0.8911
vn 0.0147 -0.6694 -0.7428
vn 0.1132 -0.7387 -0.6645
vn 0.0342 -0.7067 -0.7067
vn 0.4595 -0.1154 -0.8806
vn -0.7068 0.0012 -0.7074
vn -0.0824 0.2168 -0.9727
vn -0.0871 0.2356 -0.9679
vn 0.1033 0.4713 -0.8759
vn 0.8047 0.0155 -0.5934
vn 0.2236 -0.9478 -0.2271
vn 0.7402 -0.4179 0.5267
vn 0.1181 -0.4085 -0.9051
vn -0.6236 -0.5800 -0.5241
vn 0.7724 0.0498 -0.6332
vn -0.9978 0.0130 0.0654
vn 0.4413 0.2294 0.8675
vn -0.8340 -0.3020 -0.4618
vn 0.1848 -0.5296 -0.8279
vn 0.7883 -0.4003 -0.4672
vn 0.0097 -0.4181 -0.9084
vn -0.0009 -0.6551 -0.7555
vn 0.0046 -0.3931 -0.9195
vn -0.0002 -0.8007 -0.5991
vn 0.0006 -0.7901 -0.6129
vn -0.9980 0.0612 -0.0183
vn 0.8758 0.1413 0.4615
vn 0.7728 0.1849 0.6071
vn 0.0021 0.8343 -0.5512
vn 0.0082 0.8492 -0.5281
vn -0.0087 0.9344 -0.3561
vn -0.0820 0.6010 -0.7950
vn -0.9608 -0.2384 -0.1416
vn -0.2508 -0.1407 -0.9577
vn 0.0084 -0.4759 -0.8795
vn 0.0142 -0.6051 -0.7960
vn -0.8672 -0.2542 0.4283
vn -0.1519 0.4286 -0.8906
vn -0.0429 0.2493 -0.9675
vn 0.0434 -0.0700 -0.9966
vn -0.1621 -0.0556 -0.9852
vn 0.1394 0.5356 -0.8329
vn -0.2113 0.1535 -0.9653
vn -0.3097 -0.3975 -0.8638
vn 0.1312 -0.2852 -0.9495
vn -0.0553 -0.0563 -0.9969
vn 0.1425 0.0249 -0.9895
vn 0.1390 -0.7017 -0.6987
vn -0.0457 -0.9073 -0.4181
vn -0.1000 -0.9378 -0.3324
vn -0.9651 -0.0013 -0.2617
vn -0.0010 0.3402 -0.9403
vn -0.5114 -0.1683 -0.8427
vn 0.4465 0.3290 -0.8321
vn -0.7392 0.2345 -0.6313
vn 0.5907 -0.5943 -0.5457
vn -0.6269 -0.5500 -0.5518
vn -0.0183 -0.7354 -0.6774
vn 0.5994 -0.5857 -0.5456
vn 0.7545 0.2608 -0.6023
vn -0.8433 0.2980 -0.4472
vn -0.9897 -0.1167 -0.0826
vn 0.6911 0.7052 -0.1579
vn -0.5109 -0.2761 -0.8141
vn -0.9842 0.1594 -0.0772
vn 0.8655 0.1721 0.4703
vn -0.9218 -0.3763 0.0933
vn 0.8898 -0.1203 0.4402
vn 0.6448 -0.6548 -0.3943
vn 0.3810 -0.8222 -0.4229
vn -0.8179 -0.3843 -0.4282
vn 0.0154 -0.8886 -0.4585
vn -0.0194 -0.9365 -0.3501
vn 0.0020 -0.7418 -0.6706
vn -0.3274 -0.6687 -0.6675
vn -0.0052 -0.7441 -0.6680
vn -0.0050 -0.9100 -0.4145
vn 0.0096 -0.5940 -0.8044
vn 0.0041 -0.8106 -0.5855
vn -0.7999 0.1404 0.5835
vn 0.5937 0.3822 0.7081
vn -0.0060 0.8771 -0.4803
vn -0.0005 0.8617 -0.5074
vn -0.0028 0.8717 -0.4901
vn -0.0001 -0.3746 -0.9272
vn 0.0288 -0.4109 -0.9112
vn -0.0065 -0.4515 -0.8922
vn 0.1105 -0.5655 -0.8173
vn 0.0028 -0.4492 -0.8934
vn -0.0371 -0.1961 -0.9799
vn 0.0346 0.6891 -0.7239
vn 0.0359 -0.2347 -0.9714
vn 0.2958 0.3159 -0.9015
vn 0.0125 -0.0530 -0.9985
vn 0.1485 0.1957 -0.9694
vn 0.0180 -0.6272 -0.7787
vn -0.7663 -0.0001 0.6425
vn -0.0021 -0.9318 -0.3629
vn -0.0859 -0.7254 -0.6829
vn -0.0005 -0.7765 -0.6301
vn 0.0987 -0.6681 -0.7375
vn -0.3315 0.2928 -0.8969
vn -0.4685 0.3070 -0.8284
vn 0.7019 -0.5693 0.4280
vn -0.7085 -0.4603 0.5349
vn -0.3738 0.9275 0.0072
vn 0.0555 0.9983 0.0179
vn 0.9162 0.3418 -0.2094
vn 0.9832 0.1690 -0.0685
vn -0.6242 -0.1827 -0.7596
vn -0.6002 -0.6598 -0.4522
vn -0.0002 -0.9816 -0.1910
vn -0.0036 -0.9905 -0.1377
vn -0.0003 0.8395 -0.5434
vn -0.0006 0.8323 -0.5544
vn 0.0123 -0.3528 -0.9356
vn -0.0088 -0.3800 -0.9249
vn 0.0092 -0.3378 -0.9412
vn 0.0447 -0.4445 -0.8947
vn -0.0313 -0.3478 -0.9370
vn 0.0110 -0.4721 -0.8815
vn 0.0177 -0.4637 -0.8858
vn -0.1001 -0.0994 -0.9900
vn -0.5087 -0.0660 -0.8584
vn -0.2938 0.3687 -0.8819
vn 0.6688 0.3535 -0.6540
vn -0.1896 0.1426 -0.9715
vn 0.1584 -0.1542 -0.9753
vn 0.1716 0.2059 -0.9634
vn -0.4851 -0.7900 0.3750
vn -0.0264 -0.5820 -0.8128
vn 0.1075 -0.8981 -0.4265
vn 0.0561 -0.6888 -0.7228
vn 0.0162 -0.8967 -0.4424
vn 0.8490 -0.0727 0.5234
vn -0.7668 -0.1157 0.6314
vn 0.3322 0.3240 -0.8858
vn 0.7555 -0.4360 0.4889
vn 0.8979 0.4399 0.0138
vn -0.0445 0.9988 0.0223
vn -0.9752 0.2212 -0.0091
vn 1.0000 0.0027 0.0070
vn 0.8045 0.1456 0.5758
vn -0.5511 0.2434 0.7981
vn -0.4203 -0.7446 0.5186
vn 0.6978 -0.7130 -0.0686
vn -0.0027 -0.9956 -0.0942
vn 0.0121 -0.9941 0.1080
vn 0.9887 -0.1477 0.0262
vn -0.3496 0.9197 0.1786
vn 0.0128 0.8621 -0.5067
vn -0.0135 -0.3284 -0.9445
vn -0.0082 -0.3977 -0.9175
vn -0.0014 -0.3976 -0.9175
vn -0.0020 -0.3426 -0.9395
vn -0.0055 -0.3606 -0.9327
vn -0.1432 -0.9619 0.2330
vn -0.0800 -0.4661 -0.8811
vn -0.0244 -0.3269 -0.9448
vn -0.0097 -0.3710 -0.9286
vn 0.0527 -0.6498 -0.7582
vn -0.0099 -0.3927 -0.9196
vn 0.2219 0.3372 -0.9149
vn -0.2614 -0.1443 -0.9544
vn 0.5368 0.1172 -0.8355
vn 0.3682 -0.2119 -0.9053
vn 0.2640 0.1553 -0.9519
vn -0.3894 -0.6966 -0.6025
vn 0.0062 -0.6907 -0.7231
vn 0.8961 -0.3976 -0.1972
vn 0.0626 -0.5868 0.8073
vn 0.8452 -0.0601 0.5310
vn -0.0084 0.7763 -0.6303
vn -0.0044 0.8317 -0.5551
vn -0.7415 -0.4491 0.4984
vn -0.9275 0.3682 -0.0651
vn 0.0714 -0.2823 -0.9567
vn -0.1148 -0.2954 -0.9484
vn -0.9965 -0.0619 -0.0566
vn -0.2365 -0.9693 -0.0675
vn 0.3417 -0.2129 0.9154
vn 0.0012 -0.9975 0.0700
vn -0.0028 -0.9698 0.2438
vn -0.3064 -0.9017 0.3050
vn -0.7622 0.1943 0.6175
vn 0.0450 0.5399 -0.8406
vn 0.3272 0.6368 0.6982
vn 0.4857 0.0359 0.8734
vn -0.6558 0.0289 -0.7544
vn 0.0008 -0.1204 -0.9927
vn -0.6704 -0.3452 -0.6569
vn 0.0102 -0.1916 -0.9814
vn 0.0003 0.1867 -0.9824
vn 0.0022 0.1641 -0.9864
vn 0.0027 0.1906 -0.9817
vn -0.0118 0.3769 -0.9262
vn -0.0018 0.1948 -0.9809
vn 0.0249 -0.3937 -0.9189
vn 0.0582 -0.1035 -0.9929
vn 0.0004 -0.0051 -1.0000
vn -0.0052 0.2079 -0.9781
vn 0.6931 0.0246 -0.7204
vn -0.5881 -0.0478 0.8074
vn -0.5296 -0.4088 -0.7432
vn 0.7343 0.0626 -0.6759
vn 0.0015 -0.3577 -0.9339
vn 0.0017 -0.3755 -0.9268
vn 0.0003 0.8513 0.5246
vn 0.7463 -0.6656 0.0042
vn -0.9754 0.2148 0.0503
vn 0.5863 -0.2307 -0.7765
vn 0.9816 0.1847 -0.0494
vn -0.7863 0.2759 0.5528
vn 0.8316 0.2358 0.5028
vn -0.8466 0.1902 0.4970
vn 0.0069 0.2908 -0.9568
vn 0.0011 0.2821 -0.9594
vn -0.0067 -0.2200 -0.9755
vn -0.0006 0.1975 -0.9803
vn -0.0037 0.2365 -0.9716
vn -0.7903 0.1092 0.6029
vn 0.0140 0.2116 -0.9772
vn -0.0073 0.1672 -0.9859
vn 0.3255 -0.5693 -0.7549
vn 0.8640 -0.3400 0.3714
vn 0.0009 0.1722 -0.9851
vn -0.7561 0.1232 0.6428
vn 0.5607 -0.0842 0.8237
vn 0.2952 -0.2788 0.9139
vn 0.5680 0.0566 0.8211
vn -0.0945 -0.3669 0.9254
vn 0.0002 0.8276 -0.5613
vn -0.5430 0.6469 -0.5354
vn 0.0029 0.4176 -0.9086
vn -0.5094 0.4276 -0.7468
vn -0.8150 0.3356 -0.4723
vn 0.8868 0.4121 -0.2093
vn 0.4093 -0.7670 0.4942
vn -0.0596 0.9980 0.0188
vn -0.0006 1.0000 0.0004
vn 0.9244 -0.3811 0.0187
vn 0.7503 -0.6604 0.0304
vn -0.7102 0.6656 -0.2295
vn -0.4459 0.8446 -0.2963
vn 0.2639 -0.2631 -0.9280
vn 0.6609 -0.1866 -0.7269
vn -0.9947 0.0525 -0.0885
vn 0.9938 -0.0868 -0.0693
vn 0.5716 0.2669 0.7759
vn 0.0026 -0.5830 0.8125
vn -0.5508 0.4888 0.6765
vn 0.9291 0.3330 0.1609
vn -0.1726 0.1594 0.9720
vn -0.1575 0.2186 0.9630
vn 0.0002 0.1641 -0.9864
vn -0.0197 0.1468 -0.9890
vn -0.4897 0.0382 0.8711
vn -0.7216 0.1511 0.6757
vn 0.6171 0.1080 0.7794
vn -0.2849 0.0992 0.9534
vn 0.2763 0.4811 0.8320
vn 0.2943 0.2917 0.9101
vn 0.1435 -0.5809 0.8013
vn 0.7232 -0.2983 0.6229
vn 0.0064 0.6443 -0.7647
vn -0.0041 0.4498 -0.8931
vn -0.0042 0.4785 -0.8781
vn 0.4963 -0.6247 0.6029
vn -0.3338 -0.9426 0.0054
vn -0.7257 -0.6878 0.0149
vn 0.8999 0.4305 -0.0692
vn 0.9613 0.2753 -0.0135
vn -0.5961 -0.2308 -0.7690
vn 0.9600 -0.1010 -0.2612
vn 0.8143 0.2307 0.5327
vn -0.8368 0.1637 0.5224
vn -0.6009 0.2442 0.7611
vn 0.4443 0.2472 0.8611
vn -0.4146 0.2419 0.8773
vn 0.0007 -0.9630 0.2696
vn 0.0199 -0.6175 0.7864
vn 0.7781 0.2327 0.5834
vn 0.1968 0.1334 0.9713
vn 0.4771 0.4944 0.7266
vn -0.7276 -0.4171 0.5446
vn 0.6562 0.1980 0.7281
vn -0.5158 -0.2141 0.8295
vn 0.6988 0.1301 0.7034
vn -0.2726 0.4308 0.8603
vn 0.3613 -0.2005 0.9107
vn 0.0005 0.4640 0.8858
vn 0.0008 0.4146 0.9100
vn -0.0026 0.4241 0.9056
vn -0.0003 0.4185 0.9082
vn -0.0063 0.3599 0.9330
vn 0.0060 0.4454 0.8953
vn 0.0047 0.4529 0.8915
vn 0.0035 0.4181 0.9084
vn -0.0044 0.3757 0.9267
vn -0.0004 0.4219 0.9066
vn -0.0119 -0.2881 0.9575
vn -0.0265 -0.5011 0.8650
vn 0.0001 -0.2957 0.9553
vn -0.0031 0.4288 0.9034
vn -0.0000 -0.3223 0.9467
vn 0.0027 -0.5107 0.8597
vn 0.0048 -0.5160 0.8566
vn 0.0032 0.3739 0.9275
vn -0.0041 -0.2777 0.9607
vn 0.0052 -0.2661 0.9639
vn 0.0025 -0.5411 0.8410
vn -0.1490 -0.4714 0.8692
vn 0.4144 -0.4567 0.7872
vn 0.8463 -0.1625 0.5074
vn 0.0024 0.8339 -0.5519
vn 0.5830 0.6181 -0.5273
vn -0.0012 0.8122 -0.5834
vn 0.5961 0.6731 -0.4377
vn -0.9067 0.4212 0.0235
vn 0.0016 -1.0000 0.0043
vn 0.3366 -0.9416 0.0119
vn -0.9849 0.1724 -0.0163
vn -0.2837 -0.2668 -0.9210
vn -0.9940 0.0010 -0.1095
vn 0.9749 -0.1170 -0.1896
vn 0.8661 0.1593 0.4738
vn -0.5192 -0.4706 0.7134
vn 0.5211 -0.8535 0.0043
vn 0.0013 -0.6273 0.7788
vn -0.0080 -0.9635 0.2677
vn -0.7063 0.2237 0.6716
vn 0.2946 0.2611 0.9193
vn -0.5397 0.5724 0.6173
vn 0.5845 -0.4982 0.6404
vn -0.5018 0.1142 0.8574
vn 0.3342 0.0603 0.9406
vn -0.1020 -0.0582 0.9931
vn -0.0010 0.4285 0.9036
vn 0.0049 0.4599 0.8880
vn 0.0005 0.4299 0.9029
vn 0.0019 0.4415 0.8973
vn 0.0016 0.4180 0.9084
vn -0.0053 -0.6483 0.7613
vn -0.3310 -0.5157 0.7903
vn -0.0028 -0.6543 0.7562
vn -0.0004 -0.6428 0.7661
vn -0.0013 -0.6581 0.7530
vn -0.0002 -0.5390 0.8423
vn -0.0020 -0.5450 0.8384
vn -0.0011 -0.5178 0.8555
vn 0.0024 -0.5447 0.8386
vn 0.4036 -0.2497 0.8802
vn 0.2633 -0.2241 0.9383
vn -0.5209 -0.2223 0.8242
vn -0.0051 0.8707 -0.4918
vn -0.9922 0.1243 0.0100
vn 0.9324 0.3523 -0.0807
vn -0.6488 -0.1996 -0.7343
vn 0.9953 0.0510 -0.0824
vn -0.7421 0.2692 0.6139
vn 0.5070 0.3233 0.7990
vn 0.1657 -0.6663 0.7270
vn 0.6434 -0.3732 0.6684
vn -0.7957 -0.5881 0.1446
vn -0.0098 -0.8410 0.5409
vn 0.0060 -0.5803 0.8144
vn -0.0257 -0.8213 0.5699
vn -0.0097 -0.9041 0.4273
vn 0.1377 0.2345 0.9623
vn -0.2789 0.2682 0.9221
vn -0.5704 0.2255 0.7898
vn 0.4716 0.1466 0.8695
vn -0.0064 -0.0560 0.9984
vn -0.0052 0.3840 0.9233
vn 0.0058 -0.0139 0.9999
vn 0.0051 0.3489 0.9371
vn 0.0005 -0.0706 0.9975
vn -0.0051 -0.0988 0.9951
vn -0.0023 0.3386 0.9409
vn 0.0005 -0.1172 0.9931
vn -0.0030 -0.0678 0.9977
vn 0.0015 0.3674 0.9301
vn 0.0030 -0.0643 0.9979
vn 0.0029 -0.0968 0.9953
vn -0.0023 0.3701 0.9290
vn 0.0019 -0.1123 0.9937
vn -0.0069 0.3335 0.9427
vn -0.0213 -0.1014 0.9946
vn -0.0122 -0.0346 0.9993
vn -0.0188 -0.3114 0.9501
vn -0.0201 -0.0027 0.9998
vn -0.0084 0.3248 0.9458
vn 0.1178 0.0422 0.9921
vn 0.0291 -0.0257 0.9992
vn 0.0005 0.3594 0.9332
vn -0.0018 -0.0945 0.9955
vn -0.0026 -0.0635 0.9980
vn -0.0308 -0.0568 0.9979
vn -0.0080 0.3395 0.9406
vn 0.0008 0.3446 0.9387
vn 0.0062 -0.0566 0.9984
vn -0.0038 -0.3455 0.9384
vn 0.0032 -0.2928 0.9562
vn -0.0043 -0.3508 0.9364
vn -0.0080 -0.3709 0.9286
vn -0.0010 -0.3249 0.9457
vn -0.0007 -0.3697 0.9292
vn -0.0006 -0.3699 0.9291
vn -0.0007 -0.1882 0.9821
vn -0.0064 -0.3207 0.9472
vn 0.0019 -0.3616 0.9323
vn 0.0059 -0.0335 0.9994
vn -0.0134 -0.2905 0.9568
vn -0.0206 -0.2993 0.9539
vn -0.0003 -0.3128 0.9498
vn 0.0140 -0.2768 0.9608
vn -0.0582 0.1201 0.9911
vn 0.0541 -0.0184 0.9984
vn -0.0676 0.0683 0.9954
vn 0.0004 0.0594 0.9982
vn 0.0002 -0.0266 0.9996
vn -0.0000 0.0703 0.9975
vn -0.0017 0.0852 0.9964
vn 0.0003 0.0339 0.9994
vn -0.0012 0.0676 0.9977
vn -0.0005 0.0603 0.9982
vn -0.0012 -0.0205 0.9998
vn -0.0004 -0.0397 0.9992
vn 0.0006 -0.0406 0.9992
vn -0.0003 -0.0438 0.9990
vn 0.2289 -0.1462 0.9624
vn 0.0940 -0.1683 0.9812
vn 0.0079 0.4697 0.8828
vn -0.2699 -0.0901 0.9587
vn 0.0012 -0.5150 0.8572
vn -0.0019 -0.5109 0.8596
vn 0.0001 -0.5512 0.8344
vn 0.0002 -0.5401 0.8416
vn -0.5630 -0.2096 0.7994
vn -0.2829 -0.2416 0.9282
vn -0.7658 -0.1658 0.6214
vn -0.7635 -0.3605 0.5358
vn 0.0058 0.8961 -0.4439
vn -0.0086 0.8808 -0.4735
vn 0.0039 0.9030 -0.4295
vn -0.0017 0.8919 -0.4522
vn -0.5725 0.7527 -0.3250
vn 0.0029 1.0000 0.0037
vn 0.9823 0.1861 -0.0232
vn -0.7699 0.5958 -0.2286
vn -0.0240 0.9270 -0.3742
vn 0.6589 -0.2039 -0.7240
vn -0.8523 0.1629 0.4970
vn -0.6109 0.3265 0.7213
vn -0.4131 0.3312 0.8483
vn 0.0023 -0.9593 0.2824
vn -0.8815 -0.0168 0.4719
vn -0.0974 0.3149 0.9441
vn -0.4637 0.2723 0.8431
vn 0.5364 0.2341 0.8109
vn 0.3063 0.1648 0.9376
vn -0.0010 -0.3160 0.9488
vn -0.0022 -0.3324 0.9431
vn 0.5804 -0.2058 0.7879
vn 0.5000 -0.2233 0.8367
vn -0.0017 0.9707 -0.2402
vn -0.5034 -0.8053 0.3133
vn 0.7204 -0.6914 0.0547
vn -0.7309 -0.6825 0.0012
vn -0.9290 0.3577 -0.0952
vn 0.9940 0.1031 -0.0378
vn 0.0536 -0.2802 -0.9584
vn -0.9838 -0.0726 -0.1637
vn -0.2578 -0.6812 0.6852
vn 0.4758 0.2653 0.8386
vn 0.2367 0.3297 0.9139
vn -0.5214 0.1862 0.8327
vn -0.0015 0.1430 0.9897
vn 0.0002 0.1384 0.9904
vn 0.0002 0.1417 0.9899
vn 0.0002 0.1354 0.9908
vn 0.0811 0.2267 0.9706
vn -0.2293 0.1597 0.9602
vn -0.0000 -0.2684 0.9633
vn 0.0002 -0.2710 0.9626
vn -0.0027 -0.2517 0.9678
vn 0.0005 -0.2721 0.9623
vn -0.0882 -0.3128 0.9457
vn 0.2222 -0.3011 0.9273
vn -0.6484 -0.1404 0.7482
vn 0.0022 1.0000 0.0004
vn 0.0072 0.9996 -0.0278
vn 0.6317 0.6930 -0.3475
vn -0.0934 -0.2733 -0.9574
vn 0.5324 -0.5213 0.6669
vn 0.0132 -0.7647 0.6442
vn 0.0002 -0.5722 0.8201
vn -0.1408 0.3857 0.9118
vn 0.2073 0.4746 0.8554
vn -0.0006 -0.2705 0.9627
vn -0.2709 -0.2789 0.9213
vn 0.1451 -0.2503 0.9572
vn 0.0534 -0.2553 0.9654
vn -0.4385 -0.2756 0.8554
vn 0.4857 -0.2656 0.8328
vn 0.4513 0.8918 0.0327
vn 0.4757 0.7292 0.4919
vn 0.1313 -0.9827 0.1310
vn -0.8983 0.4344 0.0652
vn 0.9662 0.2468 -0.0744
vn -0.6183 -0.2175 -0.7552
vn -0.9962 -0.0469 -0.0733
vn 0.9995 0.0014 -0.0308
vn -0.8931 0.0921 0.4404
vn 0.9136 0.0689 0.4007
vn 0.7054 0.3083 0.6382
vn 0.5896 0.2343 0.7729
vn -0.5670 0.2343 0.7897
vn 0.0018 0.2114 0.9774
vn -0.0008 0.2150 0.9766
vn -0.1890 0.2251 0.9558
vn -0.0015 0.2089 0.9779
vn -0.1187 0.2783 0.9531
vn 0.0022 -0.2997 0.9540
vn 0.7669 -0.2215 0.6023
vn -0.0007 0.5727 0.8197
vn 0.9958 -0.0436 -0.0810
vn -0.6107 0.2196 0.7608
vn 0.5289 -0.2853 0.7993
vn 0.2149 0.2897 0.9327
vn 0.0734 0.2585 0.9632
vn -0.0648 0.2656 0.9619
vn 0.7668 0.0405 0.6406
vn -0.3688 0.3395 0.8653
vn 0.0007 0.2172 0.9761
vn 0.0003 0.2188 0.9758
vn -0.0018 -0.3118 0.9501
vn 0.2857 -0.3169 0.9044
vn -0.5873 0.8072 0.0591
vn -0.1649 0.8703 0.4640
vn 0.0043 -1.0000 -0.0028
vn -0.7534 0.5138 -0.4104
vn 0.6496 0.6610 -0.3756
vn -1.0000 0.0082 -0.0037
vn -0.8259 -0.1460 -0.5446
vn -0.7560 0.1916 0.6259
vn 0.7251 0.2172 0.6535
vn -0.2864 -0.2671 0.9202
vn 0.0106 -0.9162 0.4006
vn -0.0091 -0.3781 0.9257
vn 0.2283 -0.3525 0.9076
vn 0.5133 -0.3128 0.7992
vn -0.3123 -0.3591 0.8795
vn -0.7775 -0.0249 0.6283
vn 0.0018 0.9931 0.1173
vn 0.5669 0.0314 0.8232
vn -0.0016 0.8463 0.5328
vn -0.9263 0.3604 -0.1097
vn -0.9973 0.0637 -0.0361
vn 0.9941 0.1084 0.0104
vn 0.6212 -0.2151 -0.7536
vn -0.3320 -0.2585 -0.9072
vn 0.0151 0.2678 0.9634
vn 0.0153 0.2638 0.9644
vn 0.0075 -0.3678 0.9299
vn 0.0080 -0.3745 0.9272
vn -0.0028 -0.4439 0.8961
vn -0.0235 -0.3466 0.9377
vn -0.0512 -0.4374 0.8978
vn -0.0043 -0.2398 0.9708
vn -0.0005 -0.3755 0.9268
vn 0.0247 -0.3429 0.9391
vn 0.0056 0.0712 0.9974
vn 0.0017 -0.3347 0.9423
vn 0.0012 -0.3281 0.9447
vn -0.0470 -0.3059 0.9509
vn 0.2880 -0.4043 0.8681
vn -0.0889 -0.5060 0.8579
vn 0.0003 -1.0000 0.0011
vn -0.0095 0.9368 0.3499
vn 0.9226 0.3637 -0.1285
vn 0.2812 0.2666 0.9219
vn 0.0124 -0.0122 0.9998
vn -0.0350 -0.8121 0.5825
vn 0.0209 0.2147 0.9765
vn 0.0002 -0.3327 0.9430
vn 0.0008 -0.3338 0.9426
vn -0.0252 -0.3763 0.9261
vn -0.4722 -0.3477 0.8100
vn -0.1552 -0.4287 0.8900
vn -0.2020 -0.4107 0.8891
vn -0.0030 0.5451 0.8383
vn 0.5872 0.5384 0.6044
vn -0.1453 -0.9384 0.3135
vn -0.1439 -0.9041 0.4024
vn 0.3200 -0.9474 -0.0021
vn 0.0042 -0.9871 0.1603
vn 0.3629 -0.9318 0.0083
vn -0.9769 0.2114 -0.0299
vn -0.9769 0.1998 -0.0756
vn 0.1901 0.8209 -0.5386
vn -0.6422 -0.2046 -0.7387
vn 0.6744 0.2105 0.7077
vn 0.5300 -0.4007 0.7473
vn 0.7002 0.1745 0.6923
vn -0.0076 0.7170 0.6970
vn -0.5462 0.5408 0.6397
vn 0.0135 -0.9727 0.2317
vn -0.0099 -0.9779 0.2087
vn 0.9486 0.2988 0.1048
vn -0.9999 -0.0041 0.0106
vn 0.7151 0.5446 -0.4382
vn 0.6312 -0.2071 -0.7475
vn -0.9994 -0.0308 -0.0124
vn 0.9995 0.0096 -0.0309
vn 0.8451 0.1230 0.5202
vn 0.7084 0.2030 0.6759
vn -0.3614 0.2495 0.8984
vn -0.0053 0.5511 0.8344
vn 0.0167 0.8741 0.4855
vn 0.0010 0.7695 0.6386
vn 0.1865 0.5180 0.8348
vn -0.9368 0.3334 -0.1061
vn 0.9443 0.3187 -0.0816
vn 0.9730 0.2023 -0.1109
vn 0.0892 -0.2782 -0.9564
vn -0.7120 0.2126 0.6692
vn 0.5250 0.2183 0.8227
vn 0.2089 -0.3229 0.9231
vn 0.2868 0.2436 0.9265
vn -0.0052 0.5645 0.8254
vn -0.0038 0.5579 0.8299
vn -0.0048 0.5551 0.8317
vn -0.7235 -0.6804 0.1165
vn 0.0429 0.9321 0.3596
vn -0.5638 0.6808 -0.4675
vn 0.1637 0.7110 -0.6839
vn -0.5405 -0.2429 -0.8055
vn 0.0933 -0.2719 -0.9578
vn 1.0000 0.0074 0.0009
vn 0.0357 0.2706 0.9620
vn -0.3859 0.4154 0.8237
vn 0.3163 -0.3009 0.8996
vn 0.0150 0.5982 0.8012
vn -0.3549 0.4898 0.7963
vn 0.2823 -0.9591 -0.0226
vn 0.0048 0.8425 0.5387
vn -0.9995 0.0225 0.0230
vn -0.7896 0.1312 0.5995
vn -0.0798 0.2747 0.9582
vn 0.0073 -0.1326 0.9911
vn 0.1202 0.1319 0.9840
vn 0.9694 0.2179 -0.1133
vn 0.9968 0.0604 -0.0516
vn -0.3871 0.6375 -0.6661
vn 0.6295 -0.2220 -0.7446
vn -0.5328 0.2188 0.8175
vn -0.0048 0.0177 0.9998
vn -0.0068 0.4332 0.9013
vn -0.0066 -0.9771 0.2127
vn -0.9821 0.1670 -0.0874
vn -0.9841 0.1662 -0.0620
vn -0.4590 -0.2266 -0.8590
vn -0.9295 -0.1290 -0.3456
vn -0.9973 0.0278 0.0684
vn -0.0031 -0.1710 0.9853
vn 0.0049 0.8627 0.5058
vn 0.9703 0.2072 -0.1247
vn 0.4992 -0.2314 -0.8350
vn 0.9998 -0.0010 0.0201
vn -0.8061 -0.1536 -0.5715
vn 0.9995 0.0100 -0.0288
vn -0.4434 -0.8959 -0.0270
vn 0.2568 0.9602 0.1096
vn -0.0013 0.8493 0.5279
vn -0.7266 -0.6867 0.0246
vn -0.9514 0.2807 -0.1265
vn -0.3542 0.5917 -0.7242
vn -0.0587 -0.2890 -0.9555
vn 0.3362 -0.2754 -0.9006
vn 0.8050 0.1750 0.5669
vn 0.2633 0.2696 0.9263
vn -0.3571 0.2660 0.8954
vn -0.4083 0.8946 0.1818
vn 0.0551 0.9965 0.0622
vn -0.9286 0.3287 -0.1721
vn 0.9794 0.1718 -0.1062
vn 0.9998 -0.0199 0.0092
vn 0.3752 -0.1366 -0.9168
vn 0.6853 0.1986 0.7007
vn -0.2578 0.2598 0.9306
vn 0.3451 -0.9346 -0.0858
vn -0.2195 -0.9713 -0.0921
vn 0.7037 -0.7096 0.0357
vn 0.9380 0.3155 -0.1434
vn 0.9617 0.2203 -0.1628
vn -0.9977 0.0472 -0.0484
vn 0.0963 0.6358 -0.7658
vn 0.0657 -0.2678 -0.9612
vn -0.5865 -0.2349 -0.7751
vn 0.1105 -0.9449 0.3082
vn 0.6142 -0.7846 0.0849
vn 0.9138 -0.4041 0.0405
vn 0.6701 0.4400 -0.5977
vn 0.8877 -0.1397 -0.4388
vn -0.7004 -0.1863 -0.6890
vn -0.6002 0.2371 0.7639
vn 0.5221 0.2317 0.8208
vn 0.0132 0.9681 0.2503
vn 0.0038 0.8387 0.5446
vn 0.9835 0.1698 -0.0625
vn -0.9844 0.1506 -0.0915
vn -0.3540 -0.2352 -0.9052
vn 0.3235 -0.2464 -0.9136
vn 0.7235 -0.1696 -0.6692
vn -0.9997 0.0117 -0.0235
vn -0.6490 0.2064 0.7323
vn 0.0030 -0.9917 0.1289
vn -0.0012 -0.9924 0.1227
vn -0.0010 -0.9873 0.1588
vn 0.7021 0.6824 0.2033
vn 0.0284 0.9934 0.1112
vn 0.0003 0.8362 0.5485
vn -0.9877 0.1467 -0.0547
vn 0.9896 0.1314 -0.0586
vn -0.2052 -0.2605 -0.9434
vn -0.2597 -0.3421 -0.9031
vn 0.9984 0.0126 -0.0554
vn 0.9846 0.0249 0.1730
vn 0.0909 0.2744 0.9573
vn 0.0080 0.9503 0.3112
vn -0.9848 0.0968 -0.1444
vn -0.2198 0.3990 -0.8902
vn 0.7256 0.1977 0.6591
vn 0.4536 0.2565 0.8535
vn 0.0162 -0.9450 0.3266
vn 0.0062 -0.9944 0.1051
vn -0.2924 -0.9414 -0.1682
vn 0.0071 0.8735 0.4868
vn -0.0055 0.8245 0.5658
vn -0.9562 0.2260 -0.1860
vn 0.9999 0.0089 -0.0091
vn 0.2141 0.4685 -0.8571
vn -0.1100 -0.0624 -0.9920
vn -0.4854 -0.0434 -0.8732
vn -0.9528 0.0706 0.2953
vn 0.6913 -0.6404 0.3346
vn -0.0129 -0.9866 0.1625
vn 0.0073 0.7157 0.6983
vn -0.0379 0.9272 0.3727
vn 0.5635 0.3229 -0.7604
vn 0.5261 0.1729 -0.8327
vn -0.4866 0.6764 0.5529
vn -0.2749 -0.5020 0.8200
vn 0.2990 0.3174 0.8999
vn 0.8432 -0.5337 0.0650
vn -0.0718 0.9813 0.1786
vn 0.9973 -0.0519 0.0512
vn -0.6730 -0.7181 0.1774
vn -0.9741 0.1900 -0.1226
vn 0.9840 0.1599 -0.0790
vn -0.7224 0.2584 -0.6414
vn -0.5643 0.2512 -0.7864
vn 0.7419 0.2571 -0.6192
vn 0.4616 -0.2109 -0.8616
vn 0.5633 -0.2983 -0.7705
vn 0.0923 -0.3946 -0.9142
vn -0.6619 -0.0609 -0.7471
vn -0.0022 -0.0743 -0.9972
vn -0.0023 -0.4801 -0.8772
vn 0.0013 -0.4842 -0.8750
vn -0.0018 -0.0596 -0.9982
vn -0.0021 -0.1650 -0.9863
vn -0.0015 -0.5848 -0.8112
vn 0.0057 -0.4352 -0.9003
vn -0.0013 -0.1585 -0.9874
vn 0.0018 -0.5817 -0.8134
vn 0.0039 -0.1519 -0.9884
vn -0.0079 0.0865 -0.9962
vn -0.0013 0.2567 -0.9665
vn 0.0057 0.3956 -0.9184
vn 0.0001 0.4725 -0.8813
vn -0.0000 0.4147 -0.9100
vn 0.0086 0.4930 -0.8700
vn 0.0016 0.4299 -0.9029
vn 0.0041 0.4726 -0.8813
vn 0.0070 0.6405 -0.7679
vn 0.0049 0.5968 -0.8024
vn -0.3018 0.7640 -0.5703
vn -0.9369 0.1292 -0.3247
vn -0.7074 0.2109 0.6746
vn 0.6631 0.1878 0.7246
vn -0.2606 0.2664 0.9280
vn 0.7264 0.6867 -0.0260
vn 0.0137 0.5921 0.8058
vn -0.0018 0.5737 0.8191
vn 0.0004 0.5853 0.8108
vn 0.9463 0.2728 -0.1733
vn -0.9937 0.0791 -0.0789
vn -0.9961 -0.0322 0.0818
vn -0.1526 -0.0331 -0.9877
vn -0.6050 -0.1334 -0.7850
vn 0.3401 -0.0734 -0.9375
vn -0.4705 -0.4724 -0.7453
vn 0.0082 -0.6367 -0.7711
vn -0.0042 -0.8382 -0.5454
vn -0.0407 -0.8054 -0.5913
vn -0.9993 0.0064 -0.0357
vn 0.0124 0.9053 -0.4245
vn 0.0014 0.8937 -0.4487
vn -0.0113 0.9025 -0.4305
vn 0.7205 0.6179 -0.3148
vn -0.6771 0.1942 0.7098
vn 0.5264 0.2167 0.8221
vn 0.1475 0.5763 0.8038
vn -0.9496 0.2383 0.2038
vn -0.0750 -0.4231 0.9030
vn 0.0151 -0.9866 0.1622
vn -0.3652 -0.8314 0.4189
vn 0.0917 0.7843 0.6136
vn 0.0030 0.5524 0.8336
vn 0.0016 0.6212 0.7836
vn -0.0030 0.5651 0.8250
vn -0.0013 0.5464 0.8375
vn 0.0006 0.5713 0.8207
vn -0.0077 0.7031 0.7110
vn -0.0021 0.7322 0.6811
vn -0.0309 0.7294 0.6834
vn -0.1887 0.9299 0.3156
vn -0.0183 0.9224 0.3857
vn 0.6427 -0.7078 0.2933
vn 0.2377 0.0548 -0.9698
vn 0.3547 -0.6132 -0.7058
vn -0.0039 -0.8239 -0.5668
vn 0.0027 -0.8389 -0.5443
vn -0.0042 -0.8549 -0.5188
vn -0.0152 0.9484 -0.3168
vn -0.0022 0.9872 -0.1597
vn 0.0011 0.9357 -0.3527
vn 0.0002 0.9340 -0.3574
vn -0.0118 0.9354 -0.3535
vn 0.0052 0.9450 -0.3272
vn 0.0022 0.9084 -0.4182
vn 0.0007 0.9358 -0.3524
vn 0.5604 0.6668 0.4912
vn 0.0250 0.2754 0.9610
vn -0.0264 -0.9675 0.2514
vn 0.2937 -0.8003 0.5228
vn -0.8618 0.3953 0.3180
vn 0.4024 -0.7714 0.4930
vn 0.6075 -0.5733 -0.5498
vn -0.6692 -0.6853 -0.2874
vn 0.0010 0.8898 0.4563
vn 0.0009 0.8695 0.4939
vn -0.0061 0.8473 0.5312
vn 0.0005 0.8397 0.5430
vn 0.2341 0.9309 0.2805
vn 0.7204 -0.1328 -0.6807
vn 0.7679 -0.0455 -0.6390
vn -0.0025 -0.8794 -0.4761
vn -0.0006 -0.8827 -0.4699
vn -0.1849 0.2731 0.9441
vn -0.4051 -0.7548 0.5158
vn 0.0329 0.9754 0.2178
vn 0.0023 0.9573 0.2892
vn -0.0048 0.9770 0.2132
vn -0.0036 0.9724 0.2333
vn -0.0188 0.9772 0.2116
vn 0.9713 0.2051 -0.1202
vn -0.9992 0.0299 0.0256
vn -0.9988 0.0229 -0.0421
vn 0.0096 -0.9609 -0.2768
vn -0.0052 0.9799 0.1995
vn 0.0961 -0.9939 -0.0546
vn -0.7923 0.5263 -0.3088
vn 0.5025 0.3656 0.7835
vn 0.0196 0.9808 -0.1938
vn -0.0602 0.9982 -0.0056
vn 0.9979 -0.0253 0.0591
vn 0.9952 0.0390 -0.0893
vn 0.0678 -0.9906 -0.1189
vn -0.0006 -0.9731 0.2305
vn 0.0019 -0.9885 0.1514
vn -0.0018 -0.9891 0.1475
vn 0.0025 -0.9937 0.1116
vn -0.6692 -0.7386 -0.0814
vn 0.9993 0.0278 0.0269
vn 0.0041 0.8653 0.5012
vn -0.0020 0.9698 0.2438
vn 0.0070 0.9663 0.2574
vn -0.0022 0.9669 0.2550
vn 0.0070 0.9768 0.2142
vn -0.6160 0.6604 0.4294
vn -0.3648 0.2471 0.8977
vn -0.0005 -0.9844 0.1761
vn -0.5822 -0.8051 -0.1137
vn 0.8605 0.2237 0.4576
vn 0.5046 0.6883 -0.5212
vn -0.6741 0.2315 0.7014
vn 0.2329 -0.6702 -0.7047
vn 0.0190 0.9544 -0.2979
vn 0.0064 0.9976 -0.0696
vn -0.0011 0.9954 -0.0958
vn 0.1196 0.9413 -0.3157
vn -0.0757 0.9439 -0.3215
vn 0.9606 0.2277 -0.1593
vn 0.0058 -0.9653 0.2613
vn -0.0011 -0.9866 0.1629
vn -0.0022 -0.9875 0.1573
vn -0.0098 -0.9553 0.2956
vn -0.0062 -0.9850 0.1724
vn -0.1212 -0.9629 -0.2412
vn 0.0188 -0.9432 -0.3316
vn -0.0176 -0.9425 -0.3336
vn 0.0321 -0.9727 0.2300
vn -0.0014 -0.9894 0.1454
vn -0.0130 0.9761 -0.2171
vn -0.0134 0.9573 -0.2887
vn 0.1197 0.9920 -0.0391
vn -0.9422 0.2678 -0.2012
vn -0.9892 0.1367 -0.0520
vn -0.9774 0.1744 -0.1191
vn 0.6801 -0.6560 0.3273
vn 0.0034 0.7926 0.6098
vn 0.0008 0.8398 0.5429
vn -0.3937 0.3765 0.8386
vn -0.0111 -0.9746 0.2239
vn -0.3813 -0.5809 -0.7191
vn -0.0008 0.9934 -0.1148
vn 0.9912 0.0823 -0.1034
vn 0.9735 -0.0262 0.2271
vn -1.0000 0.0049 0.0047
vn -0.0096 0.7917 0.6108
vn 0.0043 0.7323 0.6809
vn 0.0010 0.7512 0.6600
vn 0.6688 0.2076 0.7139
vn -0.0056 -0.9615 -0.2749
vn 0.4881 -0.3582 -0.7959
vn -0.7923 0.5262 -0.3088
vn -0.6469 -0.6524 0.3948
vn 0.6075 -0.6172 0.5001
vn 0.0103 0.7688 -0.6394
vn 0.4650 0.7727 0.4321
vn -0.6441 -0.7084 0.2887
vn 0.9956 0.0889 0.0278
vn 0.9833 0.0590 0.1722
vn 0.9968 0.0187 0.0780
vn 0.0059 -0.6601 0.7511
vn 0.0013 0.4917 0.8708
vn 0.5141 0.4820 0.7095
vn -0.0037 0.7258 0.6879
vn 0.0035 0.6575 0.7534
vn -0.0008 0.7496 0.6619
vn 0.3322 0.2609 0.9064
vn 0.1254 0.2619 0.9569
vn -0.7422 -0.5932 -0.3120
vn 0.0024 0.7219 -0.6920
vn 0.0119 0.6864 -0.7271
vn -0.0114 0.7474 -0.6643
vn -0.0092 0.7334 -0.6797
vn -0.0110 0.7220 -0.6918
vn -0.0360 0.9772 -0.2092
vn -0.2163 0.8628 0.4570
vn -0.9459 0.3149 -0.0782
vn 0.9577 0.2634 -0.1161
vn 0.0059 -0.6730 0.7396
vn 0.0025 -0.6565 0.7543
vn 0.0036 -0.7017 0.7124
vn 0.0083 -0.5819 0.8132
vn -0.0035 -0.5451 0.8384
vn 0.0056 -0.6452 0.7640
vn -0.0035 -0.6534 0.7570
vn -0.0022 -0.6392 0.7691
vn -0.0043 -0.6646 0.7471
vn -0.5726 -0.3338 0.7488
vn -0.7301 0.1857 0.6576
vn -0.3593 0.2512 0.8988
vn -0.0342 0.2658 0.9634
vn -0.1731 -0.8773 -0.4475
vn -0.0006 -0.9202 -0.3914
vn 0.3836 -0.6853 -0.6190
vn 0.9746 -0.2229 0.0210
vn -0.2721 0.1729 -0.9466
vn -0.6691 0.3839 0.6364
vn 0.0032 0.9052 -0.4251
vn 0.6904 0.0308 0.7228
vn -0.9848 0.1728 0.0170
vn 0.0034 -0.4929 0.8701
vn 0.3988 0.2993 0.8668
vn -0.0020 0.4363 0.8998
vn 0.0012 0.3838 0.9234
vn -0.0089 0.3989 0.9170
vn -0.2919 0.2321 0.9278
vn -0.0013 0.3945 0.9189
vn -0.3931 0.2275 0.8909
vn 0.1612 -0.8529 -0.4966
vn 0.0128 -0.9856 -0.1684
vn -0.0103 -0.9828 -0.1846
vn -0.0641 -0.9737 -0.2186
vn 0.1251 -0.9896 -0.0705
vn -0.9130 0.1197 -0.3900
vn 0.2778 0.0242 -0.9603
vn 0.9746 -0.2228 0.0208
vn 0.8728 -0.0896 -0.4797
vn 0.3145 -0.6843 -0.6578
vn 0.0137 0.8639 -0.5036
vn -0.0063 0.8974 -0.4412
vn -0.0157 0.9307 -0.3655
vn 0.0177 0.9298 -0.3678
vn 0.0066 0.8510 -0.5251
vn -0.0236 0.9553 -0.2949
vn -0.8888 0.2377 0.3918
vn 0.5097 -0.0040 0.8604
vn -0.0060 -0.1293 0.9916
vn 0.0242 -0.2603 0.9652
vn -0.0046 0.1883 0.9821
vn -0.0029 0.3564 0.9343
vn -0.1994 -0.6724 0.7128
vn -0.0173 -0.9856 -0.1682
vn -0.0303 -0.9871 -0.1573
vn -0.0043 -0.9660 -0.2586
vn 0.0035 -0.9898 -0.1422
vn 0.0139 -0.9798 -0.1996
vn 0.0315 -0.9576 -0.2864
vn -0.0058 -0.9687 -0.2483
vn 0.0364 -0.9812 -0.1894
vn 0.0028 -0.9633 -0.2683
vn 0.0007 -0.9724 -0.2335
vn 0.0024 -0.9798 -0.2001
vn 0.0022 -0.9738 -0.2275
vn 0.0181 -0.9646 -0.2631
vn 0.0023 0.8725 -0.4886
vn 0.0319 0.9599 -0.2785
vn 0.0021 0.8786 -0.4776
vn 0.0002 0.9148 -0.4040
vn 0.6761 0.2828 0.6804
vn -0.7440 -0.1443 0.6524
vn -0.7820 0.0218 0.6229
vn -0.0034 -0.1538 0.9881
vn 0.0077 -0.1246 0.9922
vn -0.0031 -0.1427 0.9898
vn 0.0015 -0.0230 0.9997
vn -0.4159 0.0402 0.9085
vn 0.0069 -0.0687 0.9976
vn 0.6407 0.1692 0.7489
vn -0.0015 0.0581 0.9983
vn 0.6260 0.1744 0.7601
vn -0.0093 -0.9243 -0.3816
vn -0.0053 -0.9302 -0.3669
vn 0.0078 -0.8492 -0.5281
vn 0.0004 -0.9086 -0.4176
vn 0.0001 -0.9219 -0.3874
vn -0.0018 -0.9286 -0.3710
vn 0.3629 -0.6205 0.6952
vn -0.0029 -0.9237 -0.3832
vn -0.0003 -0.9191 -0.3940
vn -0.0016 -0.9078 -0.4194
vn -0.0207 -0.9197 -0.3921
vn 0.5198 0.3565 0.7764
vn 0.1034 0.8670 0.4875
vn -0.6843 -0.0243 0.7288
vn 0.7078 -0.0701 0.7029
vn 0.4094 0.1095 0.9058
vn -0.0143 -0.9655 -0.2601
vn 0.0058 -0.9975 -0.0702
vn 0.0022 0.9846 0.1750
vn -0.0007 0.9471 0.3210
vn 0.0029 0.9647 0.2633
vn -0.0034 0.9430 0.3327
vn 0.6285 -0.2096 0.7490
vn 0.8926 0.4336 0.1240
vn 0.6969 0.6510 0.3009
vn -0.8239 0.3183 0.4690
vn 0.6340 -0.0573 0.7712
vn -0.6534 0.0580 0.7548
vn 0.0030 -0.8861 0.4635
vn 0.6272 -0.6551 0.4214
vn 0.5490 0.6669 0.5039
vn -0.6414 0.6373 0.4270
vn -0.4522 -0.5499 0.7022
vn 0.0009 -0.8765 0.4814
vn 0.0002 -0.8965 0.4430
vn -0.0066 -0.8918 0.4524
vn -0.0027 -0.9127 0.4087
vn -0.0031 -0.8720 0.4895
vn -0.0061 0.9218 0.3876
vn 0.5396 -0.1084 0.8349
vn -0.4985 0.1932 0.8451
vn -0.4597 0.1888 0.8678
vn -0.3618 0.3383 0.8687
vn 0.0054 0.7018 0.7123
vn 0.0140 0.7354 0.6775
vn 0.0095 0.7983 0.6022
vn 0.0866 0.1579 0.9837
vn -0.0048 0.7284 0.6851
vn 0.0062 0.6865 0.7271
vn -0.0002 0.6143 0.7891
vn -0.0132 0.7300 0.6833
vn -0.6276 0.1620 0.7615
vn 0.6288 0.1930 0.7532
vn -0.5560 0.6042 0.5708
vn -0.3126 0.4427 0.8404
vn 0.2187 0.5721 0.7905
vn -0.4822 -0.1009 0.8702
vn -0.1243 -0.0750 0.9894
vn -0.0034 -0.9393 0.3430
vn 0.1379 0.3504 0.9264
vn 0.3580 0.6497 0.6707
vn 0.0718 0.7088 0.7018
vn 0.0544 0.2396 0.9693
vn 0.0545 0.0039 0.9985
vn 0.0739 -0.1624 0.9840
vn -0.1070 0.1331 0.9853
vn -0.0064 -0.8098 0.5866
vn 0.0001 -0.8850 0.4656
vn 0.0600 -0.6454 0.7615
vn -0.0957 0.4300 0.8978
vn 0.0006 0.3131 0.9497
vn -0.0004 0.3387 0.9409
vn 0.0019 0.3421 0.9397
vn -0.6780 -0.5304 0.5089
vn -0.6358 0.1356 0.7599
vn 0.0011 -0.3708 0.9287
vn -0.0004 0.2844 0.9587
vn -0.0003 0.2697 0.9629
vn 0.0006 0.2815 0.9596
vn 0.5308 -0.3269 0.7819
vn -0.6157 -0.1963 0.7631
vn 0.6137 0.1869 0.7671
vn 0.0042 -0.2468 0.9691
vn -0.0007 -0.3342 0.9425
vn -0.0419 -0.3307 0.9428
vn 0.0037 0.2442 0.9697
vn -0.5549 -0.3939 0.7327
vn -0.0050 -0.2042 0.9789
vn 0.0057 -0.3921 0.9199
vn -0.0027 -0.1070 0.9943
vn 0.0004 -0.2168 0.9762
vn 0.0030 -0.2691 0.9631
vn -0.0014 -0.2326 0.9726
vn 0.0036 -0.2385 0.9711
vt 0.343794 0.495907
vt 0.336728 0.512060
vt 0.336319 0.494589
vt 0.530229 0.516553
vt 0.521021 0.522986
vt 0.507265 0.507913
vt 0.347096 0.512640
vt 0.501224 0.513994
vt 0.357801 0.498371
vt 0.520065 0.532810
vt 0.493601 0.523266
vt 0.512638 0.538111
vt 0.513018 0.500446
vt 0.511753 0.543031
vt 0.364251 0.517115
vt 0.184722 0.443792
vt 0.162581 0.444155
vt 0.183295 0.437612
vt 0.326627 0.511207
vt 0.502322 0.494927
vt 0.341036 0.525576
vt 0.162246 0.454495
vt 0.158751 0.438785
vt 0.332091 0.488484
vt 0.496052 0.536740
vt 0.372497 0.500589
vt 0.340569 0.473537
vt 0.539919 0.538505
vt 0.180391 0.430138
vt 0.198235 0.425753
vt 0.520754 0.556226
vt 0.374379 0.485124
vt 0.377532 0.518946
vt 0.368072 0.529572
vt 0.506710 0.551439
vt 0.494695 0.550812
vt 0.509036 0.553819
vt 0.171484 0.167444
vt 0.167692 0.173968
vt 0.164837 0.163756
vt 0.313002 0.483418
vt 0.172303 0.176256
vt 0.175430 0.180507
vt 0.484112 0.551041
vt 0.366431 0.481451
vt 0.177873 0.167326
vt 0.355519 0.535304
vt 0.499419 0.562033
vt 0.372454 0.370755
vt 0.399514 0.375857
vt 0.378594 0.385883
vt 0.181736 0.174287
vt 0.508169 0.563714
vt 0.503062 0.564311
vt 0.179643 0.179457
vt 0.369170 0.477397
vt 0.375306 0.477254
vt 0.184600 0.174050
vt 0.196286 0.178787
vt 0.182888 0.177425
vt 0.194442 0.184291
vt 0.840278 0.219478
vt 0.839848 0.208956
vt 0.862947 0.206220
vt 0.845045 0.189007
vt 0.840989 0.177886
vt 0.845173 0.180469
vt 0.842295 0.176276
vt 0.183564 0.170038
vt 0.246086 0.098771
vt 0.237526 0.105641
vt 0.241826 0.091811
vt 0.235483 0.094313
vt 0.234232 0.102420
vt 0.177160 0.111356
vt 0.185252 0.106612
vt 0.183152 0.115764
vt 0.145296 0.457019
vt 0.140151 0.427168
vt 0.515901 0.561734
vt 0.848236 0.182602
vt 0.363237 0.537570
vt 0.368129 0.537380
vt 0.372690 0.476336
vt 0.188571 0.167670
vt 0.848111 0.172689
vt 0.840973 0.171013
vt 0.500941 0.567721
vt 0.507811 0.572806
vt 0.500253 0.579009
vt 0.205676 0.178728
vt 0.857297 0.192533
vt 0.183034 0.183766
vt 0.190441 0.121928
vt 0.210411 0.187212
vt 0.851934 0.185885
vt 0.366005 0.475254
vt 0.852910 0.181601
vt 0.199968 0.192957
vt 0.173302 0.408326
vt 0.357862 0.473703
vt 0.521256 0.562811
vt 0.205907 0.168884
vt 0.219938 0.172601
vt 0.229041 0.113469
vt 0.182079 0.121603
vt 0.005654 0.586417
vt 0.008143 0.597135
vt 0.000543 0.587036
vt 0.001096 0.596835
vt 0.226041 0.180588
vt 0.321700 0.548748
vt 0.361250 0.471546
vt 0.356909 0.539387
vt 0.368030 0.544148
vt 0.376784 0.474938
vt 0.009756 0.589043
vt 0.217267 0.197566
vt 0.239742 0.177439
vt 0.247940 0.187805
vt 0.241147 0.186984
vt 0.006782 0.288286
vt 0.002496 0.287453
vt 0.008784 0.279639
vt 0.147235 0.403837
vt 0.855471 0.187358
vt 0.862832 0.180942
vt 0.188010 0.102396
vt 0.193133 0.107835
vt 0.228281 0.102338
vt 0.348211 0.541749
vt 0.359645 0.546929
vt 0.855280 0.170910
vt 0.228143 0.095131
vt 0.191343 0.194376
vt 0.201555 0.200699
vt 0.007901 0.585798
vt 0.012124 0.473740
vt 0.005590 0.470966
vt 0.020403 0.473298
vt 0.993174 0.430929
vt 0.993174 0.413112
vt 0.994566 0.423969
vt 0.136023 0.931119
vt 0.155404 0.930021
vt 0.165523 0.935109
vt 0.252997 0.182127
vt 0.255795 0.182059
vt 0.964386 0.815842
vt 0.955513 0.832252
vt 0.959873 0.816695
vt 0.857983 0.006704
vt 0.866367 0.014681
vt 0.849180 0.006381
vt 0.109966 0.981800
vt 0.099259 0.981503
vt 0.109527 0.979821
vt 0.493727 0.012676
vt 0.492385 0.014514
vt 0.486574 0.007886
vt 0.478319 0.007313
vt 0.478354 0.005594
vt 0.793874 0.973612
vt 0.796612 0.974639
vt 0.796578 0.981458
vt 0.961901 0.832018
vt 0.997502 0.000020
vt 0.986314 0.002078
vt 0.986408 0.000020
vt 0.879286 0.024057
vt 0.877012 0.037283
vt 0.875102 0.031569
vt 0.878357 0.016825
vt 0.090270 0.981868
vt 0.097465 0.978658
vt 0.482169 0.012018
vt 0.801156 0.986978
vt 0.252430 0.006476
vt 0.258910 0.010763
vt 0.245240 0.009670
vt 0.268014 0.186326
vt 0.807677 0.011326
vt 0.805400 0.006444
vt 0.825791 0.011702
vt 0.850441 0.015198
vt 0.994805 0.247967
vt 0.997348 0.244336
vt 0.996822 0.263756
vt 0.798694 0.988151
vt 0.996419 0.207559
vt 0.989605 0.213574
vt 0.991128 0.206005
vt 0.874104 0.042027
vt 0.951696 0.980397
vt 0.937411 0.982144
vt 0.943963 0.979629
vt 0.801630 0.976916
vt 0.254858 0.014123
vt 0.529701 0.558182
vt 0.526903 0.562326
vt 0.862233 0.189480
vt 0.337614 0.027362
vt 0.339874 0.016835
vt 0.350315 0.018233
vt 0.189948 0.158992
vt 0.229169 0.177285
vt 0.234273 0.198252
vt 0.106814 0.983743
vt 0.121108 0.983085
vt 0.995317 0.805872
vt 0.996820 0.807664
vt 0.986015 0.807309
vt 0.010865 0.469860
vt 0.864936 0.995866
vt 0.859972 0.988808
vt 0.861417 0.987126
vt 0.090590 0.984559
vt 0.796124 0.993591
vt 0.993314 0.002922
vt 0.127267 0.934707
vt 0.858992 0.460395
vt 0.855858 0.461844
vt 0.854057 0.458875
vt 0.864538 0.009679
vt 0.976139 0.817288
vt 0.970257 0.820317
vt 0.873043 0.023759
vt 0.984390 0.216688
vt 0.960796 0.982608
vt 0.967935 0.980462
vt 0.266775 0.011606
vt 0.756634 0.952486
vt 0.756634 0.983757
vt 0.751948 0.981667
vt 0.267611 0.191848
vt 0.601173 0.433821
vt 0.602427 0.430073
vt 0.608798 0.435213
vt 0.544900 0.026471
vt 0.541854 0.029382
vt 0.534436 0.025422
vt 0.593255 0.435902
vt 0.589897 0.433851
vt 0.554132 0.023155
vt 0.409781 0.608898
vt 0.401198 0.596709
vt 0.419887 0.597595
vt 0.653454 0.132565
vt 0.665174 0.132954
vt 0.655300 0.142488
vt 0.383470 0.392171
vt 0.355422 0.540496
vt 0.364220 0.464573
vt 0.187488 0.154539
vt 0.196773 0.118849
vt 0.221031 0.168921
vt 0.957198 0.817463
vt 0.803304 0.007450
vt 0.788061 0.010138
vt 0.782768 0.006537
vt 0.869662 0.997181
vt 0.969109 0.004369
vt 0.982364 0.000535
vt 0.984017 0.002188
vt 0.984920 0.545311
vt 0.983478 0.529419
vt 0.985134 0.526790
vt 0.965060 0.812181
vt 0.009563 0.288829
vt 0.013487 0.274184
vt 0.012948 0.302078
vt 0.819068 0.006883
vt 0.990978 0.200183
vt 0.400941 0.942060
vt 0.382028 0.942545
vt 0.377065 0.940732
vt 0.984789 0.510598
vt 0.251982 0.193166
vt 0.243013 0.202968
vt 0.610168 0.437483
vt 0.577161 0.434101
vt 0.581806 0.435897
vt 0.527196 0.027540
vt 0.523745 0.024356
vt 0.591270 0.430047
vt 0.526712 0.031692
vt 0.543815 0.032377
vt 0.602898 0.424630
vt 0.609571 0.427577
vt 0.424763 0.608220
vt 0.638380 0.141070
vt 0.423195 0.614417
vt 0.651324 0.127602
vt 0.658854 0.145657
vt 0.389050 0.600995
vt 0.674292 0.127829
vt 0.395204 0.587225
vt 0.378185 0.594929
vt 0.377475 0.604591
vt 0.382240 0.411664
vt 0.197035 0.399946
vt 0.351252 0.543624
vt 0.523364 0.570815
vt 0.508168 0.581581
vt 0.367533 0.044120
vt 0.367065 0.040738
vt 0.378541 0.037830
vt 0.838816 0.055062
vt 0.859960 0.054469
vt 0.851563 0.058258
vt 0.793658 0.984859
vt 0.861865 0.481327
vt 0.863451 0.502499
vt 0.015931 0.771294
vt 0.018289 0.766167
vt 0.018459 0.794892
vt 0.015871 0.791263
vt 0.981511 0.213460
vt 0.361197 0.942329
vt 0.967570 0.658831
vt 0.970432 0.691542
vt 0.967283 0.695264
vt 0.779041 0.327864
vt 0.778274 0.330380
vt 0.772459 0.318543
vt 0.578025 0.429452
vt 0.642371 0.148389
vt 0.423344 0.589252
vt 0.387693 0.617924
vt 0.221691 0.115031
vt 0.989291 0.685970
vt 0.989291 0.679895
vt 0.995506 0.684750
vt 0.882135 0.057574
vt 0.878829 0.055530
vt 0.878993 0.052246
vt 0.160419 0.022597
vt 0.184358 0.019888
vt 0.167502 0.025458
vt 0.271415 0.194523
vt 0.518495 0.026095
vt 0.522165 0.037034
vt 0.429907 0.592689
vt 0.411018 0.618298
vt 0.662937 0.122284
vt 0.675972 0.146179
vt 0.681081 0.119818
vt 0.982501 0.575165
vt 0.983347 0.565494
vt 0.983752 0.577285
vt 0.514741 0.595781
vt 0.516924 0.595374
vt 0.524096 0.601372
vt 0.988522 0.573774
vt 0.525236 0.594214
vt 0.531824 0.606407
vt 0.350136 0.458868
vt 0.357657 0.467505
vt 0.351343 0.547381
vt 0.354678 0.550993
vt 0.962958 0.162793
vt 0.951522 0.161624
vt 0.954153 0.157455
vt 0.223206 0.095242
vt 0.350848 0.049864
vt 0.358863 0.042461
vt 0.201831 0.114072
vt 0.218168 0.106905
vt 0.372701 0.034091
vt 0.863943 0.050781
vt 0.847667 0.051071
vt 0.994730 0.319624
vt 0.994730 0.301269
vt 0.996933 0.301718
vt 0.790247 0.978844
vt 0.791340 0.966684
vt 0.862861 0.459718
vt 0.441088 0.811325
vt 0.464973 0.810235
vt 0.468931 0.812619
vt 0.497607 0.811174
vt 0.863963 0.324320
vt 0.865124 0.345999
vt 0.863174 0.357825
vt 0.534054 0.998434
vt 0.527439 0.996661
vt 0.552993 0.997430
vt 0.246968 0.017711
vt 0.229970 0.018115
vt 0.231445 0.016706
vt 0.567755 0.436336
vt 0.514596 0.031634
vt 0.583240 0.426598
vt 0.552851 0.032339
vt 0.544794 0.037469
vt 0.635151 0.134132
vt 0.685587 0.125822
vt 0.369959 0.599528
vt 0.526492 0.604615
vt 0.533742 0.609317
vt 0.982640 0.557479
vt 0.985002 0.558614
vt 0.982791 0.548285
vt 0.517602 0.590967
vt 0.488663 0.076680
vt 0.491264 0.072954
vt 0.502259 0.079144
vt 0.502605 0.075046
vt 0.514132 0.073944
vt 0.517612 0.078125
vt 0.213016 0.412383
vt 0.532926 0.571532
vt 0.369427 0.549195
vt 0.525369 0.575991
vt 0.362082 0.034114
vt 0.038880 0.977825
vt 0.039836 0.980735
vt 0.024665 0.984271
vt 0.984300 0.004268
vt 0.864438 0.373571
vt 0.983478 0.202517
vt 0.684858 0.991453
vt 0.659326 0.990358
vt 0.686534 0.989911
vt 0.209137 0.017621
vt 0.962021 0.387154
vt 0.961174 0.395088
vt 0.956062 0.396458
vt 0.234634 0.211631
vt 0.601143 0.439516
vt 0.773091 0.308208
vt 0.561534 0.431102
vt 0.680560 0.302213
vt 0.684097 0.312087
vt 0.676389 0.315394
vt 0.366174 0.871973
vt 0.356476 0.867478
vt 0.365366 0.860841
vt 0.566507 0.429322
vt 0.513472 0.600923
vt 0.978171 0.560123
vt 0.540998 0.616243
vt 0.541239 0.613139
vt 0.988646 0.547640
vt 0.535344 0.600381
vt 0.508486 0.087052
vt 0.527356 0.071782
vt 0.997393 0.765250
vt 0.994460 0.769286
vt 0.988385 0.764799
vt 0.503364 0.072648
vt 0.186179 0.386532
vt 0.210147 0.405072
vt 0.218042 0.410166
vt 0.343536 0.549730
vt 0.970989 0.157040
vt 0.343969 0.031318
vt 0.203113 0.094867
vt 0.195749 0.204622
vt 0.876558 0.999007
vt 0.863133 0.985709
vt 0.053805 0.977097
vt 0.788856 0.966855
vt 0.938699 0.976656
vt 0.946784 0.975213
vt 0.956401 0.977705
vt 0.958506 0.975335
vt 0.969099 0.976208
vt 0.198350 0.137865
vt 0.885989 0.014872
vt 0.905288 0.018275
vt 0.881373 0.018968
vt 0.687903 0.990040
vt 0.643443 0.007427
vt 0.663948 0.009221
vt 0.641594 0.010229
vt 0.275562 0.198088
vt 0.302062 0.201408
vt 0.255906 0.197369
vt 0.760422 0.314134
vt 0.578975 0.439600
vt 0.370223 0.862626
vt 0.371788 0.870784
vt 0.981878 0.546106
vt 0.934096 0.080321
vt 0.917706 0.066087
vt 0.929483 0.064232
vt 0.497422 0.086357
vt 0.493659 0.069219
vt 0.365642 0.404224
vt 0.123714 0.432263
vt 0.129735 0.418021
vt 0.122604 0.426054
vt 0.354100 0.460703
vt 0.214944 0.399183
vt 0.113002 0.425837
vt 0.127050 0.415278
vt 0.863290 0.452380
vt 0.944398 0.596743
vt 0.940885 0.613263
vt 0.930404 0.578328
vt 0.802874 0.211701
vt 0.802208 0.232893
vt 0.800785 0.209080
vt 0.803307 0.187900
vt 0.291018 0.997374
vt 0.277315 0.995760
vt 0.304017 0.996273
vt 0.997405 0.367763
vt 0.995341 0.372189
vt 0.997421 0.354147
vt 0.916734 0.609891
vt 0.926912 0.619687
vt 0.927266 0.622751
vt 0.019527 0.423025
vt 0.014208 0.418401
vt 0.021979 0.418880
vt 0.000663 0.723272
vt 0.000867 0.715557
vt 0.010618 0.714278
vt 0.638200 0.158935
vt 0.661022 0.151951
vt 0.383420 0.578338
vt 0.380149 0.587619
vt 0.690920 0.146264
vt 0.930800 0.005070
vt 0.933779 0.008622
vt 0.930446 0.013821
vt 0.758093 0.826527
vt 0.750084 0.827723
vt 0.756895 0.824543
vt 0.337517 0.343236
vt 0.344847 0.350192
vt 0.341242 0.357089
vt 0.787927 0.588288
vt 0.793287 0.575659
vt 0.788099 0.591483
vt 0.548352 0.620458
vt 0.795949 0.592751
vt 0.922607 0.086533
vt 0.927802 0.053495
vt 0.788940 0.160256
vt 0.788705 0.148041
vt 0.797762 0.140707
vt 0.827842 0.359277
vt 0.820244 0.350368
vt 0.832285 0.351364
vt 0.837942 0.353591
vt 0.534796 0.078368
vt 0.483284 0.070133
vt 0.518468 0.069491
vt 0.132378 0.404314
vt 0.342132 0.549325
vt 0.202742 0.398764
vt 0.952153 0.150233
vt 0.965295 0.151316
vt 0.352813 0.041188
vt 0.360613 0.021440
vt 0.361373 0.026263
vt 0.207242 0.113892
vt 0.218167 0.098686
vt 0.848236 0.049091
vt 0.878626 0.997049
vt 0.026212 0.987101
vt 0.369821 0.948480
vt 0.372678 0.946750
vt 0.387371 0.948042
vt 0.174761 0.016719
vt 0.006966 0.724758
vt 0.006596 0.725643
vt 0.208918 0.008768
vt 0.188335 0.008768
vt 0.204225 0.007417
vt 0.012915 0.425904
vt 0.701879 0.644629
vt 0.703835 0.638017
vt 0.716433 0.652231
vt 0.984164 0.814316
vt 0.963997 0.407188
vt 0.747995 0.311472
vt 0.562460 0.438053
vt 0.634435 0.155859
vt 0.626882 0.145395
vt 0.358221 0.857460
vt 0.588393 0.418123
vt 0.404406 0.577168
vt 0.642948 0.124968
vt 0.664719 0.113651
vt 0.763968 0.830784
vt 0.755179 0.829798
vt 0.369505 0.623684
vt 0.323517 0.351044
vt 0.538861 0.620733
vt 0.791881 0.574849
vt 0.929025 0.091674
vt 0.546469 0.606620
vt 0.803081 0.158003
vt 0.527626 0.095965
vt 0.815119 0.357654
vt 0.537973 0.074464
vt 0.117057 0.416627
vt 0.209796 0.104382
vt 0.202779 0.135706
vt 0.864261 0.983249
vt 0.731311 0.024839
vt 0.727997 0.021644
vt 0.743688 0.023526
vt 0.995408 0.374274
vt 0.995408 0.392278
vt 0.993312 0.379144
vt 0.927011 0.586678
vt 0.226138 0.199148
vt 0.942552 0.124411
vt 0.927206 0.123155
vt 0.951802 0.115234
vt 0.354641 0.956216
vt 0.369837 0.953537
vt 0.391313 0.956223
vt 0.800283 0.190351
vt 0.801935 0.174660
vt 0.917247 0.606377
vt 0.712236 0.638354
vt 0.697885 0.624745
vt 0.451386 0.759028
vt 0.456929 0.736188
vt 0.455851 0.751427
vt 0.672338 0.315102
vt 0.680212 0.295273
vt 0.640909 0.164967
vt 0.571247 0.424096
vt 0.420363 0.576375
vt 0.686068 0.157596
vt 0.749186 0.819087
vt 0.548048 0.621792
vt 0.555167 0.612084
vt 0.540087 0.587337
vt 0.813578 0.351043
vt 0.210731 0.094508
vt 0.204349 0.227020
vt 0.880448 0.046671
vt 0.350736 0.946831
vt 0.741459 0.020278
vt 0.756601 0.023387
vt 0.713237 0.023310
vt 0.717502 0.024383
vt 0.996517 0.882046
vt 0.987829 0.883578
vt 0.982394 0.881993
vt 0.277150 0.997170
vt 0.994732 0.363933
vt 0.904057 0.609677
vt 0.957019 0.424519
vt 0.452338 0.736328
vt 0.792563 0.342248
vt 0.351613 0.868499
vt 0.674416 0.325520
vt 0.681352 0.322181
vt 0.610426 0.416585
vt 0.410068 0.630295
vt 0.664873 0.159375
vt 0.390483 0.627875
vt 0.343186 0.334329
vt 0.355160 0.353222
vt 0.977439 0.577463
vt 0.527929 0.612058
vt 0.975722 0.543415
vt 0.787449 0.561860
vt 0.797424 0.569306
vt 0.526405 0.581241
vt 0.801569 0.130170
vt 0.816935 0.135564
vt 0.798639 0.354804
vt 0.822577 0.346765
vt 0.304340 0.011124
vt 0.294494 0.006532
vt 0.316099 0.009709
vt 0.538295 0.062676
vt 0.705765 0.794846
vt 0.719543 0.796251
vt 0.717419 0.799838
vt 0.077321 0.010996
vt 0.083723 0.017398
vt 0.064879 0.017450
vt 0.363730 0.558605
vt 0.343211 0.045805
vt 0.356410 0.032943
vt 0.212951 0.117543
vt 0.225266 0.124930
vt 0.217799 0.132715
vt 0.990092 0.865307
vt 0.985813 0.858963
vt 0.996041 0.865902
vt 0.868548 0.043753
vt 0.021074 0.457753
vt 0.006872 0.449493
vt 0.013496 0.448851
vt 0.935642 0.615654
vt 0.926013 0.122113
vt 0.935869 0.117185
vt 0.798949 0.204688
vt 0.306380 0.920431
vt 0.293920 0.924278
vt 0.304016 0.917971
vt 0.940929 0.997460
vt 0.929961 0.998420
vt 0.925182 0.996676
vt 0.375202 0.822365
vt 0.362054 0.824238
vt 0.370135 0.820133
vt 0.353027 0.824607
vt 0.356862 0.823544
vt 0.341830 0.822847
vt 0.343722 0.824233
vt 0.333024 0.823893
vt 0.928243 0.617504
vt 0.929066 0.619715
vt 0.018236 0.427602
vt 0.987379 0.747732
vt 0.987379 0.735348
vt 0.989422 0.747589
vt 0.702633 0.617184
vt 0.374425 0.863832
vt 0.627475 0.125797
vt 0.691421 0.306031
vt 0.429695 0.624130
vt 0.424438 0.631527
vt 0.637669 0.117176
vt 0.651914 0.112982
vt 0.399138 0.633571
vt 0.674832 0.162249
vt 0.755077 0.834167
vt 0.350997 0.334939
vt 0.361731 0.351593
vt 0.946454 0.011021
vt 0.796415 0.562066
vt 0.102651 0.866796
vt 0.103681 0.863253
vt 0.106159 0.876174
vt 0.810146 0.579866
vt 0.792803 0.688575
vt 0.800256 0.675666
vt 0.805406 0.689794
vt 0.509652 0.103787
vt 0.835268 0.375421
vt 0.816875 0.391541
vt 0.407881 0.822914
vt 0.387658 0.829725
vt 0.384644 0.803788
vt 0.714143 0.808229
vt 0.735082 0.803203
vt 0.732224 0.813698
vt 0.794887 0.351582
vt 0.731667 0.799814
vt 0.521108 0.065521
vt 0.073458 0.406346
vt 0.070298 0.371424
vt 0.097180 0.388233
vt 0.361543 0.448994
vt 0.372069 0.466427
vt 0.953111 0.127545
vt 0.962986 0.130218
vt 0.954677 0.133089
vt 0.961192 0.137093
vt 0.956773 0.141079
vt 0.347478 0.036462
vt 0.884578 0.044341
vt 0.020181 0.470227
vt 0.875303 0.987120
vt 0.861594 0.977943
vt 0.380489 0.945095
vt 0.995961 0.344569
vt 0.994052 0.355398
vt 0.993249 0.337099
vt 0.993332 0.259555
vt 0.995036 0.269216
vt 0.993194 0.278453
vt 0.732629 0.018319
vt 0.919877 0.587230
vt 0.992580 0.040802
vt 0.996530 0.042987
vt 0.994697 0.042987
vt 0.319423 0.918756
vt 0.002875 0.422438
vt 0.713961 0.627113
vt 0.667211 0.306477
vt 0.068009 0.063493
vt 0.060558 0.059856
vt 0.069301 0.057201
vt 0.717408 0.839660
vt 0.714134 0.848338
vt 0.709135 0.836703
vt 0.072728 0.065736
vt 0.067331 0.069836
vt 0.538626 0.047006
vt 0.509134 0.046411
vt 0.651306 0.166241
vt 0.414194 0.642034
vt 0.319497 0.339719
vt 0.938603 0.011876
vt 0.782062 0.581656
vt 0.550240 0.631093
vt 0.113075 0.882978
vt 0.800696 0.362085
vt 0.313411 0.006557
vt 0.491240 0.066494
vt 0.508964 0.064118
vt 0.089111 0.398342
vt 0.400542 0.437899
vt 0.386193 0.420011
vt 0.207676 0.516019
vt 0.211428 0.503428
vt 0.215537 0.508020
vt 0.129488 0.405569
vt 0.352719 0.446156
vt 0.339111 0.039089
vt 0.964996 0.143763
vt 0.369420 0.026068
vt 0.381366 0.028258
vt 0.819528 0.846245
vt 0.812490 0.837833
vt 0.819672 0.822007
vt 0.186981 0.011339
vt 0.207330 0.013847
vt 0.197526 0.014164
vt 0.715361 0.021732
vt 0.005900 0.459909
vt 0.997326 0.320905
vt 0.997326 0.339222
vt 0.995317 0.330328
vt 0.199737 0.011410
vt 0.335368 0.826829
vt 0.329170 0.825274
vt 0.336314 0.825288
vt 0.918493 0.598887
vt 0.926149 0.117485
vt 0.942112 0.110999
vt 0.963149 0.112005
vt 0.335800 0.917360
vt 0.327356 0.919329
vt 0.303667 0.923869
vt 0.990622 0.029835
vt 0.983431 0.027217
vt 0.995971 0.027056
vt 0.322588 0.917238
vt 0.705722 0.650626
vt 0.692200 0.644164
vt 0.667482 0.322297
vt 0.558134 0.426152
vt 0.613043 0.405178
vt 0.394332 0.566862
vt 0.673768 0.177293
vt 0.686231 0.170671
vt 0.683485 0.181511
vt 0.317936 0.362271
vt 0.316856 0.354422
vt 0.367295 0.339501
vt 0.367014 0.352611
vt 0.757374 0.836377
vt 0.935381 0.018036
vt 0.338318 0.332544
vt 0.113919 0.899694
vt 0.117765 0.901735
vt 0.107876 0.913108
vt 0.103031 0.885286
vt 0.110937 0.891265
vt 0.806175 0.554674
vt 0.347591 0.086906
vt 0.358399 0.082539
vt 0.358137 0.101317
vt 0.802544 0.600738
vt 0.553957 0.595774
vt 0.557476 0.600263
vt 0.815316 0.344717
vt 0.383862 0.419692
vt 0.385995 0.421871
vt 0.388569 0.427735
vt 0.344989 0.555883
vt 0.221357 0.423295
vt 0.203742 0.431238
vt 0.216696 0.419910
vt 0.369721 0.455301
vt 0.209490 0.134812
vt 0.989476 0.031982
vt 0.988757 0.043545
vt 0.301823 0.941367
vt 0.320935 0.939869
vt 0.323002 0.941936
vt 0.931609 0.617660
vt 0.376802 0.828715
vt 0.369024 0.825196
vt 0.384905 0.826480
vt 0.639943 0.006533
vt 0.638992 0.008180
vt 0.617536 0.006786
vt 0.932028 0.111014
vt 0.341140 0.940722
vt 0.312488 0.925822
vt 0.357245 0.828149
vt 0.356332 0.825564
vt 0.993545 0.783154
vt 0.994555 0.790031
vt 0.989673 0.792290
vt 0.991393 0.735378
vt 0.462076 0.757799
vt 0.461286 0.732289
vt 0.691335 0.625200
vt 0.630546 0.167377
vt 0.352463 0.848980
vt 0.375178 0.857808
vt 0.377697 0.862892
vt 0.346621 0.864007
vt 0.340214 0.868985
vt 0.342324 0.855226
vt 0.690652 0.160390
vt 0.763254 0.837786
vt 0.799836 0.547977
vt 0.794349 0.702610
vt 0.782815 0.690219
vt 0.907960 0.078324
vt 0.907765 0.069085
vt 0.743022 0.802311
vt 0.786874 0.354096
vt 0.250473 0.419618
vt 0.247372 0.407957
vt 0.251818 0.415646
vt 0.741751 0.799979
vt 0.346955 0.362429
vt 0.337772 0.369571
vt 0.343893 0.359139
vt 0.195518 0.501699
vt 0.212828 0.490724
vt 0.354470 0.564940
vt 0.213460 0.130875
vt 0.798312 0.835805
vt 0.808394 0.828469
vt 0.802804 0.841374
vt 0.796808 0.838849
vt 0.001071 0.426739
vt 0.579235 0.449554
vt 0.066380 0.053794
vt 0.405721 0.555391
vt 0.674889 0.170704
vt 0.355925 0.326188
vt 0.342169 0.321657
vt 0.366254 0.091918
vt 0.829245 0.124822
vt 0.826747 0.133987
vt 0.815239 0.113408
vt 0.399948 0.793765
vt 0.513659 0.060019
vt 0.832845 0.330795
vt 0.799488 0.347805
vt 0.221622 0.415886
vt 0.375098 0.017852
vt 0.806900 0.841761
vt 0.818804 0.856265
vt 0.793635 0.840312
vt 0.798297 0.847095
vt 0.790795 0.845675
vt 0.011499 0.593913
vt 0.014281 0.591502
vt 0.024456 0.604067
vt 0.706130 0.851142
vt 0.519170 0.058384
vt 0.379818 0.854038
vt 0.383335 0.860718
vt 0.404460 0.643940
vt 0.385153 0.642077
vt 0.300787 0.355702
vt 0.289277 0.352092
vt 0.295725 0.349151
vt 0.337903 0.319936
vt 0.335073 0.096104
vt 0.336093 0.084270
vt 0.903807 0.091304
vt 0.530715 0.573816
vt 0.229535 0.405683
vt 0.241147 0.401759
vt 0.340715 0.391660
vt 0.365767 0.355137
vt 0.380324 0.416818
vt 0.329865 0.367772
vt 0.190471 0.487866
vt 0.191319 0.475516
vt 0.367266 0.445362
vt 0.375127 0.447394
vt 0.987719 0.782982
vt 0.812293 0.853000
vt 0.993004 0.743066
vt 0.704827 0.652786
vt 0.470695 0.736153
vt 0.033130 0.603029
vt 0.696585 0.612719
vt 0.356846 0.847411
vt 0.361988 0.843477
vt 0.717218 0.850001
vt 0.669123 0.331500
vt 0.346872 0.849131
vt 0.642650 0.176814
vt 0.659084 0.174382
vt 0.568122 0.415729
vt 0.374614 0.569370
vt 0.741727 0.836457
vt 0.110306 0.899767
vt 0.518540 0.618129
vt 0.324013 0.320366
vt 0.348049 0.318800
vt 0.805483 0.664868
vt 0.806012 0.672085
vt 0.792783 0.672953
vt 0.781885 0.117749
vt 0.770890 0.135383
vt 0.765164 0.130909
vt 0.822550 0.150923
vt 0.490746 0.064080
vt 0.756583 0.797990
vt 0.254607 0.401233
vt 0.010671 0.124145
vt 0.003024 0.132014
vt 0.000609 0.131182
vt 0.115454 0.118973
vt 0.113921 0.130331
vt 0.102069 0.132462
vt 0.072388 0.851273
vt 0.074081 0.842710
vt 0.082492 0.860851
vt 0.757431 0.436739
vt 0.759133 0.407374
vt 0.761368 0.415349
vt 0.743057 0.797157
vt 0.352897 0.407716
vt 0.385761 0.430037
vt 0.224213 0.438003
vt 0.831603 0.865584
vt 0.826915 0.845582
vt 0.688100 0.634010
vt 0.703932 0.608960
vt 0.445970 0.727347
vt 0.367775 0.846182
vt 0.005591 0.017245
vt 0.014855 0.042053
vt 0.007660 0.040898
vt 0.372924 0.849951
vt 0.704018 0.843312
vt 0.390814 0.562886
vt 0.660046 0.181721
vt 0.526998 0.624003
vt 0.350898 0.320807
vt 0.945817 0.018962
vt 0.119936 0.900404
vt 0.800652 0.542215
vt 0.803208 0.540017
vt 0.543739 0.582419
vt 0.897684 0.079221
vt 0.845083 0.552248
vt 0.865283 0.532399
vt 0.878160 0.560015
vt 0.423351 0.807068
vt 0.747686 0.815824
vt 0.207696 0.443739
vt 0.220881 0.443976
vt 0.214147 0.475269
vt 0.197880 0.464672
vt 0.791331 0.855142
vt 0.786138 0.855584
vt 0.076870 0.054515
vt 0.080593 0.060835
vt 0.075301 0.073916
vt 0.420054 0.655006
vt 0.390868 0.652117
vt 0.300406 0.373988
vt 0.308575 0.358787
vt 0.767684 0.842903
vt 0.768947 0.847840
vt 0.763124 0.843704
vt 0.764866 0.850999
vt 0.795740 0.546137
vt 0.798887 0.544131
vt 0.346130 0.098449
vt 0.428003 0.824420
vt 0.877610 0.521260
vt 0.251447 0.396965
vt 0.063819 0.819138
vt 0.069274 0.820734
vt 0.754351 0.801705
vt 0.228169 0.424751
vt 0.220242 0.453661
vt 0.194455 0.450671
vt 0.684811 0.627556
vt 0.794428 0.306011
vt 0.631014 0.181119
vt 0.669895 0.337208
vt 0.391217 0.855998
vt 0.382801 0.849187
vt 0.583615 0.410219
vt 0.646409 0.181771
vt 0.404959 0.649459
vt 0.308689 0.348273
vt 0.311337 0.339386
vt 0.755884 0.845187
vt 0.750619 0.841401
vt 0.747698 0.837377
vt 0.966328 0.563100
vt 0.332604 0.315868
vt 0.126046 0.903411
vt 0.129326 0.906694
vt 0.777995 0.135208
vt 0.136496 0.047533
vt 0.133156 0.057169
vt 0.128120 0.054143
vt 0.977629 0.690192
vt 0.992945 0.690192
vt 0.985526 0.695782
vt 0.135306 0.064591
vt 0.123981 0.056471
vt 0.117869 0.051976
vt 0.120710 0.047209
vt 0.111886 0.044527
vt 0.736060 0.828203
vt 0.236685 0.385744
vt 0.005417 0.136767
vt 0.078103 0.841491
vt 0.120352 0.126140
vt 0.752706 0.420271
vt 0.756125 0.794120
vt 0.794917 0.344643
vt 0.261145 0.415373
vt 0.772440 0.394659
vt 0.216730 0.501467
vt 0.218136 0.463145
vt 0.666744 0.653965
vt 0.663591 0.648892
vt 0.665108 0.647054
vt 0.286280 0.971230
vt 0.280744 0.959882
vt 0.285372 0.945094
vt 0.462653 0.723100
vt 0.711766 0.859070
vt 0.755299 0.857544
vt 0.109442 0.898364
vt 0.761087 0.861059
vt 0.320257 0.313604
vt 0.371122 0.103599
vt 0.786318 0.127305
vt 0.117572 0.044682
vt 0.857128 0.525009
vt 0.848264 0.537350
vt 0.420519 0.795760
vt 0.804183 0.394560
vt 0.208847 0.378121
vt 0.759396 0.798965
vt 0.224625 0.508064
vt 0.215095 0.527163
vt 0.333284 0.374653
vt 0.363398 0.566717
vt 0.985828 0.793466
vt 0.204185 0.154879
vt 0.794582 0.857144
vt 0.486182 0.741526
vt 0.476683 0.734846
vt 0.282408 0.946810
vt 0.684820 0.605195
vt 0.445427 0.712375
vt 0.688410 0.602425
vt 0.717007 0.861283
vt 0.513025 0.613566
vt 0.507361 0.609849
vt 0.744776 0.844078
vt 0.804662 0.661306
vt 0.377661 0.091777
vt 0.830616 0.581624
vt 0.828858 0.594105
vt 0.820560 0.589314
vt 0.768542 0.144536
vt 0.756478 0.146410
vt 0.821605 0.603902
vt 0.815632 0.595291
vt 0.783017 0.132201
vt 0.148453 0.056957
vt 0.142768 0.064734
vt 0.834935 0.522738
vt 0.846242 0.524072
vt 0.860539 0.517624
vt 0.118754 0.039195
vt 0.429602 0.807155
vt 0.426776 0.802646
vt 0.107418 0.044558
vt 0.081862 0.830724
vt 0.334084 0.379238
vt 0.370561 0.417189
vt 0.221206 0.500520
vt 0.371556 0.434421
vt 0.368049 0.423385
vt 0.986002 0.780344
vt 0.013234 0.586222
vt 0.027458 0.592489
vt 0.032032 0.598570
vt 0.937280 0.347590
vt 0.951781 0.337753
vt 0.945947 0.345388
vt 0.695230 0.864354
vt 0.688242 0.329935
vt 0.965913 0.578213
vt 0.753940 0.851912
vt 0.279917 0.349928
vt 0.277896 0.338162
vt 0.536097 0.630436
vt 0.309577 0.318452
vt 0.803498 0.653189
vt 0.806029 0.658522
vt 0.792180 0.659989
vt 0.778376 0.701938
vt 0.771921 0.687957
vt 0.833429 0.587334
vt 0.762881 0.150430
vt 0.826715 0.599213
vt 0.833441 0.590156
vt 0.819060 0.609197
vt 0.774066 0.141280
vt 0.766386 0.148722
vt 0.134771 0.038546
vt 0.843878 0.512690
vt 0.874309 0.511589
vt 0.114675 0.038328
vt 0.107930 0.041789
vt 0.426491 0.797428
vt 0.085958 0.855139
vt 0.124619 0.104602
vt 0.770144 0.390389
vt 0.232074 0.427292
vt 0.224096 0.477009
vt 0.676834 0.664863
vt 0.679289 0.635409
vt 0.681902 0.660781
vt 0.674013 0.640985
vt 0.652004 0.647586
vt 0.681954 0.614452
vt 0.940790 0.340716
vt 0.710170 0.876333
vt 0.651118 0.335476
vt 0.081849 0.066343
vt 0.665968 0.337704
vt 0.290474 0.343380
vt 0.807210 0.653594
vt 0.791390 0.648996
vt 0.780702 0.677971
vt 0.840315 0.564435
vt 0.838412 0.579386
vt 0.769964 0.152082
vt 0.762413 0.154468
vt 0.785695 0.140266
vt 0.776133 0.147490
vt 0.830925 0.607449
vt 0.828121 0.610999
vt 0.163793 0.030235
vt 0.153299 0.031523
vt 0.154803 0.023545
vt 0.148202 0.027185
vt 0.122962 0.040383
vt 0.855077 0.515404
vt 0.883775 0.562506
vt 0.883079 0.575783
vt 0.874469 0.563538
vt 0.117276 0.146501
vt 0.800012 0.340927
vt 0.757221 0.400659
vt 0.777243 0.381960
vt 0.358057 0.417445
vt 0.800617 0.861169
vt 0.669478 0.651344
vt 0.491797 0.738348
vt 0.778500 0.864586
vt 0.212559 0.662359
vt 0.227009 0.675131
vt 0.209690 0.669825
vt 0.960407 0.338455
vt 0.956083 0.345150
vt 0.223333 0.662140
vt 0.230780 0.671116
vt 0.075684 0.048882
vt 0.023198 0.020995
vt 0.058924 0.007543
vt 0.052582 0.017431
vt 0.052243 0.012438
vt 0.378611 0.843341
vt 0.298563 0.332445
vt 0.795768 0.543969
vt 0.791096 0.542872
vt 0.501086 0.147823
vt 0.498932 0.149058
vt 0.496345 0.147190
vt 0.807234 0.651466
vt 0.756862 0.157025
vt 0.753367 0.161165
vt 0.837785 0.583689
vt 0.767198 0.159669
vt 0.834183 0.602392
vt 0.780911 0.150422
vt 0.126986 0.037320
vt 0.686335 0.757335
vt 0.686669 0.750977
vt 0.697734 0.758120
vt 0.881082 0.548806
vt 0.896215 0.550603
vt 0.432808 0.794408
vt 0.523165 0.890630
vt 0.537224 0.899787
vt 0.520431 0.901853
vt 0.590059 0.304977
vt 0.589096 0.311754
vt 0.577638 0.310879
vt 0.090678 0.848332
vt 0.129991 0.128348
vt 0.257980 0.395765
vt 0.104119 0.398562
vt 0.107543 0.399373
vt 0.102568 0.405596
vt 0.667821 0.641499
vt 0.481876 0.732791
vt 0.651394 0.642764
vt 0.448479 0.708137
vt 0.086644 0.055048
vt 0.532005 0.060710
vt 0.965896 0.546774
vt 0.768078 0.580137
vt 0.753378 0.858607
vt 0.740681 0.843401
vt 0.287683 0.336551
vt 0.740328 0.837858
vt 0.803442 0.644129
vt 0.370414 0.115037
vt 0.780615 0.663468
vt 0.842200 0.576821
vt 0.777135 0.151998
vt 0.786525 0.149474
vt 0.147057 0.043515
vt 0.669753 0.741526
vt 0.657575 0.756693
vt 0.125818 0.033606
vt 0.694778 0.743840
vt 0.685850 0.741894
vt 0.123531 0.034216
vt 0.895072 0.539065
vt 0.884093 0.544321
vt 0.888620 0.534776
vt 0.112975 0.030177
vt 0.441252 0.795762
vt 0.306778 0.761449
vt 0.294430 0.755517
vt 0.309367 0.742763
vt 0.890052 0.569473
vt 0.411019 0.781900
vt 0.253308 0.382897
vt 0.255336 0.391406
vt 0.745756 0.422213
vt 0.234117 0.408590
vt 0.487345 0.731427
vt 0.715024 0.874710
vt 0.023345 0.042588
vt 0.840437 0.939053
vt 0.831461 0.958303
vt 0.831521 0.922521
vt 0.649214 0.333467
vt 0.373130 0.834810
vt 0.343560 0.832012
vt 0.695368 0.877373
vt 0.462337 0.057158
vt 0.455945 0.077566
vt 0.443400 0.056971
vt 0.600576 0.395405
vt 0.747332 0.850495
vt 0.382498 0.095382
vt 0.845179 0.570428
vt 0.771820 0.677604
vt 0.755228 0.161042
vt 0.843529 0.588744
vt 0.838751 0.597703
vt 0.772998 0.154974
vt 0.837767 0.601302
vt 0.841147 0.606056
vt 0.144578 0.033414
vt 0.156485 0.033989
vt 0.150080 0.036898
vt 0.140368 0.029379
vt 0.657069 0.737999
vt 0.642228 0.753925
vt 0.637725 0.740304
vt 0.132357 0.030594
vt 0.687717 0.735276
vt 0.696901 0.735250
vt 0.121805 0.032375
vt 0.119007 0.030760
vt 0.310697 0.783226
vt 0.298106 0.774629
vt 0.313072 0.780380
vt 0.899407 0.558872
vt 0.900135 0.552840
vt 0.307301 0.770333
vt 0.313580 0.755562
vt 0.222617 0.369049
vt 0.204200 0.372473
vt 0.744420 0.406907
vt 0.100466 0.389764
vt 0.089048 0.364143
vt 0.088379 0.360006
vt 0.093860 0.364022
vt 0.328650 0.377221
vt 0.229866 0.494071
vt 0.985668 0.767203
vt 0.997487 0.775790
vt 0.985348 0.777672
vt 0.466926 0.719289
vt 0.954369 0.329717
vt 0.346612 0.829770
vt 0.727969 0.841068
vt 0.730597 0.835073
vt 0.503497 0.148214
vt 0.179421 0.617773
vt 0.168623 0.618358
vt 0.168802 0.613257
vt 0.176123 0.627549
vt 0.166305 0.619227
vt 0.160891 0.634579
vt 0.379962 0.115420
vt 0.847537 0.584616
vt 0.841288 0.594282
vt 0.786343 0.158615
vt 0.670567 0.736764
vt 0.571423 0.854260
vt 0.576179 0.865617
vt 0.565586 0.860519
vt 0.318989 0.744255
vt 0.211669 0.364991
vt 0.563615 0.300791
vt 0.580064 0.290511
vt 0.129738 0.142621
vt 0.133277 0.107222
vt 0.769301 0.383722
vt 0.265429 0.400630
vt 0.094138 0.372446
vt 0.106951 0.396709
vt 0.097241 0.361296
vt 0.320890 0.369118
vt 0.357793 0.436716
vt 0.064678 0.994699
vt 0.053759 0.998845
vt 0.037823 0.994934
vt 0.678514 0.614959
vt 0.279407 0.976927
vt 0.079670 0.046230
vt 0.071298 0.047479
vt 0.083268 0.049596
vt 0.705238 0.874880
vt 0.336662 0.846570
vt 0.091244 0.057302
vt 0.099613 0.052034
vt 0.092283 0.048737
vt 0.102491 0.041827
vt 0.677441 0.859057
vt 0.544271 0.059347
vt 0.774086 0.564324
vt 0.394219 0.107665
vt 0.387167 0.094816
vt 0.340752 0.107653
vt 0.845390 0.572510
vt 0.763997 0.164920
vt 0.777299 0.158967
vt 0.845347 0.602804
vt 0.848155 0.607676
vt 0.571822 0.833658
vt 0.578859 0.841120
vt 0.573279 0.843690
vt 0.582449 0.838985
vt 0.576089 0.826097
vt 0.580610 0.849095
vt 0.675994 0.733173
vt 0.579164 0.852189
vt 0.575623 0.852592
vt 0.690528 0.730407
vt 0.569251 0.842961
vt 0.317876 0.764563
vt 0.088552 0.865511
vt 0.749929 0.392458
vt 0.353790 0.410805
vt 0.099193 0.368762
vt 0.361597 0.420528
vt 0.238166 0.465619
vt 0.784559 0.515324
vt 0.784045 0.508759
vt 0.793270 0.507195
vt 0.477341 0.720597
vt 0.041662 0.990317
vt 0.274780 0.963582
vt 0.454294 0.708135
vt 0.224694 0.658527
vt 0.237881 0.664870
vt 0.239867 0.670745
vt 0.365511 0.835701
vt 0.062708 0.009867
vt 0.056252 0.021249
vt 0.668804 0.348105
vt 0.294484 0.327870
vt 0.854795 0.560654
vt 0.850218 0.565346
vt 0.749032 0.169156
vt 0.849044 0.577080
vt 0.846177 0.598079
vt 0.850213 0.606836
vt 0.671786 0.728097
vt 0.680400 0.726488
vt 0.129552 0.029190
vt 0.694814 0.726539
vt 0.561960 0.848110
vt 0.912161 0.541621
vt 0.907306 0.536109
vt 0.908436 0.549425
vt 0.318220 0.776007
vt 0.905265 0.568206
vt 0.323919 0.760781
vt 0.899726 0.580967
vt 0.558813 0.274793
vt 0.586456 0.317872
vt 0.592878 0.312169
vt 0.266822 0.417388
vt 0.761131 0.792690
vt 0.136550 0.953065
vt 0.141479 0.957298
vt 0.137614 0.963804
vt 0.893077 0.272303
vt 0.903736 0.285764
vt 0.895069 0.286006
vt 0.240725 0.448857
vt 0.961960 0.330191
vt 0.354715 0.833591
vt 0.641083 0.316566
vt 0.749612 0.858248
vt 0.502586 0.155975
vt 0.179204 0.613856
vt 0.500070 0.158707
vt 0.395678 0.100853
vt 0.545309 0.818052
vt 0.535566 0.823922
vt 0.533824 0.823436
vt 0.850710 0.567287
vt 0.548287 0.820864
vt 0.542295 0.832144
vt 0.548489 0.831527
vt 0.558983 0.827514
vt 0.559028 0.837591
vt 0.554118 0.831349
vt 0.565641 0.837058
vt 0.850097 0.594846
vt 0.853140 0.600579
vt 0.067414 0.496101
vt 0.065924 0.489499
vt 0.067439 0.485750
vt 0.011800 0.546352
vt 0.013153 0.552716
vt 0.000089 0.547800
vt 0.061118 0.498556
vt 0.052757 0.489011
vt 0.058164 0.484580
vt 0.059915 0.479777
vt 0.682290 0.722017
vt 0.911402 0.558833
vt 0.912682 0.570865
vt 0.220677 0.362499
vt 0.388188 0.774983
vt 0.239503 0.362247
vt 0.254037 0.365892
vt 0.548454 0.881930
vt 0.097075 0.835978
vt 0.135499 0.114434
vt 0.276646 0.413654
vt 0.104648 0.391591
vt 0.021687 0.085181
vt 0.029206 0.084769
vt 0.030083 0.094034
vt 0.032751 0.088530
vt 0.110778 0.405589
vt 0.113481 0.391900
vt 0.973789 0.783732
vt 0.968340 0.787501
vt 0.972204 0.771193
vt 0.790549 0.527344
vt 0.777323 0.519469
vt 0.794993 0.522000
vt 0.903118 0.272799
vt 0.905263 0.279642
vt 0.030118 0.744369
vt 0.025184 0.747509
vt 0.029108 0.734817
vt 0.060362 0.019641
vt 0.077004 0.020096
vt 0.062534 0.022744
vt 0.227867 0.680739
vt 0.212482 0.677145
vt 0.084668 0.023027
vt 0.236448 0.678497
vt 0.360894 0.830430
vt 0.959368 0.572397
vt 0.510626 0.619984
vt 0.708248 0.831569
vt 0.781742 0.541202
vt 0.296610 0.320116
vt 0.303859 0.315727
vt 0.389298 0.112199
vt 0.156924 0.649659
vt 0.139867 0.637359
vt 0.273067 0.218262
vt 0.271475 0.208210
vt 0.289713 0.210599
vt 0.850650 0.573820
vt 0.849906 0.580509
vt 0.853015 0.591605
vt 0.562589 0.858725
vt 0.738899 0.159309
vt 0.745623 0.175953
vt 0.724075 0.168417
vt 0.218283 0.358923
vt 0.571816 0.316835
vt 0.258832 0.388671
vt 0.061893 0.989875
vt 0.670412 0.624864
vt 0.034306 0.730794
vt 0.036099 0.739593
vt 0.223472 0.651900
vt 0.230076 0.655128
vt 0.793005 0.271778
vt 0.566746 0.408846
vt 0.639410 0.794289
vt 0.642255 0.782176
vt 0.653627 0.783977
vt 0.518483 0.630337
vt 0.153598 0.618211
vt 0.142175 0.654735
vt 0.535098 0.834006
vt 0.532803 0.828023
vt 0.058835 0.516616
vt 0.048725 0.507868
vt 0.065248 0.512061
vt 0.554519 0.837761
vt 0.058148 0.502702
vt 0.557263 0.839191
vt 0.050288 0.492232
vt 0.045591 0.484966
vt 0.559121 0.849177
vt 0.036479 0.487193
vt 0.557681 0.859933
vt 0.745654 0.144375
vt 0.746293 0.156069
vt 0.726191 0.145602
vt 0.321306 0.731142
vt 0.329896 0.728299
vt 0.104575 0.843311
vt 0.112138 0.840601
vt 0.105789 0.844953
vt 0.002072 0.609254
vt 0.010829 0.609335
vt 0.010363 0.612676
vt 0.103981 0.845504
vt 0.101483 0.845554
vt 0.560799 0.311493
vt 0.554541 0.899115
vt 0.139321 0.138999
vt 0.139978 0.146333
vt 0.257759 0.374180
vt 0.177946 0.692083
vt 0.178028 0.673553
vt 0.182998 0.682400
vt 0.167253 0.686961
vt 0.107465 0.391338
vt 0.241113 0.459963
vt 0.330705 0.839731
vt 0.339641 0.830281
vt 0.093283 0.053829
vt 0.101096 0.050069
vt 0.533020 0.636792
vt 0.500180 0.612577
vt 0.746217 0.854684
vt 0.505412 0.143180
vt 0.507002 0.143500
vt 0.506569 0.146502
vt 0.768048 0.670678
vt 0.550260 0.841202
vt 0.730858 0.136043
vt 0.039689 0.501056
vt 0.549957 0.851083
vt 0.206527 0.355272
vt 0.547464 0.279840
vt 0.552315 0.294568
vt 0.549522 0.301737
vt 0.248526 0.732485
vt 0.258462 0.719927
vt 0.256044 0.728733
vt 0.103772 0.841697
vt 0.015584 0.601519
vt 0.012520 0.610872
vt 0.143139 0.125075
vt 0.777591 0.378046
vt 0.890304 0.291233
vt 0.892905 0.294773
vt 0.889627 0.294751
vt 0.104839 0.369153
vt 0.145792 0.959982
vt 0.900226 0.290995
vt 0.981684 0.219299
vt 0.996652 0.236631
vt 0.983100 0.231395
vt 0.236800 0.474603
vt 0.986609 0.614487
vt 0.980136 0.600193
vt 0.987495 0.591422
vt 0.470799 0.710693
vt 0.677689 0.606169
vt 0.585983 0.393182
vt 0.626925 0.793953
vt 0.160072 0.614840
vt 0.147814 0.619019
vt 0.053717 0.526516
vt 0.049351 0.521769
vt 0.057822 0.522630
vt 0.047353 0.578037
vt 0.052815 0.587178
vt 0.046514 0.588304
vt 0.720547 0.153510
vt 0.634561 0.912216
vt 0.622836 0.913295
vt 0.631920 0.905031
vt 0.232154 0.356537
vt 0.195817 0.684895
vt 0.198057 0.688177
vt 0.188223 0.683326
vt 0.189803 0.688303
vt 0.532838 0.872644
vt 0.186132 0.682680
vt 0.174152 0.696445
vt 0.562320 0.316426
vt 0.273492 0.394074
vt 0.762713 0.380721
vt 0.265422 0.385202
vt 0.670783 0.607821
vt 0.201712 0.679085
vt 0.218413 0.684462
vt 0.240427 0.661403
vt 0.972970 0.342083
vt 0.958601 0.348067
vt 0.244660 0.678174
vt 0.265368 0.334032
vt 0.664024 0.775477
vt 0.502223 0.625381
vt 0.164437 0.610686
vt 0.504705 0.161341
vt 0.500422 0.166022
vt 0.150056 0.614398
vt 0.356034 0.651074
vt 0.356387 0.659400
vt 0.351552 0.648100
vt 0.361794 0.660450
vt 0.042805 0.529570
vt 0.049843 0.536407
vt 0.544104 0.843627
vt 0.726392 0.123174
vt 0.719196 0.129570
vt 0.032610 0.501470
vt 0.627955 0.919673
vt 0.263926 0.729245
vt 0.253086 0.738476
vt 0.182383 0.699050
vt 0.177467 0.696601
vt 0.115190 0.834382
vt 0.147647 0.126686
vt 0.150195 0.124960
vt 0.014375 0.626043
vt 0.739935 0.395167
vt 0.102601 0.378398
vt 0.029271 0.078133
vt 0.031466 0.082765
vt 0.981498 0.579726
vt 0.450018 0.694625
vt 0.228845 0.685324
vt 0.952692 0.000077
vt 0.936469 0.004328
vt 0.938203 0.000077
vt 0.613519 0.461843
vt 0.541685 0.641708
vt 0.740739 0.857091
vt 0.747425 0.866053
vt 0.507886 0.151935
vt 0.169712 0.607851
vt 0.625401 0.778888
vt 0.136317 0.655469
vt 0.773279 0.662889
vt 0.042810 0.545585
vt 0.045681 0.551057
vt 0.037671 0.548252
vt 0.363336 0.650733
vt 0.364968 0.641715
vt 0.374960 0.649025
vt 0.040965 0.513106
vt 0.053877 0.577212
vt 0.263243 0.736512
vt 0.154713 0.129761
vt 0.151277 0.122767
vt 0.151139 0.132863
vt 0.151934 0.140128
vt 0.164011 0.702174
vt 0.145137 0.115098
vt 0.576879 0.322544
vt 0.589765 0.327181
vt 0.021734 0.068503
vt 0.029858 0.071600
vt 0.023484 0.065849
vt 0.997345 0.224688
vt 0.925882 0.286448
vt 0.010618 0.175588
vt 0.020507 0.172226
vt 0.029876 0.175870
vt 0.212890 0.687967
vt 0.240952 0.657185
vt 0.047960 0.010314
vt 0.042245 0.016445
vt 0.506088 0.155449
vt 0.393216 0.113709
vt 0.037456 0.550685
vt 0.372728 0.653103
vt 0.378664 0.644132
vt 0.384517 0.653346
vt 0.048909 0.570773
vt 0.043430 0.568337
vt 0.715713 0.141081
vt 0.731106 0.181249
vt 0.714006 0.183349
vt 0.543129 0.285578
vt 0.266215 0.720740
vt 0.154437 0.126732
vt 0.189055 0.699422
vt 0.187180 0.701343
vt 0.181283 0.704995
vt 0.106039 0.385512
vt 0.102603 0.372138
vt 0.031605 0.067203
vt 0.886771 0.300036
vt 0.228573 0.647038
vt 0.025662 0.760623
vt 0.620237 0.154082
vt 0.613982 0.155981
vt 0.628548 0.131832
vt 0.563772 0.154673
vt 0.570676 0.161205
vt 0.554875 0.154428
vt 0.561932 0.162400
vt 0.249090 0.685044
vt 0.741392 0.876379
vt 0.645161 0.335954
vt 0.370277 0.828861
vt 0.089989 0.052246
vt 0.088085 0.048516
vt 0.278889 0.518991
vt 0.284893 0.515708
vt 0.280518 0.520952
vt 0.518082 0.139073
vt 0.645504 0.765287
vt 0.603667 0.791190
vt 0.128835 0.642022
vt 0.042534 0.556314
vt 0.052471 0.556982
vt 0.045620 0.562367
vt 0.678115 0.034686
vt 0.667296 0.035933
vt 0.670842 0.022785
vt 0.711681 0.162450
vt 0.658944 0.026831
vt 0.659443 0.031249
vt 0.650802 0.023149
vt 0.547534 0.291837
vt 0.653413 0.040712
vt 0.634293 0.024653
vt 0.272168 0.722894
vt 0.575694 0.893797
vt 0.198138 0.694594
vt 0.185523 0.704401
vt 0.166164 0.705515
vt 0.171348 0.705837
vt 0.170306 0.710010
vt 0.167462 0.709594
vt 0.146467 0.110412
vt 0.148100 0.112765
vt 0.292108 0.409122
vt 0.291476 0.394682
vt 0.264174 0.370239
vt 0.155690 0.977930
vt 0.919701 0.276337
vt 0.237043 0.649322
vt 0.948924 0.004337
vt 0.578762 0.149905
vt 0.575550 0.156753
vt 0.565940 0.146698
vt 0.249261 0.674734
vt 0.245520 0.688750
vt 0.298332 0.469571
vt 0.300599 0.473619
vt 0.298246 0.473869
vt 0.288148 0.514912
vt 0.286358 0.521727
vt 0.687307 0.364376
vt 0.527201 0.125233
vt 0.529795 0.137494
vt 0.509012 0.168381
vt 0.263570 0.216206
vt 0.266076 0.222200
vt 0.360568 0.662750
vt 0.053557 0.571157
vt 0.624607 0.925066
vt 0.116654 0.162683
vt 0.108048 0.158498
vt 0.126347 0.153483
vt 0.159201 0.130555
vt 0.159910 0.134291
vt 0.548105 0.853909
vt 0.163094 0.123175
vt 0.153329 0.111087
vt 0.154015 0.114672
vt 0.164808 0.710999
vt 0.581186 0.334723
vt 0.112801 0.376283
vt 0.981020 0.072654
vt 0.975219 0.065490
vt 0.986747 0.065320
vt 0.773577 0.512829
vt 0.098049 0.020286
vt 0.613845 0.141976
vt 0.256880 0.684046
vt 0.589465 0.823995
vt 0.589682 0.819341
vt 0.606003 0.820196
vt 0.603579 0.817293
vt 0.586001 0.813466
vt 0.299785 0.465248
vt 0.628834 0.333129
vt 0.434789 0.014047
vt 0.437725 0.013800
vt 0.442156 0.021490
vt 0.057572 0.028259
vt 0.204002 0.977801
vt 0.182167 0.975890
vt 0.203017 0.963837
vt 0.521080 0.148350
vt 0.853192 0.062946
vt 0.863282 0.077597
vt 0.853849 0.087030
vt 0.520072 0.649559
vt 0.503577 0.171374
vt 0.271219 0.227350
vt 0.377671 0.668887
vt 0.396212 0.657696
vt 0.397644 0.670048
vt 0.710418 0.178486
vt 0.540013 0.283820
vt 0.274710 0.715325
vt 0.201770 0.683797
vt 0.096377 0.145484
vt 0.097662 0.140259
vt 0.099319 0.144448
vt 0.282668 0.719289
vt 0.189640 0.709074
vt 0.985333 0.580261
vt 0.997502 0.580261
vt 0.987896 0.584036
vt 0.104238 0.138331
vt 0.170235 0.714535
vt 0.259360 0.364386
vt 0.009453 0.727305
vt 0.026285 0.732647
vt 0.009016 0.731645
vt 0.041405 0.739982
vt 0.041515 0.753517
vt 0.035349 0.753796
vt 0.034045 0.749711
vt 0.238781 0.690113
vt 0.296364 0.488386
vt 0.300553 0.496245
vt 0.292584 0.491959
vt 0.597492 0.809944
vt 0.303660 0.474284
vt 0.295700 0.479865
vt 0.442175 0.015335
vt 0.297906 0.522324
vt 0.277613 0.529669
vt 0.433518 0.066074
vt 0.355614 0.053190
vt 0.376723 0.055022
vt 0.364480 0.070610
vt 0.595967 0.390929
vt 0.723709 0.858185
vt 0.544454 0.130288
vt 0.383113 0.120913
vt 0.124312 0.646557
vt 0.056442 0.561346
vt 0.614524 0.927520
vt 0.392614 0.675151
vt 0.677406 0.042686
vt 0.408023 0.677942
vt 0.666767 0.038602
vt 0.093259 0.148342
vt 0.093581 0.140413
vt 0.089909 0.142844
vt 0.636908 0.037992
vt 0.193493 0.708754
vt 0.198863 0.711606
vt 0.307896 0.739935
vt 0.993133 0.933107
vt 0.983419 0.929571
vt 0.997454 0.929615
vt 0.208362 0.705938
vt 0.158244 0.111693
vt 0.174333 0.716665
vt 0.157243 0.109142
vt 0.155753 0.107042
vt 0.143772 0.717922
vt 0.724125 0.376896
vt 0.299096 0.402784
vt 0.029797 0.759999
vt 0.296033 0.499160
vt 0.095306 0.055779
vt 0.428597 0.014126
vt 0.430510 0.011451
vt 0.420707 0.055130
vt 0.424764 0.069113
vt 0.150835 0.605633
vt 0.139534 0.620932
vt 0.265398 0.226974
vt 0.357291 0.676646
vt 0.366202 0.667656
vt 0.052417 0.552483
vt 0.614014 0.915449
vt 0.708338 0.180927
vt 0.537591 0.289130
vt 0.544070 0.313089
vt 0.254139 0.700968
vt 0.259148 0.702984
vt 0.247278 0.712990
vt 0.161756 0.108450
vt 0.164896 0.113461
vt 0.166318 0.719777
vt 0.547484 0.318411
vt 0.562616 0.343712
vt 0.588415 0.349726
vt 0.011386 0.721681
vt 0.157712 0.970626
vt 0.230761 0.691057
vt 0.572195 0.133746
vt 0.579949 0.141700
vt 0.249569 0.666497
vt 0.621389 0.159892
vt 0.624841 0.171673
vt 0.619557 0.174036
vt 0.307723 0.487309
vt 0.287376 0.505074
vt 0.295737 0.512746
vt 0.107662 0.051001
vt 0.598547 0.389678
vt 0.178735 0.595878
vt 0.164151 0.601407
vt 0.831538 0.065958
vt 0.260329 0.213440
vt 0.400013 0.680364
vt 0.703438 0.173389
vt 0.093487 0.153054
vt 0.096108 0.152796
vt 0.177240 0.718686
vt 0.178418 0.715919
vt 0.172332 0.719330
vt 0.517898 0.389134
vt 0.520259 0.385888
vt 0.521540 0.394462
vt 0.551961 0.330101
vt 0.030655 0.728703
vt 0.013259 0.716103
vt 0.075088 0.693612
vt 0.074400 0.707002
vt 0.067999 0.706575
vt 0.149109 0.981217
vt 0.757939 0.519324
vt 0.005590 0.643658
vt 0.019422 0.648152
vt 0.006459 0.647854
vt 0.925762 0.280983
vt 0.204390 0.693017
vt 0.224884 0.696476
vt 0.254143 0.675751
vt 0.614805 0.163123
vt 0.249544 0.333412
vt 0.247091 0.356844
vt 0.239305 0.346342
vt 0.604460 0.831460
vt 0.594981 0.829252
vt 0.604381 0.834963
vt 0.585712 0.833185
vt 0.297688 0.509452
vt 0.299628 0.518611
vt 0.677991 0.369268
vt 0.793203 0.256439
vt 0.781723 0.240098
vt 0.801178 0.247644
vt 0.163380 0.580423
vt 0.492912 0.640919
vt 0.485683 0.634545
vt 0.393396 0.124425
vt 0.127267 0.622120
vt 0.055314 0.555477
vt 0.675046 0.044210
vt 0.391024 0.678447
vt 0.915171 0.919246
vt 0.923833 0.918961
vt 0.914148 0.922846
vt 0.669737 0.055194
vt 0.286798 0.712161
vt 0.281257 0.703051
vt 0.282264 0.710537
vt 0.089502 0.149856
vt 0.196347 0.713988
vt 0.194101 0.715100
vt 0.641669 0.043357
vt 0.691274 0.112584
vt 0.692764 0.121968
vt 0.688690 0.122909
vt 0.685593 0.118870
vt 0.164910 0.110589
vt 0.513406 0.389244
vt 0.517144 0.393146
vt 0.038066 0.725502
vt 0.079096 0.696953
vt 0.081108 0.703639
vt 0.993441 0.243673
vt 0.980855 0.236412
vt 0.771060 0.505307
vt 0.578675 0.168881
vt 0.605238 0.827827
vt 0.308993 0.502207
vt 0.305349 0.439130
vt 0.450803 0.018079
vt 0.465332 0.009915
vt 0.463499 0.013708
vt 0.294397 0.543427
vt 0.525083 0.155965
vt 0.510055 0.644893
vt 0.615844 0.760465
vt 0.343326 0.668960
vt 0.263464 0.204506
vt 0.376857 0.673069
vt 0.611585 0.928341
vt 0.611098 0.922163
vt 0.913791 0.928932
vt 0.923093 0.931056
vt 0.694656 0.109424
vt 0.696535 0.118662
vt 0.192307 0.717803
vt 0.258215 0.357730
vt 0.554302 0.323135
vt 0.067174 0.699393
vt 0.211598 0.701511
vt 0.245290 0.655110
vt 0.005926 0.169163
vt 0.247365 0.694219
vt 0.252449 0.695106
vt 0.263136 0.683245
vt 0.260795 0.339735
vt 0.308404 0.494221
vt 0.302851 0.507222
vt 0.441630 0.003522
vt 0.423445 0.011682
vt 0.430474 0.003741
vt 0.798041 0.216999
vt 0.596086 0.678598
vt 0.607416 0.689834
vt 0.591155 0.692247
vt 0.613498 0.669958
vt 0.864958 0.094974
vt 0.848318 0.094940
vt 0.633514 0.753412
vt 0.364920 0.680722
vt 0.610875 0.932144
vt 0.610921 0.914452
vt 0.934301 0.929543
vt 0.930225 0.901483
vt 0.698684 0.108200
vt 0.512246 0.382534
vt 0.165618 0.107940
vt 0.165409 0.105044
vt 0.895523 0.965081
vt 0.891335 0.969898
vt 0.876501 0.965698
vt 0.248023 0.652235
vt 0.225409 0.693311
vt 0.255707 0.332087
vt 0.242624 0.323590
vt 0.626085 0.182205
vt 0.746331 0.258327
vt 0.714680 0.250750
vt 0.745102 0.241331
vt 0.305067 0.513889
vt 0.435311 0.004900
vt 0.596443 0.387593
vt 0.782032 0.229115
vt 0.518096 0.169215
vt 0.545864 0.143810
vt 0.606633 0.770305
vt 0.257731 0.223058
vt 0.258104 0.217450
vt 0.349336 0.685419
vt 0.088542 0.154283
vt 0.483549 0.387898
vt 0.487146 0.385013
vt 0.487385 0.390689
vt 0.490744 0.389326
vt 0.507870 0.382278
vt 0.513028 0.376415
vt 0.550144 0.379275
vt 0.532820 0.395564
vt 0.285093 0.360561
vt 0.979114 0.238623
vt 0.071215 0.651465
vt 0.073447 0.643714
vt 0.076259 0.643236
vt 0.209531 0.014529
vt 0.211717 0.008522
vt 0.230391 0.014326
vt 0.018577 0.166455
vt 0.255110 0.662183
vt 0.259224 0.672627
vt 0.607366 0.156193
vt 0.583347 0.163596
vt 0.247638 0.320359
vt 0.618859 0.182964
vt 0.438559 0.007575
vt 0.866121 0.935899
vt 0.871335 0.931376
vt 0.869028 0.939763
vt 0.143347 0.605771
vt 0.063083 0.545659
vt 0.604240 0.924617
vt 0.943611 0.905462
vt 0.696922 0.102246
vt 0.484239 0.381749
vt 0.693639 0.101836
vt 0.690255 0.102708
vt 0.508222 0.375500
vt 0.171595 0.106454
vt 0.505215 0.383767
vt 0.493927 0.387281
vt 0.510471 0.392949
vt 0.609052 0.163830
vt 0.614244 0.173513
vt 0.260498 0.317495
vt 0.627820 0.187179
vt 0.310587 0.481825
vt 0.732043 0.082508
vt 0.734273 0.092225
vt 0.730132 0.087181
vt 0.511570 0.174589
vt 0.501682 0.646923
vt 0.119285 0.631111
vt 0.385199 0.691469
vt 0.290984 0.704772
vt 0.713521 0.110894
vt 0.710978 0.105417
vt 0.715647 0.099462
vt 0.298008 0.710717
vt 0.988787 0.115065
vt 0.988787 0.112988
vt 0.992087 0.114200
vt 0.672436 0.102094
vt 0.677085 0.099403
vt 0.672725 0.112401
vt 0.502749 0.373938
vt 0.534636 0.317152
vt 0.291833 0.372450
vt 0.972524 0.807032
vt 0.588154 0.129715
vt 0.594618 0.154316
vt 0.583987 0.139512
vt 0.239008 0.696089
vt 0.609417 0.137300
vt 0.587292 0.159007
vt 0.261067 0.332671
vt 0.230341 0.338319
vt 0.263709 0.322829
vt 0.848447 0.630504
vt 0.846385 0.628904
vt 0.848735 0.619387
vt 0.310186 0.498778
vt 0.736485 0.090450
vt 0.443057 0.088568
vt 0.372429 0.067264
vt 0.370400 0.071778
vt 0.783049 0.256642
vt 0.147052 0.593023
vt 0.144642 0.597164
vt 0.251983 0.213249
vt 0.260276 0.203711
vt 0.367702 0.692763
vt 0.088324 0.160609
vt 0.223907 0.813575
vt 0.236652 0.818787
vt 0.222514 0.824807
vt 0.696842 0.092263
vt 0.713443 0.094165
vt 0.478493 0.373339
vt 0.474822 0.374626
vt 0.996440 0.431332
vt 0.996440 0.449001
vt 0.993751 0.437252
vt 0.486821 0.378372
vt 0.498735 0.374304
vt 0.676239 0.112850
vt 0.304592 0.381928
vt 0.307325 0.398495
vt 0.239541 0.810643
vt 0.246619 0.825798
vt 0.262638 0.355933
vt 0.119011 0.349907
vt 0.736150 0.510027
vt 0.599879 0.142805
vt 0.238294 0.699935
vt 0.600006 0.154787
vt 0.271347 0.313394
vt 0.270768 0.307424
vt 0.257259 0.307418
vt 0.858165 0.942046
vt 0.862979 0.933274
vt 0.461500 0.003990
vt 0.374271 0.064351
vt 0.507616 0.180195
vt 0.599450 0.915705
vt 0.974130 0.993071
vt 0.991049 0.988009
vt 0.983359 0.993879
vt 0.702290 0.093613
vt 0.091115 0.161964
vt 0.601517 0.706535
vt 0.600154 0.714719
vt 0.597133 0.715489
vt 0.695188 0.087685
vt 0.680542 0.098011
vt 0.666609 0.109531
vt 0.673005 0.089046
vt 0.254368 0.831075
vt 0.537120 0.680959
vt 0.557828 0.692744
vt 0.552464 0.695776
vt 0.876156 0.958835
vt 0.966662 0.091130
vt 0.069396 0.643270
vt 0.075055 0.628711
vt 0.265653 0.679174
vt 0.271632 0.319158
vt 0.324048 0.905462
vt 0.308527 0.903323
vt 0.322447 0.902299
vt 0.297147 0.903529
vt 0.295502 0.900489
vt 0.073138 0.939542
vt 0.079435 0.955248
vt 0.072805 0.950859
vt 0.844525 0.643300
vt 0.836287 0.652041
vt 0.150841 0.992298
vt 0.150200 0.995932
vt 0.123313 0.993964
vt 0.072626 0.919200
vt 0.075316 0.931152
vt 0.310342 0.905260
vt 0.287692 0.903278
vt 0.291856 0.905710
vt 0.556901 0.025028
vt 0.560525 0.018213
vt 0.556216 0.042111
vt 0.080261 0.945971
vt 0.992511 0.855214
vt 0.980457 0.856269
vt 0.978063 0.854374
vt 0.325614 0.908042
vt 0.819580 0.659343
vt 0.830918 0.643988
vt 0.427601 0.983168
vt 0.435923 0.977179
vt 0.450032 0.980959
vt 0.312912 0.908943
vt 0.329874 0.911999
vt 0.325448 0.909459
vt 0.608652 0.822091
vt 0.608431 0.814531
vt 0.614405 0.809883
vt 0.312726 0.477271
vt 0.865085 0.168543
vt 0.838516 0.147905
vt 0.852922 0.139769
vt 0.830289 0.139651
vt 0.844460 0.139017
vt 0.422285 0.071218
vt 0.420896 0.070135
vt 0.370854 0.074867
vt 0.586593 0.693737
vt 0.585041 0.698850
vt 0.778689 0.244597
vt 0.775631 0.234534
vt 0.559076 0.138590
vt 0.625679 0.748134
vt 0.250188 0.233494
vt 0.250832 0.225836
vt 0.259968 0.235543
vt 0.357880 0.692324
vt 0.343408 0.690743
vt 0.488049 0.178124
vt 0.490801 0.187160
vt 0.478309 0.180283
vt 0.926118 0.941577
vt 0.206272 0.814737
vt 0.194872 0.824040
vt 0.659444 0.818040
vt 0.653799 0.814566
vt 0.661120 0.810316
vt 0.605422 0.729096
vt 0.613624 0.724787
vt 0.608735 0.729620
vt 0.718391 0.087404
vt 0.979747 0.987976
vt 0.497601 0.366017
vt 0.503790 0.367503
vt 0.676995 0.087286
vt 0.229039 0.811169
vt 0.536064 0.181370
vt 0.553569 0.178703
vt 0.541075 0.183225
vt 0.061630 0.702323
vt 0.063976 0.689082
vt 0.760766 0.527552
vt 0.757957 0.524121
vt 0.585113 0.173993
vt 0.580240 0.178311
vt 0.725999 0.936718
vt 0.758176 0.933827
vt 0.727096 0.943658
vt 0.332835 0.912139
vt 0.307794 0.900807
vt 0.288017 0.899608
vt 0.266743 0.019528
vt 0.249224 0.017945
vt 0.276408 0.016764
vt 0.291727 0.018580
vt 0.838870 0.664589
vt 0.841807 0.624378
vt 0.301061 0.908522
vt 0.291210 0.907882
vt 0.562960 0.019218
vt 0.081371 0.938953
vt 0.622294 0.846462
vt 0.611032 0.828833
vt 0.625176 0.846738
vt 0.417550 0.982619
vt 0.419755 0.977681
vt 0.424083 0.978300
vt 0.429296 0.977107
vt 0.609516 0.833284
vt 0.832738 0.131956
vt 0.845974 0.133111
vt 0.832021 0.133943
vt 0.310551 0.487540
vt 0.422699 0.072115
vt 0.378345 0.067552
vt 0.872144 0.946664
vt 0.378307 0.059877
vt 0.032359 0.243792
vt 0.030165 0.242999
vt 0.027194 0.232856
vt 0.831975 0.085460
vt 0.122936 0.600677
vt 0.597906 0.930308
vt 0.700451 0.086757
vt 0.603450 0.727562
vt 0.082088 0.154860
vt 0.109957 0.177053
vt 0.945944 0.917381
vt 0.480707 0.368710
vt 0.680215 0.088872
vt 0.651398 0.093579
vt 0.894266 0.982170
vt 0.863673 0.974113
vt 0.591021 0.158240
vt 0.852453 0.628626
vt 0.854275 0.635409
vt 0.850284 0.637773
vt 0.846869 0.658797
vt 0.997011 0.299027
vt 0.994265 0.280669
vt 0.997011 0.281346
vt 0.608914 0.189068
vt 0.842768 0.614058
vt 0.359475 0.926923
vt 0.317817 0.926923
vt 0.346895 0.921041
vt 0.852650 0.119833
vt 0.861640 0.120359
vt 0.540936 0.503910
vt 0.534616 0.509748
vt 0.521543 0.499197
vt 0.607569 0.829454
vt 0.607303 0.812875
vt 0.309517 0.507425
vt 0.771145 0.244509
vt 0.425415 0.081783
vt 0.377117 0.074601
vt 0.577759 0.686421
vt 0.577620 0.674736
vt 0.172653 0.964596
vt 0.140959 0.599110
vt 0.223800 0.940664
vt 0.232942 0.945046
vt 0.221796 0.960386
vt 0.251310 0.206091
vt 0.243176 0.209054
vt 0.236370 0.214978
vt 0.592343 0.722794
vt 0.595797 0.713893
vt 0.086014 0.142906
vt 0.605781 0.703860
vt 0.753834 0.263599
vt 0.758997 0.267604
vt 0.756081 0.271337
vt 0.532480 0.364439
vt 0.204938 0.864407
vt 0.186448 0.865310
vt 0.200005 0.862415
vt 0.262290 0.660198
vt 0.247975 0.698420
vt 0.192198 0.306105
vt 0.185128 0.302840
vt 0.193051 0.299090
vt 0.275392 0.325314
vt 0.221616 0.336037
vt 0.229650 0.325642
vt 0.745048 0.942643
vt 0.315782 0.899260
vt 0.140099 0.074085
vt 0.152140 0.058035
vt 0.150203 0.066693
vt 0.240648 0.305486
vt 0.735145 0.783277
vt 0.707896 0.792355
vt 0.723202 0.779191
vt 0.957081 0.073187
vt 0.958393 0.095391
vt 0.955995 0.096034
vt 0.780844 0.803750
vt 0.775591 0.806378
vt 0.764706 0.791334
vt 0.391050 0.998491
vt 0.394466 0.995624
vt 0.417189 0.998453
vt 0.857062 0.127114
vt 0.845532 0.135456
vt 0.542443 0.504273
vt 0.552582 0.496766
vt 0.764872 0.788556
vt 0.778125 0.791163
vt 0.457622 0.955195
vt 0.465970 0.945246
vt 0.494316 0.952997
vt 0.783695 0.787273
vt 0.810086 0.751029
vt 0.809547 0.807130
vt 0.609370 0.839888
vt 0.613605 0.860544
vt 0.731007 0.092566
vt 0.742482 0.086008
vt 0.741982 0.096775
vt 0.746969 0.083902
vt 0.746521 0.093516
vt 0.379143 0.072253
vt 0.767199 0.243610
vt 0.878571 0.934949
vt 0.516631 0.174979
vt 0.508493 0.655709
vt 0.601302 0.760845
vt 0.652377 0.828441
vt 0.645022 0.821401
vt 0.653417 0.804721
vt 0.229681 0.216964
vt 0.226716 0.212404
vt 0.596205 0.722661
vt 0.125173 0.172854
vt 0.099082 0.175649
vt 0.942510 0.931332
vt 0.592711 0.715575
vt 0.753622 0.275640
vt 0.685864 0.081819
vt 0.507042 0.355459
vt 0.524424 0.359510
vt 0.244096 0.812486
vt 0.876353 0.983784
vt 0.266144 0.667525
vt 0.608751 0.176871
vt 0.329702 0.898556
vt 0.296797 0.898276
vt 0.156386 0.055154
vt 0.258886 0.301895
vt 0.729177 0.090910
vt 0.719983 0.091294
vt 0.499405 0.488641
vt 0.959636 0.106834
vt 0.829898 0.137233
vt 0.618876 0.847064
vt 0.537360 0.509509
vt 0.314423 0.468505
vt 0.735951 0.095068
vt 0.315390 0.513195
vt 0.416260 0.074461
vt 0.862217 0.950845
vt 0.587196 0.670396
vt 0.594330 0.675406
vt 0.387316 0.067844
vt 0.762505 0.241815
vt 0.025930 0.243717
vt 0.023568 0.239610
vt 0.134984 0.571975
vt 0.157158 0.556482
vt 0.560218 0.151010
vt 0.244087 0.221167
vt 0.601555 0.737110
vt 0.601792 0.740358
vt 0.617472 0.800484
vt 0.612540 0.731070
vt 0.469522 0.838050
vt 0.465943 0.834322
vt 0.471436 0.829713
vt 0.706307 0.081603
vt 0.227910 0.705939
vt 0.216159 0.708891
vt 0.227449 0.703436
vt 0.760701 0.277750
vt 0.759274 0.282088
vt 0.763354 0.270497
vt 0.492644 0.364601
vt 0.060834 0.099451
vt 0.058483 0.090152
vt 0.065600 0.099375
vt 0.553133 0.353823
vt 0.538980 0.328539
vt 0.212644 0.347406
vt 0.216535 0.329393
vt 0.738923 0.948047
vt 0.993181 0.287828
vt 0.139787 0.085074
vt 0.724595 0.776833
vt 0.742139 0.781184
vt 0.725935 0.232243
vt 0.314963 0.520258
vt 0.571036 0.693611
vt 0.576593 0.691054
vt 0.749968 0.087682
vt 0.544735 0.167077
vt 0.263737 0.241631
vt 0.001670 0.164922
vt 0.006870 0.151224
vt 0.010055 0.165214
vt 0.215273 0.956298
vt 0.498827 0.186263
vt 0.492141 0.176597
vt 0.448660 0.842495
vt 0.443426 0.833383
vt 0.449363 0.838832
vt 0.667428 0.819403
vt 0.659704 0.825901
vt 0.593402 0.728602
vt 0.472912 0.841028
vt 0.615869 0.748049
vt 0.586551 0.727948
vt 0.219631 0.709806
vt 0.485732 0.842704
vt 0.485398 0.834101
vt 0.490876 0.827471
vt 0.766041 0.281825
vt 0.520086 0.185920
vt 0.529425 0.185454
vt 0.223321 0.212700
vt 0.230792 0.708009
vt 0.240583 0.712570
vt 0.227261 0.722194
vt 0.539999 0.717069
vt 0.550465 0.726974
vt 0.550481 0.731007
vt 0.547761 0.720561
vt 0.543363 0.702203
vt 0.081174 0.656500
vt 0.079666 0.643095
vt 0.083098 0.642292
vt 0.246885 0.703512
vt 0.194347 0.293269
vt 0.203969 0.305301
vt 0.584388 0.182100
vt 0.855264 0.641135
vt 0.724904 0.950202
vt 0.284180 0.896169
vt 0.546329 0.942113
vt 0.542233 0.934822
vt 0.551683 0.921652
vt 0.543472 0.921700
vt 0.850542 0.137130
vt 0.844621 0.138169
vt 0.016899 0.606319
vt 0.035087 0.606319
vt 0.017195 0.634485
vt 0.156719 0.861303
vt 0.118363 0.894459
vt 0.115964 0.869225
vt 0.616098 0.850419
vt 0.855579 0.693735
vt 0.869919 0.683262
vt 0.862904 0.690923
vt 0.408188 0.073552
vt 0.375037 0.082859
vt 0.377156 0.079461
vt 0.253096 0.239496
vt 0.566431 0.137213
vt 0.212304 0.972528
vt 0.116129 0.596824
vt 0.019603 0.146703
vt 0.506651 0.185224
vt 0.598836 0.736453
vt 0.634684 0.830185
vt 0.467845 0.844511
vt 0.463931 0.847395
vt 0.233922 0.221903
vt 0.671885 0.831352
vt 0.476482 0.828588
vt 0.764372 0.293259
vt 0.218459 0.713296
vt 0.727467 0.262440
vt 0.730595 0.287308
vt 0.716575 0.289072
vt 0.237990 0.703624
vt 0.604228 0.170061
vt 0.324519 0.895735
vt 0.707418 0.750558
vt 0.962135 0.077936
vt 0.787443 0.808069
vt 0.825131 0.006492
vt 0.845295 0.006492
vt 0.830311 0.011163
vt 0.839485 0.138203
vt 0.609966 0.839069
vt 0.748988 0.096204
vt 0.537544 0.173303
vt 0.131111 0.597295
vt 0.818624 0.083457
vt 0.816258 0.064322
vt 0.019909 0.162321
vt 0.210903 0.946276
vt 0.096482 0.199089
vt 0.095367 0.185287
vt 0.108296 0.194800
vt 0.594988 0.759112
vt 0.592759 0.745358
vt 0.609137 0.757739
vt 0.503791 0.196135
vt 0.938537 0.940041
vt 0.617762 0.832179
vt 0.454624 0.836500
vt 0.588985 0.729764
vt 0.482060 0.846077
vt 0.775230 0.270622
vt 0.591930 0.170294
vt 0.159694 0.055813
vt 0.604652 0.183888
vt 0.539218 0.519789
vt 0.546203 0.549613
vt 0.720151 0.215057
vt 0.715318 0.197289
vt 0.723115 0.222887
vt 0.722777 0.230395
vt 0.963578 0.083025
vt 0.787072 0.800500
vt 0.788919 0.805450
vt 0.539160 0.936891
vt 0.864972 0.120847
vt 0.857660 0.130669
vt 0.828392 0.138643
vt 0.315553 0.472027
vt 0.790862 0.803190
vt 0.313299 0.525853
vt 0.496341 0.198793
vt 0.240183 0.228428
vt 0.588102 0.732577
vt 0.211963 0.713393
vt 0.779747 0.289594
vt 0.761343 0.296273
vt 0.743752 0.297248
vt 0.733015 0.268020
vt 0.736693 0.291108
vt 0.224095 0.217699
vt 0.218543 0.209933
vt 0.061938 0.110112
vt 0.542285 0.351004
vt 0.060840 0.685565
vt 0.271068 0.669720
vt 0.332238 0.893242
vt 0.314503 0.896301
vt 0.293619 0.895314
vt 0.149136 0.080519
vt 0.135059 0.095410
vt 0.154241 0.066998
vt 0.853786 0.658805
vt 0.228931 0.311718
vt 0.728046 0.095882
vt 0.315272 0.501379
vt 0.539389 0.517198
vt 0.724664 0.231354
vt 0.721090 0.235651
vt 0.961685 0.109746
vt 0.783221 0.790473
vt 0.615789 0.847425
vt 0.763160 0.692357
vt 0.761875 0.687133
vt 0.769670 0.693919
vt 0.128902 0.942477
vt 0.099533 0.942477
vt 0.091304 0.940799
vt 0.721401 0.236547
vt 0.773861 0.789424
vt 0.536676 0.938450
vt 0.541092 0.919347
vt 0.135370 0.882108
vt 0.857383 0.132574
vt 0.864569 0.123946
vt 0.850668 0.138613
vt 0.313775 0.508556
vt 0.867340 0.951658
vt 0.524576 0.177646
vt 0.122610 0.586889
vt 0.520573 0.181289
vt 0.121519 0.592990
vt 0.246949 0.238145
vt 0.558236 0.739955
vt 0.578699 0.742255
vt 0.575097 0.750362
vt 0.448256 0.861597
vt 0.438011 0.848816
vt 0.509903 0.193489
vt 0.484141 0.850818
vt 0.769438 0.297639
vt 0.230915 0.223933
vt 0.530935 0.187809
vt 0.071061 0.685317
vt 0.065542 0.982524
vt 0.057432 0.979572
vt 0.088227 0.983155
vt 0.200746 0.315762
vt 0.862403 0.637109
vt 0.497506 0.110075
vt 0.487182 0.120654
vt 0.484201 0.113051
vt 0.616927 0.991024
vt 0.597888 0.989358
vt 0.626241 0.989932
vt 0.535124 0.904380
vt 0.730191 0.096089
vt 0.316952 0.469812
vt 0.319248 0.462467
vt 0.419548 0.997862
vt 0.428673 0.996253
vt 0.445582 0.997354
vt 0.964034 0.096543
vt 0.964554 0.083718
vt 0.738569 0.101748
vt 0.857922 0.952691
vt 0.178249 0.724361
vt 0.193160 0.720277
vt 0.196990 0.731716
vt 0.452641 0.874240
vt 0.480824 0.874834
vt 0.209837 0.715868
vt 0.516057 0.197267
vt 0.072327 0.113409
vt 0.075143 0.087414
vt 0.078094 0.629688
vt 0.208488 0.290028
vt 0.592014 0.178359
vt 0.316464 0.894031
vt 0.764279 0.249114
vt 0.317691 0.550945
vt 0.364709 0.081920
vt 0.570991 0.734597
vt 0.481534 0.863008
vt 0.481949 0.853942
vt 0.558524 0.728792
vt 0.571225 0.716150
vt 0.243473 0.796193
vt 0.088213 0.107650
vt 0.083184 0.626128
vt 0.190651 0.329289
vt 0.214898 0.315056
vt 0.206136 0.330989
vt 0.597746 0.169168
vt 0.294906 0.893199
vt 0.334532 0.999872
vt 0.360906 0.997977
vt 0.358912 0.999872
vt 0.833201 0.203007
vt 0.824272 0.194645
vt 0.826778 0.194166
vt 0.833307 0.205767
vt 0.820972 0.188999
vt 0.821635 0.187131
vt 0.818482 0.184053
vt 0.923263 0.009636
vt 0.918053 0.009610
vt 0.919281 0.008187
vt 0.949093 0.990993
vt 0.970912 0.993285
vt 0.951127 0.992418
vt 0.971926 0.994442
vt 0.805408 0.913035
vt 0.798362 0.908572
vt 0.804851 0.908936
vt 0.798274 0.906819
vt 0.796753 0.906821
vt 0.793018 0.906230
vt 0.794758 0.903058
vt 0.909103 0.472462
vt 0.896391 0.471054
vt 0.899167 0.468054
vt 0.875078 0.480865
vt 0.608176 0.049732
vt 0.627438 0.058417
vt 0.626724 0.061399
vt 0.641710 0.053303
vt 0.646862 0.049766
vt 0.647425 0.051228
vt 0.880952 0.998880
vt 0.881729 0.996746
vt 0.885356 0.999331
vt 0.904727 0.997928
vt 0.026106 0.283500
vt 0.037646 0.291008
vt 0.036475 0.291658
vt 0.006249 0.362363
vt 0.008291 0.360524
vt 0.008461 0.364694
vt 0.814441 0.178015
vt 0.915812 0.008221
vt 0.909981 0.471569
vt 0.635287 0.056299
vt 0.630411 0.059385
vt 0.639428 0.055383
vt 0.767482 0.685936
vt 0.758158 0.682104
vt 0.765035 0.679953
vt 0.870850 0.685062
vt 0.862428 0.695160
vt 0.867562 0.693659
vt 0.304268 0.561851
vt 0.770559 0.260196
vt 0.021785 0.232067
vt 0.244475 0.278388
vt 0.233633 0.268774
vt 0.240897 0.263930
vt 0.146775 0.542177
vt 0.238789 0.231914
vt 0.576361 0.727765
vt 0.214534 0.209222
vt 0.223485 0.222091
vt 0.066235 0.114091
vt 0.580631 0.711849
vt 0.086838 0.630626
vt 0.599506 0.177972
vt 0.209875 0.306355
vt 0.863368 0.632559
vt 0.323212 0.891647
vt 0.158335 0.067013
vt 0.008063 0.355628
vt 0.010056 0.353752
vt 0.813506 0.180967
vt 0.927083 0.009059
vt 0.928258 0.012093
vt 0.916698 0.477285
vt 0.637411 0.054082
vt 0.053345 0.293395
vt 0.037180 0.293976
vt 0.727493 0.097019
vt 0.916549 0.007034
vt 0.950547 0.993599
vt 0.823798 0.903753
vt 0.893572 0.444227
vt 0.626877 0.063417
vt 0.623218 0.082795
vt 0.388550 0.078139
vt 0.762425 0.244416
vt 0.020141 0.241064
vt 0.880561 0.708309
vt 0.868549 0.701239
vt 0.024310 0.218798
vt 0.119081 0.591619
vt 0.182351 0.897764
vt 0.161877 0.889905
vt 0.185239 0.886277
vt 0.506235 0.199837
vt 0.179870 0.882940
vt 0.164915 0.878034
vt 0.216916 0.730851
vt 0.229622 0.724693
vt 0.224094 0.732301
vt 0.212151 0.728928
vt 0.229559 0.224588
vt 0.217883 0.288080
vt 0.729173 0.954354
vt 0.315682 0.891085
vt 0.297156 0.888924
vt 0.337618 0.996205
vt 0.860944 0.643797
vt 0.234513 0.296605
vt 0.062673 0.197597
vt 0.057584 0.195730
vt 0.059933 0.188723
vt 0.494542 0.120041
vt 0.722529 0.095842
vt 0.990259 0.812373
vt 0.989202 0.809883
vt 0.993513 0.811452
vt 0.958065 0.990830
vt 0.808319 0.924449
vt 0.796512 0.909307
vt 0.899769 0.478878
vt 0.610150 0.049237
vt 0.809437 0.170862
vt 0.819185 0.162234
vt 0.034647 0.294725
vt 0.755877 0.686914
vt 0.160241 0.883843
vt 0.160841 0.870736
vt 0.216109 0.734536
vt 0.156938 0.865642
vt 0.576524 0.702527
vt 0.071084 0.626845
vt 0.070392 0.195846
vt 0.870322 0.017389
vt 0.870322 0.041464
vt 0.866804 0.038210
vt 0.865069 0.672848
vt 0.965179 0.989429
vt 0.955285 0.988566
vt 0.801726 0.925779
vt 0.793458 0.908399
vt 0.783853 0.906171
vt 0.003107 0.360777
vt 0.911370 0.011883
vt 0.915903 0.478870
vt 0.629552 0.055894
vt 0.653717 0.045096
vt 0.926260 0.014411
vt 0.917865 0.017467
vt 0.902578 0.014991
vt 0.995403 0.895666
vt 0.980126 0.901226
vt 0.994215 0.892109
vt 0.024848 0.353232
vt 0.859538 0.965089
vt 0.744265 0.105342
vt 0.870909 0.708972
vt 0.757127 0.087449
vt 0.234677 0.257247
vt 0.112389 0.589728
vt 0.172119 0.911209
vt 0.143271 0.899594
vt 0.202425 0.719775
vt 0.508691 0.202833
vt 0.089304 0.622158
vt 0.994958 0.473680
vt 0.993682 0.488261
vt 0.993272 0.471033
vt 0.069688 0.172841
vt 0.065721 0.183887
vt 0.063943 0.166022
vt 0.070478 0.181862
vt 0.006638 0.366774
vt 0.005573 0.346811
vt 0.825230 0.201271
vt 0.810829 0.181324
vt 0.800485 0.167063
vt 0.900823 0.481066
vt 0.609287 0.043737
vt 0.842457 0.932291
vt 0.845466 0.934193
vt 0.842401 0.935217
vt 0.760451 0.692533
vt 0.756697 0.689283
vt 0.949695 0.122722
vt 0.983116 0.122722
vt 0.977963 0.131815
vt 0.201167 0.052850
vt 0.158589 0.052850
vt 0.199028 0.037390
vt 0.203844 0.037622
vt 0.753046 0.675418
vt 0.763679 0.673881
vt 0.389098 0.073791
vt 0.379954 0.082888
vt 0.870660 0.957628
vt 0.749840 0.108682
vt 0.564026 0.671390
vt 0.035880 0.159271
vt 0.022108 0.141277
vt 0.039197 0.140464
vt 0.122860 0.580722
vt 0.250980 0.244598
vt 0.244617 0.255099
vt 0.241639 0.242154
vt 0.156931 0.885207
vt 0.081330 0.123050
vt 0.096807 0.109472
vt 0.097966 0.124828
vt 0.673525 0.583640
vt 0.691057 0.592844
vt 0.670174 0.585712
vt 0.790947 0.896228
vt 0.792328 0.901122
vt 0.774389 0.898348
vt 0.218263 0.306302
vt 0.073853 0.188351
vt 0.496470 0.131888
vt 0.494289 0.142869
vt 0.490622 0.128217
vt 0.501551 0.143632
vt 0.065813 0.142276
vt 0.333280 0.887013
vt 0.228763 0.291327
vt 0.490402 0.125695
vt 0.482953 0.128145
vt 0.984938 0.818367
vt 0.996916 0.814977
vt 0.480517 0.124155
vt 0.584015 0.205015
vt 0.585023 0.205571
vt 0.580629 0.207466
vt 0.581328 0.209574
vt 0.840515 0.189986
vt 0.808001 0.167842
vt 0.917957 0.443897
vt 0.644257 0.060932
vt 0.739654 0.108944
vt 0.863884 0.700428
vt 0.759712 0.236546
vt 0.017847 0.238822
vt 0.878713 0.955639
vt 0.014440 0.237724
vt 0.501166 0.205944
vt 0.206741 0.737720
vt 0.082258 0.686575
vt 0.969925 0.534511
vt 0.953525 0.537037
vt 0.968067 0.531850
vt 0.085386 0.687371
vt 0.224406 0.290177
vt 0.288520 0.698972
vt 0.290958 0.695048
vt 0.313317 0.699078
vt 0.266778 0.700734
vt 0.268802 0.697269
vt 0.250194 0.697464
vt 0.969337 0.701186
vt 0.972554 0.706475
vt 0.969950 0.719306
vt 0.630012 0.035113
vt 0.604907 0.016873
vt 0.624469 0.024856
vt 0.847950 0.933272
vt 0.835893 0.922148
vt 0.583775 0.209428
vt 0.582777 0.217269
vt 0.585566 0.219325
vt 0.585207 0.230546
vt 0.587149 0.233142
vt 0.586792 0.239876
vt 0.974890 0.987902
vt 0.617608 0.044769
vt 0.642943 0.045924
vt 0.650661 0.050183
vt 0.380081 0.086563
vt 0.751728 0.664997
vt 0.765532 0.670247
vt 0.126770 0.568257
vt 0.214078 0.245071
vt 0.234830 0.231104
vt 0.060122 0.125347
vt 0.677607 0.582248
vt 0.697062 0.592972
vt 0.065841 0.676903
vt 0.212775 0.862716
vt 0.489720 0.147404
vt 0.323626 0.889477
vt 0.972927 0.693608
vt 0.484301 0.133577
vt 0.330495 0.884820
vt 0.973772 0.717821
vt 0.971831 0.730129
vt 0.892356 0.001454
vt 0.876649 0.001454
vt 0.885487 0.000017
vt 0.762848 0.012103
vt 0.780526 0.008986
vt 0.783498 0.011979
vt 0.059093 0.171583
vt 0.484843 0.139280
vt 0.726278 0.989154
vt 0.725993 0.985608
vt 0.728825 0.988712
vt 0.058045 0.175593
vt 0.483175 0.135676
vt 0.023400 0.636750
vt 0.027430 0.642119
vt 0.003958 0.639028
vt 0.725013 0.991699
vt 0.586375 0.209629
vt 0.022780 0.646231
vt 0.720962 0.992610
vt 0.483000 0.138933
vt 0.588437 0.231180
vt 0.590346 0.252454
vt 0.590782 0.242804
vt 0.136487 0.916537
vt 0.153597 0.921922
vt 0.132924 0.921787
vt 0.480188 0.133871
vt 0.996486 0.981540
vt 0.992886 0.983219
vt 0.985368 0.981469
vt 0.852680 0.932197
vt 0.848216 0.935381
vt 0.791957 0.924035
vt 0.148766 0.925895
vt 0.163889 0.922062
vt 0.171637 0.918451
vt 0.994830 0.889702
vt 0.990816 0.890471
vt 0.728569 0.101977
vt 0.731482 0.110367
vt 0.733782 0.104008
vt 0.865405 0.966123
vt 0.885684 0.721209
vt 0.369458 0.089527
vt 0.135787 0.889940
vt 0.206118 0.241191
vt 0.226167 0.237191
vt 0.228077 0.758065
vt 0.082764 0.127537
vt 0.970062 0.538864
vt 0.952902 0.541716
vt 0.149836 0.917755
vt 0.169942 0.915694
vt 0.588300 0.218045
vt 0.480825 0.138421
vt 0.722529 0.979506
vt 0.636810 0.447989
vt 0.653919 0.461074
vt 0.633163 0.460708
vt 0.625902 0.076518
vt 0.385020 0.082954
vt 0.387888 0.061371
vt 0.237564 0.244185
vt 0.132073 0.909455
vt 0.238672 0.234723
vt 0.587450 0.719446
vt 0.065265 0.127704
vt 0.228979 0.230210
vt 0.223052 0.229646
vt 0.981017 0.778304
vt 0.976433 0.787046
vt 0.976028 0.768136
vt 0.982931 0.769120
vt 0.981392 0.793411
vt 0.583996 0.202673
vt 0.474797 0.121896
vt 0.983560 0.885434
vt 0.608885 0.935870
vt 0.628841 0.930522
vt 0.605768 0.955709
vt 0.200149 0.854283
vt 0.201161 0.851997
vt 0.202973 0.850972
vt 0.020878 0.247608
vt 0.012856 0.243041
vt 0.859197 0.703547
vt 0.112884 0.581967
vt 0.070079 0.127550
vt 0.773753 0.900913
vt 0.469420 0.138215
vt 0.850505 0.703571
vt 0.384849 0.089335
vt 0.750965 0.245067
vt 0.742716 0.236256
vt 0.009092 0.221874
vt 0.059363 0.133528
vt 0.215396 0.230302
vt 0.071892 0.673715
vt 0.084051 0.980509
vt 0.739750 0.998915
vt 0.723077 0.996866
vt 0.577351 0.200786
vt 0.749996 0.681490
vt 0.744698 0.111301
vt 0.202246 0.859279
vt 0.196061 0.854869
vt 0.203008 0.847949
vt 0.212609 0.855335
vt 0.235569 0.237552
vt 0.114015 0.574920
vt 0.078878 0.142601
vt 0.071235 0.136895
vt 0.085576 0.134378
vt 0.232769 0.241695
vt 0.059372 0.141290
vt 0.066159 0.139650
vt 0.670009 0.590401
vt 0.690143 0.599910
vt 0.008946 0.606030
vt 0.000104 0.604151
vt 0.012648 0.599462
vt 0.744522 0.691761
vt 0.853006 0.705495
vt 0.766530 0.116345
vt 0.582655 0.197410
vt 0.012176 0.245154
vt 0.529655 0.776068
vt 0.507289 0.770869
vt 0.527950 0.773778
vt 0.517050 0.769743
vt 0.557431 0.680396
vt 0.399292 0.076750
vt 0.769847 0.647855
vt 0.868396 0.721633
vt 0.808166 0.945126
vt 0.819491 0.956451
vt 0.793085 0.956794
vt 0.734187 0.116322
vt 0.550798 0.685081
vt 0.862128 0.712511
vt 0.848174 0.956223
vt 0.739987 0.688662
vt 0.000042 0.990898
vt 0.012218 0.986942
vt 0.009350 0.998836
vt 0.022851 0.169982
vt 0.829279 0.953464
vt 0.691788 0.595888
vt 0.540538 0.975535
vt 0.573734 0.980326
vt 0.541337 0.978517
vt 0.980076 0.885606
vt 0.846918 0.702889
vt 0.009798 0.241262
vt 0.008463 0.234711
vt 0.478918 0.013334
vt 0.470077 0.025959
vt 0.470465 0.006410
vt 0.516191 0.779633
vt 0.874232 0.736055
vt 0.077933 0.679645
vt 0.078254 0.615631
vt 0.567173 0.975637
vt 0.830430 0.144405
vt 0.741735 0.678008
vt 0.510760 0.765866
vt 0.525097 0.765696
vt 0.394238 0.057648
vt 0.510845 0.762744
vt 0.088253 0.688942
vt 0.983756 0.797337
vt 0.046338 0.413172
vt 0.048931 0.428428
vt 0.031498 0.429831
vt 0.399966 0.083086
vt 0.008347 0.243815
vt 0.189329 0.862071
vt 0.183759 0.852701
vt 0.738836 0.665314
vt 0.805930 0.927463
vt 0.813414 0.935355
vt 0.771978 0.893743
vt 0.968146 0.527842
vt 0.949462 0.530683
vt 0.954749 0.526075
vt 0.745934 0.987784
vt 0.743784 0.125295
vt 0.173321 0.858632
vt 0.175341 0.857928
vt 0.177238 0.865474
vt 0.184271 0.863020
vt 0.178916 0.856201
vt 0.182658 0.855870
vt 0.195561 0.848984
vt 0.388846 0.087764
vt 0.510210 0.768275
vt 0.577120 0.193350
vt 0.641902 0.956187
vt 0.852874 0.713287
vt 0.412900 0.078411
vt 0.747335 0.646169
vt 0.758403 0.638860
vt 0.457992 0.138595
vt 0.989107 0.703104
vt 0.976578 0.724805
vt 0.975091 0.692556
vt 0.509323 0.759135
vt 0.518825 0.758583
vt 0.982405 0.508429
vt 0.982405 0.473915
vt 0.986207 0.493677
vt 0.750001 0.125304
vt 0.859687 0.257479
vt 0.844580 0.279054
vt 0.846361 0.230019
vt 0.741140 0.124722
vt 0.732401 0.680381
vt 0.738916 0.672261
vt 0.730189 0.656341
vt 0.230041 0.865393
vt 0.500732 0.760646
vt 0.510087 0.752378
vt 0.498877 0.757933
vt 0.496140 0.750607
vt 0.508196 0.740249
vt 0.755629 0.123470
vt 0.078395 0.667141
vt 0.460530 0.122466
vt 0.731943 0.128134
vt 0.502137 0.735569
vt 0.495686 0.737098
vt 0.497824 0.726450
vt 0.580658 0.192328
vt 0.181137 0.853501
vt 0.501452 0.766917
vt 0.502676 0.740101
vt 0.493998 0.746770
vt 0.987640 0.069540
vt 0.996023 0.069393
vt 0.986811 0.076757
vt 0.065313 0.661832
vt 0.121080 0.993174
vt 0.107185 0.992769
vt 0.118730 0.990129
vt 0.191281 0.835414
vt 0.500264 0.763833
vt 0.116296 0.996935
vt 0.993624 0.728297
vt 0.979402 0.728297
vt 0.991731 0.713484
vt 0.184432 0.837442
vt 0.186469 0.835421
vt 0.917920 0.855276
vt 0.899265 0.828165
vt 0.916303 0.820220
vt 0.734757 0.128414
vt 0.164077 0.853041
vt 0.170859 0.863352
vt 0.158946 0.859333
vt 0.865147 0.732648
vt 0.855912 0.722001
vt 0.819055 0.929607
vt 0.647444 0.673599
vt 0.668864 0.684284
vt 0.662077 0.696428
vt 0.884565 0.192964
vt 0.870050 0.210262
vt 0.871916 0.170879
vt 0.885713 0.218037
vt 0.504566 0.768883
vt 0.413804 0.942408
vt 0.419682 0.933700
vt 0.423212 0.937148
vt 0.082848 0.740797
vt 0.093806 0.746468
vt 0.089761 0.751369
vt 0.080984 0.743685
vt 0.493582 0.744656
vt 0.172167 0.853062
vt 0.494711 0.740922
vt 0.845067 0.715870
vt 0.410323 0.941839
vt 0.421301 0.925500
vt 0.427587 0.921688
vt 0.705940 0.600543
vt 0.008091 0.305166
vt 0.015361 0.305118
vt 0.013154 0.309011
vt 0.644414 0.689577
vt 0.726639 0.671305
vt 0.090086 0.755593
vt 0.100418 0.736297
vt 0.092069 0.738606
vt 0.417258 0.933313
vt 0.706954 0.606755
vt 0.087624 0.755911
vt 0.168742 0.853977
vt 0.987276 0.712605
vt 0.854732 0.727611
vt 0.174413 0.839654
vt 0.406069 0.940945
vt 0.416861 0.926226
vt 0.866634 0.745379
vt 0.605303 0.008342
vt 0.627231 0.010260
vt 0.604746 0.011766
vt 0.578582 0.187925
vt 0.501014 0.771802
vt 0.105784 0.738860
vt 0.753896 0.633692
vt 0.705783 0.598113
vt 0.103921 0.998411
vt 0.226920 0.862822
vt 0.097238 0.620890
vt 0.015315 0.994510
vt 0.013888 0.991825
vt 0.030251 0.989644
vt 0.067352 0.607870
vt 0.051802 0.444703
vt 0.041444 0.443876
vt 0.891300 0.862958
vt 0.636879 0.489235
vt 0.689054 0.488383
vt 0.202338 0.932069
vt 0.192330 0.931627
vt 0.193661 0.916405
vt 0.173638 0.844115
vt 0.099451 0.750490
vt 0.191402 0.827512
vt 0.405550 0.933741
vt 0.204946 0.831651
vt 0.411939 0.922702
vt 0.976254 0.795189
vt 0.936921 0.535275
vt 0.576025 0.199095
vt 0.739191 0.137207
vt 0.168263 0.842542
vt 0.122887 0.731915
vt 0.111080 0.728878
vt 0.762190 0.896739
vt 0.440208 0.129627
vt 0.570571 0.189627
vt 0.726032 0.688022
vt 0.719051 0.681072
vt 0.487704 0.749788
vt 0.498257 0.782415
vt 0.489401 0.780244
vt 0.099825 0.936013
vt 0.077520 0.929194
vt 0.113750 0.917837
vt 0.015611 0.988815
vt 0.100017 0.989328
vt 0.448703 0.141388
vt 0.490789 0.773341
vt 0.183569 0.823399
vt 0.118113 0.741242
vt 0.429588 0.914099
vt 0.412704 0.908116
vt 0.716901 0.657005
vt 0.760822 0.136666
vt 0.765981 0.901745
vt 0.728300 0.692737
vt 0.486322 0.767029
vt 0.941793 0.541244
vt 0.576731 0.185510
vt 0.028482 0.441020
vt 0.477869 0.749283
vt 0.104845 0.753095
vt 0.240232 0.864328
vt 0.395222 0.935837
vt 0.397716 0.933621
vt 0.486195 0.770858
vt 0.726280 0.646160
vt 0.418810 0.508642
vt 0.396651 0.496450
vt 0.409815 0.487762
vt 0.092742 0.606993
vt 0.416925 0.466804
vt 0.411449 0.469146
vt 0.417497 0.463914
vt 0.417834 0.470320
vt 0.408729 0.480895
vt 0.409893 0.475962
vt 0.748343 0.136383
vt 0.408047 0.526277
vt 0.406811 0.514950
vt 0.419114 0.535935
vt 0.234212 0.012323
vt 0.223706 0.008516
vt 0.239269 0.008072
vt 0.093731 0.993585
vt 0.002857 0.520865
vt 0.002857 0.544363
vt 0.000576 0.521944
vt 0.050892 0.454706
vt 0.868984 0.069305
vt 0.864894 0.060532
vt 0.877697 0.060368
vt 0.412211 0.465275
vt 0.417342 0.459484
vt 0.099521 0.765641
vt 0.164078 0.843741
vt 0.488063 0.777440
vt 0.010249 0.314091
vt 0.024335 0.310971
vt 0.477319 0.754983
vt 0.409784 0.915247
vt 0.749398 0.633695
vt 0.934793 0.530534
vt 0.432240 0.131123
vt 0.862797 0.578428
vt 0.872609 0.595832
vt 0.864897 0.624613
vt 0.486084 0.763979
vt 0.168502 0.837245
vt 0.406348 0.922073
vt 0.120389 0.746368
vt 0.071593 0.604920
vt 0.723069 0.692549
vt 0.114926 0.752757
vt 0.945326 0.196465
vt 0.949914 0.197689
vt 0.947383 0.199778
vt 0.954438 0.200895
vt 0.955059 0.198548
vt 0.932084 0.186791
vt 0.942475 0.188698
vt 0.937574 0.200858
vt 0.982096 0.131433
vt 0.987072 0.123395
vt 0.993419 0.124667
vt 0.939531 0.539539
vt 0.577475 0.177658
vt 0.876291 0.578735
vt 0.183261 0.933137
vt 0.719061 0.676645
vt 0.105010 0.760037
vt 0.180409 0.825719
vt 0.081227 0.765038
vt 0.089617 0.774520
vt 0.416059 0.476025
vt 0.092394 0.604732
vt 0.400064 0.468323
vt 0.095738 0.768822
vt 0.407558 0.910784
vt 0.990908 0.131258
vt 0.013448 0.318227
vt 0.024304 0.315988
vt 0.642907 0.697313
vt 0.633997 0.691368
vt 0.991515 0.707364
vt 0.997353 0.710087
vt 0.988425 0.710487
vt 0.074478 0.654940
vt 0.037940 0.455391
vt 0.860795 0.067246
vt 0.107279 0.763481
vt 0.177098 0.826021
vt 0.952384 0.196012
vt 0.405930 0.531725
vt 0.402618 0.527419
vt 0.753645 0.899472
vt 0.634409 0.697675
vt 0.574013 0.182484
vt 0.028139 0.452605
vt 0.179852 0.915808
vt 0.157876 0.840798
vt 0.087374 0.777360
vt 0.397214 0.928757
vt 0.474997 0.766797
vt 0.126092 0.748965
vt 0.954377 0.192793
vt 0.894295 0.066358
vt 0.996588 0.708010
vt 0.098928 0.774492
vt 0.121254 0.760848
vt 0.104612 0.775279
vt 0.394290 0.927419
vt 0.957729 0.197507
vt 0.937927 0.178642
vt 0.403864 0.465151
vt 0.410559 0.455547
vt 0.470345 0.758485
vt 0.400252 0.917488
vt 0.877927 0.074806
vt 0.794096 0.709662
vt 0.794877 0.717944
vt 0.789297 0.715085
vt 0.164578 0.832330
vt 0.181113 0.816421
vt 0.632192 0.278797
vt 0.622201 0.257763
vt 0.634120 0.257558
vt 0.396367 0.475052
vt 0.476427 0.771467
vt 0.110769 0.768470
vt 0.392734 0.937550
vt 0.384435 0.935373
vt 0.157541 0.836057
vt 0.831216 0.229109
vt 0.821691 0.212522
vt 0.835654 0.228543
vt 0.244661 0.014066
vt 0.236110 0.014488
vt 0.100377 0.602450
vt 0.625228 0.699709
vt 0.635332 0.706253
vt 0.477491 0.780573
vt 0.479037 0.777000
vt 0.390066 0.930806
vt 0.405148 0.905557
vt 0.950070 0.188090
vt 0.997306 0.123104
vt 0.717103 0.625697
vt 0.947899 0.524492
vt 0.623761 0.706472
vt 0.632625 0.316749
vt 0.633526 0.321261
vt 0.626422 0.317188
vt 0.709309 0.678524
vt 0.400630 0.484089
vt 0.954721 0.188605
vt 0.782825 0.721870
vt 0.779786 0.722144
vt 0.781651 0.711465
vt 0.388563 0.490600
vt 0.829100 0.236478
vt 0.810874 0.209903
vt 0.786483 0.991155
vt 0.757902 0.991155
vt 0.765003 0.987756
vt 0.645440 0.711708
vt 0.892897 0.074790
vt 0.159492 0.831532
vt 0.165547 0.826529
vt 0.192658 0.817891
vt 0.958905 0.194727
vt 0.123003 0.765078
vt 0.130316 0.762130
vt 0.399572 0.907365
vt 0.110120 0.774031
vt 0.476721 0.783603
vt 0.391473 0.927351
vt 0.397443 0.917767
vt 0.184820 0.808385
vt 0.040026 0.017454
vt 0.029615 0.007994
vt 0.030306 0.003635
vt 0.163527 0.930667
vt 0.178046 0.816924
vt 0.719398 0.590876
vt 0.924825 0.263261
vt 0.908290 0.251149
vt 0.912307 0.243510
vt 0.631518 0.311816
vt 0.662800 0.710514
vt 0.394775 0.450387
vt 0.390861 0.462008
vt 0.794160 0.725907
vt 0.788282 0.723577
vt 0.786392 0.715158
vt 0.176131 0.819917
vt 0.117963 0.772265
vt 0.395410 0.914710
vt 0.398805 0.532788
vt 0.392928 0.530589
vt 0.823304 0.205094
vt 0.835328 0.212950
vt 0.388216 0.928294
vt 0.135789 0.767529
vt 0.956139 0.183656
vt 0.034086 0.305488
vt 0.677279 0.699526
vt 0.621603 0.276660
vt 0.786869 0.725792
vt 0.473302 0.776641
vt 0.132564 0.775320
vt 0.953288 0.182000
vt 0.383555 0.931170
vt 0.163683 0.688864
vt 0.162673 0.692658
vt 0.152812 0.688873
vt 0.386784 0.920368
vt 0.172333 0.818853
vt 0.114901 0.776405
vt 0.392176 0.540592
vt 0.636129 0.715997
vt 0.796564 0.730175
vt 0.796775 0.717387
vt 0.385250 0.465482
vt 0.474139 0.780961
vt 0.090636 0.790985
vt 0.388981 0.535782
vt 0.386686 0.524724
vt 0.811521 0.232336
vt 0.806321 0.214355
vt 0.107023 0.779680
vt 0.086130 0.790240
vt 0.159131 0.700992
vt 0.152740 0.699172
vt 0.155883 0.697621
vt 0.608024 0.464028
vt 0.607545 0.471488
vt 0.600030 0.473508
vt 0.153747 0.830949
vt 0.157125 0.695397
vt 0.162079 0.698503
vt 0.581388 0.486372
vt 0.583735 0.473196
vt 0.944787 0.179286
vt 0.631941 0.722151
vt 0.112881 0.780935
vt 0.083742 0.780947
vt 0.381774 0.482219
vt 0.390242 0.950845
vt 0.426137 0.956331
vt 0.396055 0.956224
vt 0.373288 0.975195
vt 0.386774 0.980104
vt 0.354765 0.976831
vt 0.470359 0.815391
vt 0.494437 0.821947
vt 0.448492 0.815512
vt 0.520386 0.666916
vt 0.566208 0.665084
vt 0.545109 0.669394
vt 0.631743 0.291345
vt 0.618034 0.465506
vt 0.616928 0.475521
vt 0.365854 0.980175
vt 0.622944 0.722801
vt 0.082257 0.789163
vt 0.158888 0.824390
vt 0.178569 0.812987
vt 0.156605 0.703044
vt 0.399745 0.086135
vt 0.404212 0.085615
vt 0.407205 0.089841
vt 0.621373 0.457453
vt 0.632102 0.449313
vt 0.624573 0.465132
vt 0.600643 0.479356
vt 0.959009 0.179525
vt 0.379222 0.512377
vt 0.789105 0.731322
vt 0.788219 0.734647
vt 0.784308 0.730532
vt 0.149226 0.683825
vt 0.652120 0.434414
vt 0.654188 0.428242
vt 0.662530 0.424294
vt 0.118020 0.779547
vt 0.741267 0.898315
vt 0.667918 0.414401
vt 0.671116 0.420203
vt 0.666103 0.419619
vt 0.174895 0.812141
vt 0.397839 0.107895
vt 0.400721 0.106292
vt 0.406935 0.111169
vt 0.105978 0.784742
vt 0.995940 0.052443
vt 0.990092 0.054343
vt 0.988856 0.045706
vt 0.497220 0.999897
vt 0.471392 0.999897
vt 0.490766 0.996671
vt 0.389459 0.947163
vt 0.677548 0.721038
vt 0.865669 0.080380
vt 0.386038 0.473943
vt 0.145639 0.691656
vt 0.664750 0.424541
vt 0.405175 0.092335
vt 0.672772 0.414726
vt 0.680288 0.411578
vt 0.682531 0.420203
vt 0.156634 0.678423
vt 0.950929 0.178933
vt 0.955047 0.178243
vt 0.387708 0.533801
vt 0.400983 0.944601
vt 0.397905 0.095414
vt 0.410941 0.096822
vt 0.149243 0.695431
vt 0.384259 0.542662
vt 0.781321 0.731677
vt 0.594956 0.488844
vt 0.375393 0.497151
vt 0.659048 0.346374
vt 0.638956 0.348770
vt 0.617376 0.342988
vt 0.916626 0.782444
vt 0.922182 0.779107
vt 0.914384 0.798810
vt 0.400461 0.117485
vt 0.410124 0.115057
vt 0.403446 0.120099
vt 0.656839 0.423342
vt 0.606138 0.482639
vt 0.385684 0.535250
vt 0.775123 0.732752
vt 0.776114 0.720782
vt 0.805606 0.242111
vt 0.804856 0.215669
vt 0.415535 0.117439
vt 0.962155 0.176585
vt 0.950618 0.175362
vt 0.108619 0.601707
vt 0.102098 0.562764
vt 0.108789 0.558079
vt 0.620291 0.313470
vt 0.666262 0.414578
vt 0.140787 0.688080
vt 0.142513 0.699395
vt 0.401719 0.130909
vt 0.859573 0.362179
vt 0.854564 0.390586
vt 0.853561 0.360018
vt 0.874398 0.499382
vt 0.870578 0.509877
vt 0.869963 0.461677
vt 0.500415 0.814149
vt 0.504917 0.817926
vt 0.102867 0.593429
vt 0.107849 0.628414
vt 0.102058 0.631757
vt 0.626076 0.477048
vt 0.422289 0.087225
vt 0.600177 0.492577
vt 0.960185 0.173798
vt 0.586319 0.494375
vt 0.379729 0.466140
vt 0.143463 0.696750
vt 0.143412 0.684866
vt 0.414237 0.107082
vt 0.414625 0.127169
vt 0.380439 0.538434
vt 0.379384 0.545199
vt 0.593642 0.350043
vt 0.647392 0.352735
vt 0.614286 0.354903
vt 0.903982 0.241230
vt 0.932600 0.781250
vt 0.589472 0.668239
vt 0.622861 0.303813
vt 0.794556 0.736011
vt 0.408054 0.081450
vt 0.617348 0.485894
vt 0.654521 0.422731
vt 0.659625 0.414527
vt 0.412566 0.093816
vt 0.417649 0.090527
vt 0.146714 0.674539
vt 0.779676 0.735887
vt 0.925044 0.174932
vt 0.611324 0.319313
vt 0.637117 0.725954
vt 0.624881 0.323063
vt 0.663783 0.413255
vt 0.683624 0.411273
vt 0.677684 0.399489
vt 0.137511 0.691795
vt 0.883748 0.179965
vt 0.871919 0.149313
vt 0.877904 0.147564
vt 0.867142 0.506779
vt 0.668692 0.407987
vt 0.593036 0.346961
vt 0.875313 0.168094
vt 0.610716 0.292231
vt 0.378854 0.530362
vt 0.901198 0.269139
vt 0.885867 0.237972
vt 0.867686 0.166858
vt 0.865751 0.146948
vt 0.029846 0.011688
vt 0.276647 0.176703
vt 0.309220 0.200750
vt 0.309158 0.203167
vt 0.616026 0.312056
vt 0.648999 0.726142
vt 0.664981 0.407260
vt 0.624760 0.488393
vt 0.415631 0.110272
vt 0.631820 0.473156
vt 0.673684 0.399426
vt 0.601753 0.503755
vt 0.466869 0.241028
vt 0.468505 0.239269
vt 0.468925 0.246525
vt 0.475974 0.240728
vt 0.764994 0.741437
vt 0.763410 0.731052
vt 0.887623 0.253460
vt 0.850570 0.383255
vt 0.609859 0.261225
vt 0.680247 0.398334
vt 0.660335 0.408879
vt 0.810377 0.059937
vt 0.807589 0.058403
vt 0.811925 0.050669
vt 0.657714 0.732482
vt 0.603980 0.281670
vt 0.417522 0.114023
vt 0.420600 0.094925
vt 0.808618 0.044473
vt 0.653427 0.409165
vt 0.781599 0.736745
vt 0.813559 0.071368
vt 0.805059 0.064888
vt 0.807406 0.189963
vt 0.661657 0.404904
vt 0.152859 0.673104
vt 0.144991 0.670298
vt 0.803488 0.048460
vt 0.804822 0.055682
vt 0.136190 0.693874
vt 0.615013 0.503081
vt 0.664194 0.402482
vt 0.424218 0.097754
vt 0.458421 0.246368
vt 0.462760 0.242165
vt 0.632443 0.486807
vt 0.425302 0.090468
vt 0.453564 0.245254
vt 0.805332 0.060620
vt 0.772933 0.742761
vt 0.615182 0.303764
vt 0.521454 0.246815
vt 0.520046 0.236333
vt 0.526211 0.236282
vt 0.618992 0.731985
vt 0.616223 0.727269
vt 0.790324 0.741386
vt 0.801407 0.055185
vt 0.801144 0.048017
vt 0.426947 0.109686
vt 0.135989 0.678852
vt 0.863996 0.385326
vt 0.860171 0.409349
vt 0.103105 0.656693
vt 0.518397 0.241667
vt 0.511143 0.238404
vt 0.517352 0.234116
vt 0.630796 0.489542
vt 0.621376 0.503742
vt 0.459666 0.240523
vt 0.797501 0.056565
vt 0.506155 0.981050
vt 0.513343 0.975984
vt 0.538051 0.975984
vt 0.930132 0.355152
vt 0.932114 0.355790
vt 0.930402 0.366482
vt 0.894160 0.084471
vt 0.882651 0.086154
vt 0.608623 0.303607
vt 0.653924 0.405799
vt 0.451891 0.244046
vt 0.423941 0.125292
vt 0.797505 0.052108
vt 0.458207 0.236750
vt 0.777985 0.744543
vt 0.103672 0.536596
vt 0.927052 0.372551
vt 0.939312 0.365633
vt 0.424066 0.111845
vt 0.423450 0.093688
vt 0.781644 0.743613
vt 0.800449 0.073961
vt 0.940522 0.172533
vt 0.936430 0.156061
vt 0.943326 0.167098
vt 0.943505 0.163182
vt 0.941697 0.152730
vt 0.949817 0.166939
vt 0.509775 0.243186
vt 0.502677 0.231458
vt 0.503309 0.240383
vt 0.631699 0.498709
vt 0.798937 0.048676
vt 0.133672 0.695426
vt 0.629413 0.520280
vt 0.424276 0.115605
vt 0.873385 0.090667
vt 0.788705 0.742239
vt 0.652050 0.403016
vt 0.656493 0.400118
vt 0.662098 0.393789
vt 0.134835 0.668564
vt 0.494674 0.858376
vt 0.496081 0.876730
vt 0.491490 0.878475
vt 0.851802 0.409477
vt 0.858773 0.139309
vt 0.046745 0.540754
vt 0.065046 0.533299
vt 0.097934 0.533299
vt 0.659275 0.396370
vt 0.133269 0.683726
vt 0.130588 0.686913
vt 0.466723 0.228638
vt 0.457303 0.232958
vt 0.497056 0.222842
vt 0.496003 0.247453
vt 0.488661 0.240105
vt 0.318742 0.238206
vt 0.312340 0.204124
vt 0.070807 0.543700
vt 0.606228 0.306655
vt 0.934483 0.353171
vt 0.785687 0.748329
vt 0.427177 0.091940
vt 0.447759 0.237861
vt 0.885925 0.227768
vt 0.891919 0.221195
vt 0.889975 0.226748
vt 0.672829 0.391093
vt 0.795589 0.044386
vt 0.334783 0.949448
vt 0.319514 0.947643
vt 0.334472 0.946502
vt 0.915720 0.757345
vt 0.945913 0.150951
vt 0.796301 0.745374
vt 0.145121 0.668001
vt 0.429016 0.087569
vt 0.477226 0.219418
vt 0.933849 0.157796
vt 0.538965 0.983310
vt 0.057684 0.716277
vt 0.055538 0.714601
vt 0.055862 0.699381
vt 0.894477 0.091454
vt 0.674985 0.391024
vt 0.422237 0.084476
vt 0.136333 0.664828
vt 0.110809 0.089482
vt 0.121358 0.096181
vt 0.122113 0.102055
vt 0.114907 0.098642
vt 0.443476 0.092869
vt 0.100292 0.122387
vt 0.793839 0.054228
vt 0.717366 0.574966
vt 0.689083 0.557992
vt 0.690950 0.556132
vt 0.887667 0.196856
vt 0.906221 0.215443
vt 0.910102 0.199797
vt 0.457290 0.230408
vt 0.861445 0.133361
vt 0.885767 0.144825
vt 0.886859 0.148913
vt 0.052380 0.713751
vt 0.050921 0.700127
vt 0.604355 0.314225
vt 0.939591 0.379038
vt 0.936460 0.384428
vt 0.942840 0.385095
vt 0.431398 0.087415
vt 0.447472 0.235153
vt 0.433292 0.119352
vt 0.789472 0.062326
vt 0.332558 0.952992
vt 0.079844 0.709654
vt 0.060578 0.720302
vt 0.942243 0.354715
vt 0.908385 0.188390
vt 0.516704 0.226142
vt 0.656752 0.393991
vt 0.791398 0.043743
vt 0.125228 0.672999
vt 0.685292 0.559331
vt 0.888814 0.178360
vt 0.889856 0.151351
vt 0.892143 0.153981
vt 0.894266 0.226615
vt 0.124632 0.095761
vt 0.132656 0.664219
vt 0.670679 0.380194
vt 0.066593 0.724575
vt 0.947026 0.364659
vt 0.601753 0.264009
vt 0.795136 0.751124
vt 0.662722 0.577245
vt 0.680729 0.559005
vt 0.664041 0.579607
vt 0.885234 0.140811
vt 0.939175 0.352278
vt 0.510216 0.225209
vt 0.123045 0.699779
vt 0.775074 0.756385
vt 0.320141 0.944198
vt 0.327619 0.955794
vt 0.318841 0.952894
vt 0.319362 0.957472
vt 0.788773 0.750680
vt 0.651344 0.382770
vt 0.154735 0.103996
vt 0.446060 0.223065
vt 0.503115 0.226058
vt 0.782108 0.751579
vt 0.483773 0.867107
vt 0.485095 0.881100
vt 0.049086 0.711013
vt 0.881254 0.090970
vt 0.603552 0.306796
vt 0.944363 0.351719
vt 0.517900 0.226687
vt 0.889886 0.140805
vt 0.891068 0.142508
vt 0.479265 0.887037
vt 0.482687 0.882615
vt 0.486160 0.884506
vt 0.679136 0.555417
vt 0.683927 0.554852
vt 0.317548 0.945092
vt 0.686140 0.553579
vt 0.316635 0.947995
vt 0.491025 0.883855
vt 0.315711 0.953003
vt 0.893372 0.147710
vt 0.688922 0.554888
vt 0.496390 0.880752
vt 0.928978 0.157992
vt 0.935069 0.152217
vt 0.897614 0.150941
vt 0.316992 0.960188
vt 0.500085 0.878160
vt 0.898889 0.155788
vt 0.046127 0.711741
vt 0.315948 0.201660
vt 0.315536 0.197964
vt 0.072370 0.730579
vt 0.064855 0.730125
vt 0.052251 0.719485
vt 0.058405 0.724838
vt 0.939113 0.150113
vt 0.945888 0.147842
vt 0.601480 0.295206
vt 0.782296 0.049163
vt 0.928978 0.153742
vt 0.604883 0.304902
vt 0.123621 0.651051
vt 0.455508 0.214455
vt 0.043081 0.720519
vt 0.901323 0.226911
vt 0.790926 0.754044
vt 0.762602 0.755005
vt 0.752546 0.748729
vt 0.676856 0.530956
vt 0.302923 0.949242
vt 0.510970 0.905128
vt 0.298861 0.955037
vt 0.947289 0.353442
vt 0.949516 0.360993
vt 0.893591 0.094805
vt 0.602005 0.304544
vt 0.521606 0.221988
vt 0.509354 0.217593
vt 0.445706 0.111526
vt 0.904616 0.133067
vt 0.614486 0.323340
vt 0.607140 0.325182
vt 0.486885 0.897333
vt 0.345084 0.983810
vt 0.351438 0.970117
vt 0.352400 0.983795
vt 0.912935 0.140717
vt 0.880593 0.094544
vt 0.795972 0.754046
vt 0.678666 0.525247
vt 0.300585 0.961645
vt 0.923417 0.137109
vt 0.068643 0.747883
vt 0.938720 0.137789
vt 0.947595 0.350791
vt 0.870325 0.094719
vt 0.866290 0.091904
vt 0.478770 0.901808
vt 0.300212 0.943701
vt 0.344988 0.966739
vt 0.920381 0.142465
vt 0.051494 0.743665
vt 0.599186 0.277263
vt 0.597787 0.263762
vt 0.600524 0.306030
vt 0.597297 0.289544
vt 0.962786 0.379348
vt 0.950179 0.386343
vt 0.067884 0.835719
vt 0.058936 0.858961
vt 0.057297 0.855901
vt 0.931163 0.138344
vt 0.598826 0.329495
vt 0.789689 0.756731
vt 0.045258 0.737880
vt 0.597901 0.308348
vt 0.952079 0.354042
vt 0.916919 0.195927
vt 0.915163 0.217489
vt 0.787837 0.759350
vt 0.109324 0.692441
vt 0.778217 0.068620
vt 0.055937 0.751331
vt 0.951705 0.144519
vt 0.944443 0.130907
vt 0.037861 0.735469
vt 0.904271 0.227935
vt 0.506199 0.215768
vt 0.447934 0.123970
vt 0.473802 0.896928
vt 0.681750 0.523385
vt 0.064948 0.860746
vt 0.960168 0.363620
vt 0.889477 0.098103
vt 0.880675 0.097455
vt 0.107528 0.667710
vt 0.511126 0.880072
vt 0.515891 0.893809
vt 0.595914 0.275256
vt 0.953025 0.351342
vt 0.909367 0.230353
vt 0.484985 0.206357
vt 0.462039 0.893847
vt 0.467473 0.904842
vt 0.963653 0.361369
vt 0.872337 0.096768
vt 0.595977 0.305477
vt 0.519013 0.217852
vt 0.949681 0.128105
vt 0.593015 0.259433
vt 0.594213 0.284237
vt 0.512528 0.214361
vt 0.785680 0.762314
vt 0.504897 0.910705
vt 0.514634 0.902168
vt 0.964239 0.371851
vt 0.961592 0.354075
vt 0.593781 0.304590
vt 0.955396 0.386370
vt 0.797724 0.760474
vt 0.651487 0.368430
vt 0.095106 0.876498
vt 0.063641 0.885694
vt 0.076151 0.871933
vt 0.937618 0.855904
vt 0.934053 0.858666
vt 0.931289 0.844199
vt 0.627256 0.191163
vt 0.629615 0.197767
vt 0.609866 0.192706
vt 0.767118 0.058767
vt 0.883323 0.100421
vt 0.893497 0.100952
vt 0.590367 0.265966
vt 0.590796 0.279388
vt 0.592471 0.292932
vt 0.936992 0.834168
vt 0.956148 0.350265
vt 0.912311 0.231210
vt 0.795436 0.765476
vt 0.790758 0.761521
vt 0.464839 0.082553
vt 0.460112 0.098673
vt 0.773776 0.044769
vt 0.825772 0.993461
vt 0.800515 0.993461
vt 0.818998 0.972699
vt 0.594477 0.316462
vt 0.964242 0.383168
vt 0.534504 0.428350
vt 0.516982 0.427287
vt 0.526709 0.422343
vt 0.763896 0.764740
vt 0.078811 0.887484
vt 0.352413 0.952433
vt 0.873854 0.099733
vt 0.927894 0.860122
vt 0.589612 0.291041
vt 0.594961 0.307025
vt 0.471695 0.911610
vt 0.925551 0.845078
vt 0.525427 0.214926
vt 0.445834 0.206201
vt 0.462757 0.206909
vt 0.109467 0.217452
vt 0.128152 0.224527
vt 0.121108 0.254304
vt 0.933104 0.826713
vt 0.124969 0.451213
vt 0.140567 0.459849
vt 0.139039 0.463649
vt 0.916678 0.232895
vt 0.166841 0.232263
vt 0.159050 0.220303
vt 0.167258 0.218499
vt 0.148520 0.242593
vt 0.138764 0.238059
vt 0.140490 0.224158
vt 0.798119 0.713067
vt 0.802445 0.703792
vt 0.817626 0.710344
vt 0.579369 0.132319
vt 0.584927 0.107206
vt 0.589394 0.124947
vt 0.961459 0.351240
vt 0.935744 0.820114
vt 0.638034 0.184590
vt 0.508145 0.290212
vt 0.486981 0.314278
vt 0.489556 0.292357
vt 0.401564 0.012031
vt 0.385096 0.012031
vt 0.393058 0.003663
vt 0.142701 0.456505
vt 0.142535 0.459236
vt 0.563314 0.121082
vt 0.569302 0.109420
vt 0.569350 0.128738
vt 0.152290 0.233274
vt 0.780771 0.768514
vt 0.593796 0.103614
vt 0.597766 0.127771
vt 0.533056 0.434818
vt 0.525514 0.442844
vt 0.520895 0.435928
vt 0.524462 0.432810
vt 0.128999 0.556143
vt 0.108554 0.540192
vt 0.140741 0.538125
vt 0.508717 0.329385
vt 0.519833 0.315270
vt 0.518549 0.321943
vt 0.043756 0.749510
vt 0.875266 0.107361
vt 0.120102 0.456498
vt 0.592479 0.309386
vt 0.141700 0.465339
vt 0.070743 0.198795
vt 0.068597 0.207328
vt 0.059334 0.201143
vt 0.600725 0.201999
vt 0.594739 0.195157
vt 0.505436 0.318375
vt 0.884054 0.106701
vt 0.964561 0.363956
vt 0.181258 0.202146
vt 0.175918 0.198877
vt 0.188228 0.195364
vt 0.607308 0.254697
vt 0.598328 0.254327
vt 0.605274 0.242788
vt 0.597291 0.523878
vt 0.599126 0.522668
vt 0.599737 0.526723
vt 0.516221 0.397368
vt 0.511101 0.418178
vt 0.497353 0.403733
vt 0.585596 0.273752
vt 0.126751 0.469874
vt 0.092992 0.180688
vt 0.086910 0.200628
vt 0.084940 0.194123
vt 0.495559 0.319065
vt 0.807483 0.717814
vt 0.825430 0.090464
vt 0.827449 0.099774
vt 0.817188 0.097213
vt 0.608307 0.524030
vt 0.625888 0.519869
vt 0.614664 0.533475
vt 0.146643 0.217115
vt 0.606825 0.129399
vt 0.611149 0.107429
vt 0.612055 0.135123
vt 0.577113 0.101260
vt 0.815408 0.085427
vt 0.597796 0.531140
vt 0.591671 0.523548
vt 0.142137 0.469815
vt 0.525290 0.466328
vt 0.520069 0.454673
vt 0.533130 0.458362
vt 0.533272 0.451136
vt 0.978286 0.375937
vt 0.987105 0.392924
vt 0.985651 0.398893
vt 0.331537 0.628503
vt 0.356773 0.626548
vt 0.345241 0.655484
vt 0.239269 0.508169
vt 0.248774 0.493858
vt 0.253997 0.503048
vt 0.713444 0.291679
vt 0.700807 0.289266
vt 0.701257 0.274081
vt 0.717864 0.263816
vt 0.701714 0.246817
vt 0.026057 0.138249
vt 0.008069 0.139082
vt 0.014484 0.123954
vt 0.493842 0.602558
vt 0.496997 0.623537
vt 0.479551 0.614537
vt 0.025364 0.717323
vt 0.047907 0.698012
vt 0.040312 0.718369
vt 0.256273 0.494232
vt 0.023206 0.715820
vt 0.814666 0.692510
vt 0.816619 0.701975
vt 0.796632 0.692298
vt 0.469976 0.277976
vt 0.453669 0.273082
vt 0.488571 0.259545
vt 0.625351 0.255332
vt 0.627296 0.244997
vt 0.642633 0.245586
vt 0.614147 0.248079
vt 0.519319 0.477702
vt 0.513526 0.458394
vt 0.518831 0.448653
vt 0.243655 0.507989
vt 0.253274 0.504514
vt 0.025211 0.133077
vt 0.885763 0.037848
vt 0.893435 0.045791
vt 0.879890 0.035880
vt 0.697391 0.312281
vt 0.485908 0.597052
vt 0.346499 0.607145
vt 0.695749 0.289386
vt 0.955241 0.919845
vt 0.946725 0.907350
vt 0.966343 0.921795
vt 0.695574 0.263053
vt 0.479533 0.624184
vt 0.230637 0.486701
vt 0.251220 0.489611
vt 0.838439 0.107785
vt 0.842558 0.102779
vt 0.517680 0.482864
vt 0.507818 0.472016
vt 0.156752 0.211831
vt 0.719837 0.901749
vt 0.688119 0.896156
vt 0.721142 0.894229
vt 0.333917 0.648363
vt 0.692354 0.990127
vt 0.687552 0.984550
vt 0.686756 0.975944
vt 0.968418 0.373354
vt 0.968002 0.370779
vt 0.008748 0.115749
vt 0.466945 0.593241
vt 0.263672 0.502016
vt 0.359950 0.622215
vt 0.259491 0.490368
vt 0.036013 0.759175
vt 0.051426 0.753028
vt 0.066488 0.755684
vt 0.514406 0.304461
vt 0.467288 0.256719
vt 0.639163 0.197962
vt 0.630230 0.205496
vt 0.614531 0.207339
vt 0.697733 0.973619
vt 0.892162 0.036884
vt 0.463376 0.613689
vt 0.358545 0.607613
vt 0.367685 0.620421
vt 0.609381 0.976183
vt 0.605802 0.979187
vt 0.576004 0.977950
vt 0.948313 0.901513
vt 0.803347 0.082420
vt 0.102032 0.462345
vt 0.148842 0.462608
vt 0.160022 0.202609
vt 0.318978 0.630204
vt 0.259611 0.509231
vt 0.018956 0.112512
vt 0.029695 0.123086
vt 0.269456 0.494161
vt 0.300668 0.418646
vt 0.300505 0.414496
vt 0.304315 0.415379
vt 0.323503 0.614930
vt 0.299404 0.148133
vt 0.299590 0.142233
vt 0.301970 0.143639
vt 0.299569 0.412840
vt 0.303738 0.411621
vt 0.297648 0.144402
vt 0.305653 0.412770
vt 0.976599 0.920083
vt 0.059016 0.759969
vt 0.509327 0.441873
vt 0.103097 0.527187
vt 0.138072 0.529657
vt 0.739051 0.899081
vt 0.883739 0.036746
vt 0.487056 0.584417
vt 0.275411 0.502256
vt 0.298489 0.408837
vt 0.298993 0.415011
vt 0.299433 0.414695
vt 0.295226 0.149753
vt 0.896598 0.049109
vt 0.888182 0.060817
vt 0.298676 0.141011
vt 0.641031 0.240599
vt 0.113958 0.476878
vt 0.589924 0.532275
vt 0.084060 0.207510
vt 0.102440 0.206883
vt 0.109216 0.202310
vt 0.900094 0.034457
vt 0.911304 0.039566
vt 0.279828 0.496328
vt 0.303584 0.419100
vt 0.334211 0.595691
vt 0.305860 0.418572
vt 0.341388 0.588597
vt 0.892137 0.061915
vt 0.836155 0.112545
vt 0.622772 0.241845
vt 0.807853 0.094987
vt 0.509272 0.429444
vt 0.133197 0.215050
vt 0.322377 0.649341
vt 0.972755 0.409015
vt 0.291160 0.158539
vt 0.298358 0.154404
vt 0.299218 0.151470
vt 0.305495 0.147777
vt 0.304883 0.144655
vt 0.298807 0.419600
vt 0.304050 0.422001
vt 0.299098 0.432102
vt 0.282858 0.164121
vt 0.281864 0.158078
vt 0.304806 0.435294
vt 0.299364 0.438192
vt 0.294735 0.147029
vt 0.454183 0.620892
vt 0.298036 0.140453
vt 0.616857 0.110584
vt 0.619029 0.132210
vt 0.557568 0.123460
vt 0.560823 0.102521
vt 0.826459 0.104905
vt 0.132355 0.475753
vt 0.595502 0.535627
vt 0.595469 0.206906
vt 0.493879 0.425327
vt 0.482706 0.391584
vt 0.699399 0.987949
vt 0.248503 0.513944
vt 0.244862 0.513711
vt 0.885096 0.031753
vt 0.297723 0.414154
vt 0.298201 0.422924
vt 0.307230 0.425831
vt 0.307044 0.419462
vt 0.273925 0.490573
vt 0.835096 0.715050
vt 0.824991 0.730304
vt 0.803306 0.734923
vt 0.799328 0.727305
vt 0.607419 0.544320
vt 0.178065 0.186562
vt 0.166814 0.191562
vt 0.509555 0.453380
vt 0.594454 0.575741
vt 0.612372 0.577631
vt 0.601141 0.581474
vt 0.108917 0.520077
vt 0.135242 0.521393
vt 0.298342 0.431655
vt 0.949900 0.548916
vt 0.932817 0.543508
vt 0.961954 0.544773
vt 0.964833 0.398835
vt 0.311418 0.601319
vt 0.283768 0.151204
vt 0.306682 0.412897
vt 0.364657 0.591225
vt 0.810131 0.122657
vt 0.797579 0.128779
vt 0.806841 0.100915
vt 0.238153 0.477405
vt 0.248944 0.481974
vt 0.057187 0.891598
vt 0.606019 0.103516
vt 0.832341 0.723543
vt 0.619872 0.239249
vt 0.593803 0.239873
vt 0.603435 0.237236
vt 0.146189 0.473850
vt 0.141827 0.476156
vt 0.156077 0.207535
vt 0.071717 0.213891
vt 0.103827 0.212376
vt 0.128459 0.208102
vt 0.703131 0.982823
vt 0.274591 0.509719
vt 0.295745 0.436620
vt 0.901900 0.027103
vt 0.927034 0.551649
vt 0.450155 0.610544
vt 0.326939 0.581795
vt 0.276214 0.156768
vt 0.307636 0.436629
vt 0.910705 0.045584
vt 0.484448 0.653531
vt 0.638166 0.234910
vt 0.504100 0.459192
vt 0.112553 0.201797
vt 0.315865 0.642465
vt 0.313355 0.674558
vt 0.311257 0.673965
vt 0.314429 0.671276
vt 0.702932 0.974461
vt 0.292649 0.162015
vt 0.312572 0.149737
vt 0.295173 0.419518
vt 0.488761 0.574949
vt 0.491847 0.573611
vt 0.472330 0.579897
vt 0.457594 0.578540
vt 0.315192 0.636824
vt 0.118687 0.710375
vt 0.121631 0.714256
vt 0.115390 0.724815
vt 0.954060 0.550674
vt 0.028602 0.116635
vt 0.495846 0.575505
vt 0.485267 0.578092
vt 0.978745 0.015793
vt 0.973676 0.016263
vt 0.974007 0.015431
vt 0.122403 0.728087
vt 0.123160 0.705927
vt 0.990325 0.059527
vt 0.994888 0.060250
vt 0.988927 0.064553
vt 0.985462 0.017716
vt 0.982554 0.013454
vt 0.987877 0.017928
vt 0.982917 0.017382
vt 0.008966 0.678200
vt 0.017402 0.675967
vt 0.013077 0.688673
vt 0.009432 0.081656
vt 0.005984 0.085104
vt 0.001527 0.075133
vt 0.709307 0.982729
vt 0.707640 0.987333
vt 0.990934 0.014511
vt 0.018177 0.694812
vt 0.713205 0.991546
vt 0.974767 0.011850
vt 0.971947 0.013764
vt 0.018668 0.702160
vt 0.018869 0.698267
vt 0.025318 0.701057
vt 0.333766 0.013023
vt 0.323872 0.009527
vt 0.332608 0.007575
vt 0.714996 0.987535
vt 0.027326 0.697248
vt 0.128228 0.713601
vt 0.000515 0.087692
vt 0.130435 0.707209
vt 0.706706 0.970834
vt 0.706262 0.965860
vt 0.985296 0.010513
vt 0.021456 0.677107
vt 0.981146 0.010818
vt 0.941626 0.956883
vt 0.939736 0.959037
vt 0.936059 0.959690
vt 0.126316 0.724960
vt 0.131784 0.715042
vt 0.711271 0.981769
vt 0.707841 0.968687
vt 0.934711 0.982177
vt 0.893493 0.376372
vt 0.885713 0.378051
vt 0.883925 0.372439
vt 0.622185 0.111294
vt 0.502426 0.258881
vt 0.480249 0.282092
vt 0.813749 0.100259
vt 0.626127 0.545837
vt 0.135141 0.480722
vt 0.059484 0.206261
vt 0.629907 0.210765
vt 0.138276 0.211889
vt 0.589229 0.592441
vt 0.934195 0.553603
vt 0.477926 0.580088
vt 0.314086 0.631781
vt 0.256372 0.512478
vt 0.249262 0.514961
vt 0.261589 0.511545
vt 0.947820 0.553562
vt 0.953591 0.554295
vt 0.141144 0.722831
vt 0.131225 0.733124
vt 0.138439 0.723127
vt 0.138293 0.718067
vt 0.135471 0.711524
vt 0.137759 0.712500
vt 0.308595 0.678650
vt 0.306878 0.680729
vt 0.304223 0.677653
vt 0.984359 0.018438
vt 0.014749 0.697280
vt 0.964089 0.560834
vt 0.961173 0.561445
vt 0.312584 0.681859
vt 0.298692 0.681278
vt 0.987557 0.024882
vt 0.012236 0.087454
vt 0.345574 0.014495
vt 0.313955 0.688782
vt 0.982826 0.019434
vt 0.925651 0.954731
vt 0.932645 0.951081
vt 0.931549 0.957824
vt 0.927434 0.963920
vt 0.920749 0.962333
vt 0.916638 0.977173
vt 0.127473 0.730679
vt 0.135126 0.718631
vt 0.935128 0.954982
vt 0.972291 0.011148
vt 0.987200 0.007390
vt 0.988856 0.006506
vt 0.974657 0.009384
vt 0.922055 0.978474
vt 0.928896 0.983201
vt 0.826865 0.111659
vt 0.590867 0.538946
vt 0.156876 0.195177
vt 0.598513 0.212990
vt 0.146208 0.209416
vt 0.104719 0.511635
vt 0.134672 0.512589
vt 0.308621 0.624262
vt 0.269067 0.511636
vt 0.301282 0.157229
vt 0.891550 0.031950
vt 0.713966 0.608697
vt 0.718953 0.611118
vt 0.720567 0.617225
vt 0.713681 0.604319
vt 0.711230 0.603482
vt 0.446208 0.586893
vt 0.300525 0.689362
vt 0.972196 0.017466
vt 0.969341 0.011470
vt 0.719325 0.989760
vt 0.714632 0.980978
vt 0.711103 0.964805
vt 0.984398 0.006572
vt 0.280579 0.479628
vt 0.897163 0.058327
vt 0.312423 0.418220
vt 0.522638 0.310265
vt 0.496882 0.457657
vt 0.642125 0.200392
vt 0.610171 0.214785
vt 0.091364 0.214129
vt 0.283420 0.169625
vt 0.301799 0.658976
vt 0.294665 0.676639
vt 0.293193 0.681248
vt 0.258600 0.515034
vt 0.248184 0.517846
vt 0.931500 0.556954
vt 0.133046 0.736165
vt 0.878637 0.388578
vt 0.868432 0.394171
vt 0.873686 0.385547
vt 0.312938 0.427459
vt 0.951900 0.886737
vt 0.484326 0.286699
vt 0.513981 0.266755
vt 0.613128 0.094214
vt 0.843689 0.698096
vt 0.486312 0.251134
vt 0.835413 0.119090
vt 0.598035 0.235386
vt 0.499119 0.465613
vt 0.487533 0.432196
vt 0.469420 0.426369
vt 0.113191 0.192529
vt 0.127867 0.193619
vt 0.304438 0.613946
vt 0.296101 0.431794
vt 0.287568 0.652392
vt 0.721222 0.614489
vt 0.721823 0.618789
vt 0.467473 0.574824
vt 0.260001 0.475838
vt 0.927021 0.349042
vt 0.927021 0.310105
vt 0.950370 0.326693
vt 0.440591 0.652684
vt 0.552375 0.118203
vt 0.843982 0.706743
vt 0.625185 0.234290
vt 0.617575 0.234838
vt 0.160902 0.188545
vt 0.165420 0.186351
vt 0.500522 0.434686
vt 0.599198 0.568050
vt 0.292095 0.164105
vt 0.301652 0.158753
vt 0.310084 0.154326
vt 0.294968 0.428523
vt 0.292508 0.416292
vt 0.295492 0.436042
vt 0.279186 0.512191
vt 0.293314 0.437897
vt 0.720713 0.631606
vt 0.714621 0.598069
vt 0.941075 0.560891
vt 0.497297 0.564375
vt 0.511534 0.261060
vt 0.119220 0.486174
vt 0.106736 0.479698
vt 0.147205 0.192954
vt 0.071144 0.221166
vt 0.057533 0.223362
vt 0.134057 0.202752
vt 0.299864 0.618821
vt 0.301213 0.616430
vt 0.275744 0.517494
vt 0.286686 0.168163
vt 0.729236 0.613161
vt 0.160903 0.726782
vt 0.162342 0.715385
vt 0.460858 0.574960
vt 0.307886 0.592106
vt 0.518612 0.272581
vt 0.504418 0.249821
vt 0.096726 0.235608
vt 0.094073 0.232416
vt 0.103524 0.233576
vt 0.617435 0.552315
vt 0.585962 0.543499
vt 0.144315 0.478153
vt 0.497974 0.447421
vt 0.273078 0.527024
vt 0.286658 0.435416
vt 0.977748 0.886444
vt 0.606025 0.232831
vt 0.630543 0.220332
vt 0.143433 0.526342
vt 0.581818 0.568062
vt 0.287186 0.172324
vt 0.279579 0.424936
vt 0.131321 0.744927
vt 0.788726 0.121698
vt 0.866193 0.385791
vt 0.914127 0.058171
vt 0.031917 0.873512
vt 0.040075 0.858764
vt 0.825304 0.115074
vt 0.813664 0.108252
vt 0.810249 0.103975
vt 0.643428 0.208223
vt 0.612666 0.221830
vt 0.142960 0.193156
vt 0.612569 0.570574
vt 0.492066 0.439844
vt 0.431503 0.618818
vt 0.314643 0.439333
vt 0.821079 0.685481
vt 0.845349 0.690694
vt 0.023085 0.551278
vt 0.039574 0.558090
vt 0.025858 0.556399
vt 0.633871 0.230683
vt 0.621783 0.231176
vt 0.107221 0.226605
vt 0.604392 0.549726
vt 0.166255 0.179254
vt 0.491808 0.452789
vt 0.301857 0.167921
vt 0.799039 0.083089
vt 0.068127 0.865382
vt 0.043283 0.887006
vt 0.038750 0.880251
vt 0.828315 0.682438
vt 0.837151 0.124544
vt 0.827654 0.118997
vt 0.608848 0.229505
vt 0.131194 0.488608
vt 0.149071 0.494661
vt 0.596006 0.549761
vt 0.583033 0.547409
vt 0.090086 0.219914
vt 0.140046 0.181223
vt 0.598543 0.560565
vt 0.588904 0.561137
vt 0.879936 0.372992
vt 0.310578 0.407584
vt 0.896313 0.074908
vt 0.590510 0.228926
vt 0.113962 0.489456
vt 0.639905 0.226398
vt 0.631947 0.226257
vt 0.070185 0.226756
vt 0.060199 0.233464
vt 0.087547 0.224788
vt 0.106568 0.217591
vt 0.594328 0.219944
vt 0.135026 0.193356
vt 0.115823 0.178343
vt 0.127975 0.186363
vt 0.296555 0.611659
vt 0.427666 0.608381
vt 0.641237 0.233665
vt 0.063010 0.236182
vt 0.070646 0.231026
vt 0.608668 0.226448
vt 0.141184 0.495379
vt 0.613591 0.563169
vt 0.478193 0.442440
vt 0.438532 0.573991
vt 0.034881 0.876397
vt 0.608547 0.092392
vt 0.839730 0.734517
vt 0.075430 0.232098
vt 0.088469 0.230567
vt 0.094902 0.227286
vt 0.109097 0.501558
vt 0.134619 0.502321
vt 0.456403 0.566158
vt 0.284248 0.626684
vt 0.264484 0.546910
vt 0.161309 0.734645
vt 0.107362 0.221592
vt 0.590600 0.224789
vt 0.133537 0.178261
vt 0.480731 0.453368
vt 0.351816 0.700312
vt 0.350410 0.707149
vt 0.347014 0.702148
vt 0.459473 0.539894
vt 0.463859 0.532204
vt 0.463245 0.536862
vt 0.289030 0.440590
vt 0.018726 0.253107
vt 0.028873 0.267914
vt 0.017731 0.281193
vt 0.459718 0.531899
vt 0.463779 0.530163
vt 0.327753 0.564722
vt 0.526223 0.296292
vt 0.564552 0.093236
vt 0.862619 0.879702
vt 0.849628 0.870970
vt 0.854136 0.867819
vt 0.604473 0.554429
vt 0.614464 0.558611
vt 0.138724 0.498033
vt 0.590310 0.555088
vt 0.113488 0.495161
vt 0.140925 0.505266
vt 0.343121 0.711916
vt 0.458175 0.563733
vt 0.377413 0.578863
vt 0.888132 0.363824
vt 0.169285 0.729328
vt 0.172165 0.722844
vt 0.037198 0.281469
vt 0.029926 0.271527
vt 0.376138 0.197910
vt 0.374784 0.202928
vt 0.372625 0.197448
vt 0.468606 0.532191
vt 0.333421 0.704647
vt 0.341606 0.693140
vt 0.012412 0.533717
vt 0.016292 0.552928
vt 0.586351 0.088999
vt 0.272906 0.630813
vt 0.162673 0.734698
vt 0.331376 0.702289
vt 0.001096 0.419219
vt 0.010870 0.410248
vt 0.016559 0.413970
vt 0.299744 0.657605
vt 0.304490 0.650705
vt 0.298144 0.658283
vt 0.234576 0.896829
vt 0.233098 0.897607
vt 0.233402 0.895212
vt 0.464453 0.524017
vt 0.629087 0.101039
vt 0.575754 0.088516
vt 0.314793 0.646097
vt 0.356399 0.720545
vt 0.463048 0.538485
vt 0.474195 0.545322
vt 0.458880 0.543276
vt 0.466236 0.551178
vt 0.064204 0.585640
vt 0.063416 0.599741
vt 0.055687 0.596783
vt 0.841097 0.720082
vt 0.225315 0.877529
vt 0.475536 0.544522
vt 0.762699 0.085633
vt 0.186329 0.086268
vt 0.169748 0.082555
vt 0.169885 0.076158
vt 0.354736 0.224366
vt 0.347584 0.221223
vt 0.356244 0.211839
vt 0.251523 0.904283
vt 0.263069 0.892422
vt 0.252171 0.905279
vt 0.336532 0.688800
vt 0.319019 0.699488
vt 0.324579 0.672426
vt 0.324967 0.425824
vt 0.872682 0.667806
vt 0.872735 0.658064
vt 0.877876 0.660415
vt 0.168871 0.070767
vt 0.177030 0.061944
vt 0.162340 0.087927
vt 0.180997 0.088046
vt 0.180596 0.094425
vt 0.843456 0.883759
vt 0.844719 0.872040
vt 0.356222 0.231401
vt 0.341126 0.221360
vt 0.364135 0.184976
vt 0.868108 0.347859
vt 0.883817 0.665204
vt 0.004275 0.405458
vt 0.862353 0.865321
vt 0.858932 0.862197
vt 0.240793 0.896605
vt 0.250514 0.894042
vt 0.248016 0.900344
vt 0.352442 0.198163
vt 0.361587 0.209265
vt 0.471776 0.534032
vt 0.339476 0.716117
vt 0.168508 0.084712
vt 0.166282 0.083203
vt 0.429538 0.363570
vt 0.419711 0.379260
vt 0.416706 0.374955
vt 0.242925 0.890273
vt 0.251171 0.649042
vt 0.322512 0.164610
vt 0.319906 0.708919
vt 0.886941 0.665075
vt 0.886360 0.670090
vt 0.884481 0.661493
vt 0.881053 0.659688
vt 0.009405 0.405577
vt 0.888961 0.672663
vt 0.889205 0.668505
vt 0.890492 0.671725
vt 0.166343 0.077536
vt 0.418358 0.384419
vt 0.424288 0.378825
vt 0.184555 0.092951
vt 0.166842 0.068981
vt 0.166654 0.062101
vt 0.848802 0.866446
vt 0.345721 0.210912
vt 0.175929 0.759497
vt 0.316012 0.719074
vt 0.480138 0.526942
vt 0.065031 0.605574
vt 0.062185 0.603811
vt 0.012481 0.408264
vt 0.876858 0.657429
vt 0.058716 0.602578
vt 0.006398 0.401789
vt 0.002975 0.400512
vt 0.054636 0.598445
vt 0.004003 0.396377
vt 0.891171 0.670912
vt 0.012702 0.559466
vt 0.019618 0.555975
vt 0.006054 0.399099
vt 0.164156 0.082617
vt 0.164360 0.079029
vt 0.422087 0.385299
vt 0.427255 0.381966
vt 0.856686 0.860566
vt 0.854367 0.862901
vt 0.165055 0.073451
vt 0.185609 0.099420
vt 0.413913 0.381619
vt 0.165419 0.067395
vt 0.164611 0.062582
vt 0.411932 0.374572
vt 0.844728 0.867496
vt 0.184640 0.089156
vt 0.363925 0.190357
vt 0.989653 0.252216
vt 0.989653 0.278926
vt 0.957380 0.262278
vt 0.289119 0.181641
vt 0.264727 0.892799
vt 0.460414 0.506515
vt 0.489922 0.510922
vt 0.462674 0.521915
vt 0.057577 0.619895
vt 0.200203 0.092737
vt 0.350706 0.191107
vt 0.356619 0.232210
vt 0.340374 0.241055
vt 0.126070 0.757829
vt 0.476958 0.533480
vt 0.486429 0.522060
vt 0.900629 0.649183
vt 0.904461 0.658197
vt 0.872451 0.655568
vt 0.873928 0.640568
vt 0.877656 0.639074
vt 0.337637 0.222197
vt 0.897114 0.635551
vt 0.245566 0.885216
vt 0.245013 0.879795
vt 0.904617 0.636661
vt 0.423719 0.419983
vt 0.841899 0.855125
vt 0.338336 0.240301
vt 0.336750 0.415709
vt 0.300726 0.930747
vt 0.339785 0.929005
vt 0.339785 0.933414
vt 0.026295 0.798717
vt 0.028418 0.798910
vt 0.027817 0.819829
vt 0.988522 0.868959
vt 0.971011 0.877389
vt 0.986163 0.865859
vt 0.827426 0.840126
vt 0.369383 0.352355
vt 0.252953 0.887405
vt 0.254502 0.887742
vt 0.359649 0.186736
vt 0.345268 0.272111
vt 0.338004 0.208238
vt 0.311366 0.193963
vt 0.477217 0.544071
vt 0.481960 0.537529
vt 0.335328 0.448718
vt 0.337174 0.209694
vt 0.324022 0.936125
vt 0.891306 0.630565
vt 0.146859 0.096957
vt 0.139321 0.095837
vt 0.103907 0.970763
vt 0.085704 0.970355
vt 0.088425 0.967659
vt 0.361190 0.185751
vt 0.767436 0.593013
vt 0.743697 0.613219
vt 0.904024 0.651822
vt 0.246266 0.879763
vt 0.305199 0.707269
vt 0.220161 0.893580
vt 0.489603 0.517148
vt 0.878560 0.121723
vt 0.905186 0.093761
vt 0.901023 0.128283
vt 0.983779 0.862106
vt 0.330753 0.219287
vt 0.313212 0.732184
vt 0.926247 0.102570
vt 0.919786 0.136254
vt 0.985888 0.797046
vt 0.995175 0.796104
vt 0.994336 0.797341
vt 0.428159 0.430382
vt 0.223634 0.088838
vt 0.022640 0.491880
vt 0.024314 0.495949
vt 0.023914 0.516256
vt 0.956059 0.879153
vt 0.982702 0.858463
vt 0.343537 0.730383
vt 0.269568 0.446346
vt 0.586248 0.574484
vt 0.582999 0.589963
vt 0.579490 0.600134
vt 0.225875 0.871573
vt 0.454706 0.484879
vt 0.490365 0.500222
vt 0.928102 0.802923
vt 0.932684 0.785822
vt 0.929557 0.827224
vt 0.934576 0.807041
vt 0.133639 0.011747
vt 0.133524 0.008464
vt 0.152400 0.015077
vt 0.323715 0.199285
vt 0.774693 0.487014
vt 0.784967 0.486544
vt 0.785128 0.487563
vt 0.218387 0.893155
vt 0.215410 0.883135
vt 0.022635 0.820864
vt 0.021759 0.798403
vt 0.287630 0.563311
vt 0.911836 0.802823
vt 0.882352 0.787698
vt 0.882352 0.758236
vt 0.301316 0.042193
vt 0.308744 0.044587
vt 0.316596 0.052181
vt 0.254132 0.880126
vt 0.422759 0.357500
vt 0.414347 0.349464
vt 0.412250 0.333763
vt 0.293640 0.442084
vt 0.436362 0.059315
vt 0.417098 0.038332
vt 0.437467 0.021240
vt 0.031466 0.797420
vt 0.034787 0.824561
vt 0.256652 0.876827
vt 0.216368 0.892836
vt 0.324704 0.207162
vt 0.333666 0.178519
vt 0.461696 0.979259
vt 0.441066 0.975621
vt 0.473598 0.975998
vt 0.985942 0.413003
vt 0.985178 0.431751
vt 0.982433 0.431229
vt 0.433066 0.364886
vt 0.427713 0.351760
vt 0.435513 0.355820
vt 0.286804 0.038489
vt 0.283754 0.042796
vt 0.278288 0.041747
vt 0.245814 0.876471
vt 0.485130 0.538193
vt 0.987070 0.449399
vt 0.988099 0.460812
vt 0.985417 0.462370
vt 0.429018 0.346922
vt 0.387181 0.346950
vt 0.404729 0.336434
vt 0.412947 0.350698
vt 0.256700 0.037420
vt 0.256789 0.057284
vt 0.255141 0.038417
vt 0.644658 0.880920
vt 0.653973 0.891874
vt 0.648062 0.888241
vt 0.289051 0.039564
vt 0.285459 0.046598
vt 0.441682 0.367260
vt 0.436999 0.356221
vt 0.649464 0.880991
vt 0.346882 0.430896
vt 0.489546 0.467949
vt 0.057169 0.639471
vt 0.847670 0.769372
vt 0.838218 0.776800
vt 0.845034 0.766631
vt 0.775708 0.481402
vt 0.789083 0.483421
vt 0.017503 0.796995
vt 0.015728 0.825859
vt 0.654189 0.340513
vt 0.631923 0.338673
vt 0.633217 0.336919
vt 0.432032 0.346205
vt 0.653753 0.882378
vt 0.660565 0.887857
vt 0.863407 0.626993
vt 0.085194 0.005835
vt 0.082750 0.008815
vt 0.082733 0.005527
vt 0.285198 0.049542
vt 0.275816 0.054412
vt 0.275999 0.047706
vt 0.997437 0.793635
vt 0.305090 0.053895
vt 0.989779 0.913101
vt 0.991028 0.921079
vt 0.987444 0.923330
vt 0.222602 0.077639
vt 0.226036 0.086094
vt 0.209534 0.086627
vt 0.777291 0.492754
vt 0.793726 0.504085
vt 0.771695 0.495072
vt 0.776938 0.480213
vt 0.013558 0.429191
vt 0.008490 0.431035
vt 0.001155 0.429595
vt 0.630137 0.051306
vt 0.623485 0.044072
vt 0.623812 0.042615
vt 0.012364 0.853199
vt 0.028343 0.843215
vt 0.019064 0.867918
vt 0.791106 0.482170
vt 0.777164 0.479253
vt 0.549724 0.006381
vt 0.569699 0.009903
vt 0.547025 0.010785
vt 0.643043 0.897182
vt 0.656714 0.895772
vt 0.839482 0.768290
vt 0.255938 0.436163
vt 0.265265 0.423455
vt 0.255871 0.058470
vt 0.245411 0.055414
vt 0.135931 0.940862
vt 0.158908 0.965955
vt 0.137903 0.947124
vt 0.587142 0.580348
vt 0.586419 0.603460
vt 0.984942 0.922001
vt 0.985558 0.913679
vt 0.988632 0.426833
vt 0.021502 0.863750
vt 0.667853 0.889695
vt 0.410122 0.321243
vt 0.321503 0.032525
vt 0.331061 0.044920
vt 0.316827 0.041489
vt 0.844463 0.758422
vt 0.212787 0.063039
vt 0.273642 0.054765
vt 0.800144 0.476429
vt 0.808186 0.455654
vt 0.801740 0.476546
vt 0.667993 0.879067
vt 0.835759 0.769825
vt 0.833913 0.769751
vt 0.841455 0.755461
vt 0.441298 0.349797
vt 0.913136 0.759481
vt 0.799012 0.502248
vt 0.290636 0.048896
vt 0.979055 0.916587
vt 0.979806 0.908001
vt 0.983061 0.922216
vt 0.009248 0.920981
vt 0.005616 0.896577
vt 0.009248 0.900278
vt 0.439205 0.338961
vt 0.263932 0.452242
vt 0.152017 0.961197
vt 0.444865 0.051964
vt 0.449565 0.036215
vt 0.447109 0.054726
vt 0.005465 0.909162
vt 0.794383 0.491029
vt 0.556309 0.928251
vt 0.592643 0.928067
vt 0.566492 0.942793
vt 0.983562 0.908965
vt 0.802533 0.486056
vt 0.803605 0.483737
vt 0.447495 0.345289
vt 0.457982 0.353588
vt 0.799729 0.491858
vt 0.626407 0.041838
vt 0.617585 0.036819
vt 0.627626 0.040955
vt 0.286610 0.065992
vt 0.625212 0.335583
vt 0.135306 0.023189
vt 0.117992 0.026186
vt 0.128044 0.022466
vt 0.220200 0.060807
vt 0.207765 0.060075
vt 0.666480 0.901461
vt 0.616210 0.033372
vt 0.449780 0.340711
vt 0.905681 0.661619
vt 0.906753 0.684670
vt 0.898053 0.682576
vt 0.336038 0.053275
vt 0.384552 0.976310
vt 0.409059 0.975643
vt 0.393788 0.977634
vt 0.125253 0.026137
vt 0.277396 0.067678
vt 0.972596 0.733786
vt 0.952496 0.761877
vt 0.958747 0.727452
vt 0.008838 0.831632
vt 0.010184 0.816251
vt 0.010289 0.840934
vt 0.451735 0.036754
vt 0.628800 0.038387
vt 0.446353 0.043248
vt 0.988526 0.445383
vt 0.562512 0.602176
vt 0.576017 0.625135
vt 0.278475 0.081981
vt 0.549395 0.642289
vt 0.506061 0.055238
vt 0.472997 0.066485
vt 0.486347 0.037487
vt 0.613272 0.038626
vt 0.068236 0.968600
vt 0.666628 0.899268
vt 0.446253 0.333174
vt 0.389565 0.314447
vt 0.585873 0.617694
vt 0.987096 0.483902
vt 0.986260 0.447223
vt 0.088042 0.018014
vt 0.592783 0.955209
vt 0.181494 0.938152
vt 0.191855 0.938732
vt 0.196190 0.940379
vt 0.983866 0.446044
vt 0.369385 0.322787
vt 0.639568 0.961058
vt 0.668884 0.951533
vt 0.645600 0.981398
vt 0.609910 0.340002
vt 0.613123 0.337300
vt 0.445660 0.329193
vt 0.346640 0.195986
vt 0.024442 0.485215
vt 0.261571 0.082737
vt 0.017647 0.344129
vt 0.003442 0.341806
vt 0.016637 0.341354
vt 0.073311 0.007975
vt 0.201519 0.059032
vt 0.672982 0.897925
vt 0.803187 0.494372
vt 0.987596 0.935517
vt 0.962901 0.925830
vt 0.985570 0.933627
vt 0.676071 0.898921
vt 0.614732 0.028751
vt 0.019527 0.001862
vt 0.005477 0.005285
vt 0.004995 0.003801
vt 0.161429 0.964273
vt 0.453723 0.039967
vt 0.849102 0.751062
vt 0.194675 0.937767
vt 0.973835 0.768870
vt 0.969167 0.629991
vt 0.970478 0.610820
vt 0.971126 0.627760
vt 0.113570 0.024841
vt 0.008004 0.006366
vt 0.280237 0.081801
vt 0.180572 0.077177
vt 0.179064 0.060884
vt 0.005406 0.918751
vt 0.006855 0.935308
vt 0.006052 0.942946
vt 0.812450 0.498212
vt 0.011176 0.344766
vt 0.851390 0.757272
vt 0.439774 0.319118
vt 0.407555 0.017192
vt 0.569129 0.006638
vt 0.575768 0.006572
vt 0.577026 0.009122
vt 0.163504 0.945560
vt 0.938867 0.758095
vt 0.906034 0.706699
vt 0.345569 0.052025
vt 0.445087 0.030287
vt 0.676642 0.910272
vt 0.610743 0.334992
vt 0.973452 0.618191
vt 0.993370 0.509101
vt 0.994371 0.514349
vt 0.993376 0.525720
vt 0.683132 0.901433
vt 0.366192 0.427221
vt 0.611980 0.332268
vt 0.608866 0.033643
vt 0.018989 0.069583
vt 0.018458 0.084804
vt 0.017791 0.065302
vt 0.679375 0.905211
vt 0.858495 0.753110
vt 0.612928 0.032940
vt 0.962877 0.935238
vt 0.956004 0.924218
vt 0.685954 0.888970
vt 0.586812 0.010449
vt 0.596238 0.012111
vt 0.579937 0.011800
vt 0.808739 0.495689
vt 0.167159 0.954534
vt 0.288267 0.081393
vt 0.006383 0.069088
vt 0.813603 0.497005
vt 0.341942 0.930032
vt 0.381451 0.930032
vt 0.344007 0.942454
vt 0.051979 0.087990
vt 0.058610 0.112738
vt 0.032247 0.102713
vt 0.009831 0.001481
vt 0.019610 0.082582
vt 0.452160 0.327389
vt 0.022693 0.416279
vt 0.022693 0.397046
vt 0.023899 0.384604
vt 0.852925 0.766818
vt 0.402496 0.978257
vt 0.398847 0.687096
vt 0.409713 0.682328
vt 0.402607 0.695600
vt 0.813424 0.490495
vt 0.818222 0.486806
vt 0.592832 0.625667
vt 0.343829 0.054772
vt 0.859864 0.757572
vt 0.070559 0.972018
vt 0.960838 0.306328
vt 0.980642 0.279071
vt 0.988647 0.310434
vt 0.457425 0.332896
vt 0.902557 0.929598
vt 0.928882 0.946904
vt 0.914369 0.956130
vt 0.680687 0.983239
vt 0.202840 0.939315
vt 0.105559 0.029239
vt 0.820950 0.625237
vt 0.810276 0.617935
vt 0.830154 0.613984
vt 0.814321 0.492646
vt 0.786773 0.958829
vt 0.818426 0.958829
vt 0.809478 0.978395
vt 0.807176 0.509525
vt 0.980229 0.904526
vt 0.611450 0.327273
vt 0.601526 0.334400
vt 0.816356 0.624325
vt 0.994859 0.509253
vt 0.809533 0.612477
vt 0.803187 0.610804
vt 0.804207 0.607829
vt 0.431506 0.709772
vt 0.424289 0.711222
vt 0.406003 0.706419
vt 0.157535 0.761190
vt 0.145053 0.804693
vt 0.131963 0.779769
vt 0.598611 0.340629
vt 0.016735 0.088695
vt 0.802525 0.608791
vt 0.246853 0.424450
vt 0.326818 0.307510
vt 0.321327 0.299424
vt 0.324195 0.301895
vt 0.594932 0.338951
vt 0.222980 0.781994
vt 0.235183 0.777149
vt 0.225175 0.787954
vt 0.338372 0.299802
vt 0.602506 0.010736
vt 0.213412 0.788436
vt 0.197636 0.777703
vt 0.210368 0.765197
vt 0.006481 0.375972
vt 0.017696 0.362595
vt 0.019154 0.376907
vt 0.608771 0.037469
vt 0.453527 0.035201
vt 0.452546 0.023766
vt 0.455676 0.034998
vt 0.237792 0.780581
vt 0.341600 0.305797
vt 0.220314 0.784219
vt 0.794070 0.605023
vt 0.795463 0.606439
vt 0.791318 0.615143
vt 0.687020 0.911026
vt 0.818300 0.508529
vt 0.971780 0.594138
vt 0.843236 0.742430
vt 0.849097 0.743429
vt 0.855285 0.750729
vt 0.309974 0.312966
vt 0.813439 0.595484
vt 0.146546 0.158693
vt 0.159225 0.167563
vt 0.143714 0.180263
vt 0.138487 0.167052
vt 0.240344 0.791026
vt 0.960189 0.476571
vt 0.955804 0.467449
vt 0.969780 0.462894
vt 0.058203 0.045034
vt 0.028114 0.034211
vt 0.051474 0.023024
vt 0.175449 0.784888
vt 0.229140 0.797742
vt 0.033413 0.792645
vt 0.058344 0.800105
vt 0.039168 0.822717
vt 0.916500 0.913132
vt 0.906796 0.909600
vt 0.923369 0.912041
vt 0.893146 0.896005
vt 0.921510 0.899137
vt 0.144013 0.154864
vt 0.132839 0.166993
vt 0.146787 0.151808
vt 0.223659 0.796129
vt 0.591734 0.006884
vt 0.957106 0.003683
vt 0.955119 0.000241
vt 0.971315 0.000685
vt 0.243508 0.790419
vt 0.020272 0.364440
vt 0.906790 0.914946
vt 0.906349 0.913400
vt 0.457787 0.019897
vt 0.459931 0.033574
vt 0.237376 0.807142
vt 0.227703 0.800478
vt 0.348255 0.308240
vt 0.347877 0.315601
vt 0.347946 0.299185
vt 0.419130 0.045449
vt 0.396416 0.047391
vt 0.411143 0.037753
vt 0.413920 0.069133
vt 0.812341 0.621761
vt 0.800927 0.617363
vt 0.447350 0.019613
vt 0.727659 0.346154
vt 0.713559 0.338978
vt 0.714279 0.334777
vt 0.857608 0.997197
vt 0.858829 0.995601
vt 0.861959 0.999365
vt 0.726383 0.351634
vt 0.127536 0.162728
vt 0.225013 0.804829
vt 0.126048 0.168611
vt 0.351509 0.312145
vt 0.215045 0.795272
vt 0.211386 0.791587
vt 0.888288 0.859583
vt 0.883974 0.827207
vt 0.894130 0.837780
vt 0.416821 0.977144
vt 0.993194 0.550716
vt 0.993194 0.534130
vt 0.994545 0.535976
vt 0.821341 0.892444
vt 0.836974 0.899726
vt 0.835485 0.899741
vt 0.789747 0.874819
vt 0.804373 0.883899
vt 0.796939 0.882035
vt 0.927316 0.244995
vt 0.930448 0.241092
vt 0.941157 0.245935
vt 0.145822 0.145903
vt 0.133107 0.155527
vt 0.731548 0.350093
vt 0.242978 0.759870
vt 0.267295 0.773906
vt 0.244827 0.765550
vt 0.608919 0.086683
vt 0.620560 0.093053
vt 0.599492 0.086965
vt 0.592495 0.081974
vt 0.585557 0.083534
vt 0.573362 0.075542
vt 0.916678 0.244327
vt 0.943969 0.243919
vt 0.203967 0.942838
vt 0.201628 0.948123
vt 0.187826 0.943138
vt 0.215831 0.782231
vt 0.825358 0.897540
vt 0.807971 0.890360
vt 0.574251 0.079130
vt 0.915203 0.239465
vt 0.817002 0.894262
vt 0.801146 0.888260
vt 0.499458 0.999499
vt 0.504792 0.997558
vt 0.525064 0.998134
vt 0.591482 0.088507
vt 0.830527 0.051489
vt 0.812305 0.044857
vt 0.833444 0.050310
vt 0.832622 0.900626
vt 0.455301 0.773516
vt 0.468359 0.754863
vt 0.457925 0.774365
vt 0.442487 0.778362
vt 0.352379 0.300090
vt 0.409874 0.032955
vt 0.398316 0.035002
vt 0.353453 0.296009
vt 0.813064 0.625203
vt 0.396292 0.693032
vt 0.809765 0.622270
vt 0.399354 0.699121
vt 0.799216 0.942458
vt 0.765767 0.942458
vt 0.775034 0.904526
vt 0.922698 0.870734
vt 0.895359 0.881076
vt 0.010729 0.953618
vt 0.007907 0.957648
vt 0.009376 0.933475
vt 0.250696 0.754143
vt 0.821177 0.045815
vt 0.808061 0.892274
vt 0.432826 0.775187
vt 0.429963 0.775701
vt 0.421326 0.772388
vt 0.929280 0.237948
vt 0.917107 0.238202
vt 0.943238 0.242363
vt 0.158383 0.144521
vt 0.203090 0.784330
vt 0.024755 0.369159
vt 0.018570 0.359728
vt 0.021328 0.361472
vt 0.805873 0.619868
vt 0.425037 0.713431
vt 0.412347 0.713412
vt 0.898722 0.910690
vt 0.121130 0.807226
vt 0.115380 0.790238
vt 0.332326 0.998833
vt 0.305732 0.998833
vt 0.308160 0.997244
vt 0.602754 0.031590
vt 0.715924 0.331849
vt 0.233593 0.726842
vt 0.816746 0.887989
vt 0.803013 0.880223
vt 0.202319 0.951025
vt 0.192475 0.950184
vt 0.169255 0.946042
vt 0.792744 0.881400
vt 0.908293 0.239412
vt 0.857532 0.992449
vt 0.237769 0.947883
vt 0.232629 0.955896
vt 0.237076 0.943610
vt 0.842798 0.999471
vt 0.816938 0.628206
vt 0.395786 0.700270
vt 0.389668 0.690644
vt 0.809634 0.619107
vt 0.404645 0.703353
vt 0.405927 0.704199
vt 0.406957 0.720049
vt 0.878203 0.863984
vt 0.851541 0.853857
vt 0.851929 0.822308
vt 0.872103 0.852670
vt 0.017958 0.750081
vt 0.015882 0.751221
vt 0.016429 0.735318
vt 0.601803 0.032674
vt 0.929664 0.251959
vt 0.788858 0.842468
vt 0.775012 0.835784
vt 0.783404 0.833295
vt 0.915236 0.537919
vt 0.917825 0.531226
vt 0.925248 0.541195
vt 0.168911 0.150770
vt 0.206453 0.792831
vt 0.602235 0.026316
vt 0.912617 0.996674
vt 0.922938 0.998494
vt 0.906881 0.998912
vt 0.607636 0.038190
vt 0.711182 0.325043
vt 0.276216 0.764145
vt 0.931118 0.251436
vt 0.813796 0.901445
vt 0.030129 0.993347
vt 0.038625 0.999296
vt 0.012871 0.998352
vt 0.451787 0.787686
vt 0.684966 0.058799
vt 0.684651 0.040834
vt 0.689150 0.063842
vt 0.235203 0.958172
vt 0.357185 0.303758
vt 0.357103 0.298057
vt 0.385298 0.698478
vt 0.401446 0.707244
vt 0.807784 0.624313
vt 0.433461 0.718184
vt 0.418672 0.724843
vt 0.399777 0.711836
vt 0.967654 0.938773
vt 0.979744 0.942822
vt 0.978724 0.958334
vt 0.833499 0.884202
vt 0.812079 0.873330
vt 0.800648 0.863505
vt 0.872848 0.004132
vt 0.889158 0.009431
vt 0.872490 0.015976
vt 0.607588 0.069457
vt 0.582437 0.068022
vt 0.766168 0.837834
vt 0.776349 0.827510
vt 0.768022 0.827158
vt 0.200598 0.958798
vt 0.792289 0.893318
vt 0.480122 0.794917
vt 0.684729 0.070260
vt 0.675884 0.071247
vt 0.401260 0.023560
vt 0.958032 0.458477
vt 0.878882 0.819380
vt 0.875551 0.852644
vt 0.792957 0.829913
vt 0.784727 0.828803
vt 0.718118 0.327039
vt 0.719671 0.330622
vt 0.728510 0.338558
vt 0.722182 0.329767
vt 0.858612 0.043656
vt 0.687283 0.067364
vt 0.356081 0.321176
vt 0.360656 0.316469
vt 0.857749 0.985326
vt 0.215386 0.806163
vt 0.361426 0.301675
vt 0.209868 0.799799
vt 0.356078 0.292519
vt 0.356496 0.287286
vt 0.791490 0.630247
vt 0.450378 0.020984
vt 0.465348 0.025904
vt 0.462395 0.017587
vt 0.092449 0.029314
vt 0.109721 0.022050
vt 0.091766 0.025836
vt 0.102564 0.021691
vt 0.251442 0.741540
vt 0.944576 0.251464
vt 0.940830 0.252164
vt 0.734210 0.339634
vt 0.771885 0.823322
vt 0.780493 0.820956
vt 0.913358 0.550478
vt 0.364753 0.314092
vt 0.361441 0.295761
vt 0.176904 0.130183
vt 0.196169 0.140366
vt 0.176832 0.152098
vt 0.394864 0.045699
vt 0.396802 0.033928
vt 0.602766 0.668545
vt 0.595855 0.669255
vt 0.606937 0.645455
vt 0.670205 0.060473
vt 0.673173 0.062300
vt 0.669568 0.065005
vt 0.010440 0.100800
vt 0.005522 0.092452
vt 0.009673 0.090279
vt 0.997328 0.535515
vt 0.995806 0.529834
vt 0.996612 0.518923
vt 0.202039 0.788680
vt 0.383339 0.041319
vt 0.004706 0.091536
vt 0.668968 0.068967
vt 0.393265 0.047769
vt 0.006684 0.102018
vt 0.391679 0.051555
vt 0.025417 0.361968
vt 0.955511 0.044223
vt 0.967041 0.029466
vt 0.953971 0.063226
vt 0.742890 0.441825
vt 0.708802 0.427182
vt 0.728283 0.416525
vt 0.601349 0.019317
vt 0.721455 0.311975
vt 0.725711 0.316236
vt 0.618971 0.068594
vt 0.798595 0.822657
vt 0.728263 0.330301
vt 0.279460 0.014677
vt 0.273795 0.009802
vt 0.276615 0.007845
vt 0.181308 0.958153
vt 0.177303 0.959598
vt 0.254395 0.957736
vt 0.611157 0.635414
vt 0.627861 0.662228
vt 0.259529 0.007427
vt 0.261726 0.006672
vt 0.360300 0.289841
vt 0.197113 0.783376
vt 0.379400 0.042365
vt 0.003982 0.092940
vt 0.026378 0.364794
vt 0.024924 0.359888
vt 0.812529 0.628745
vt 0.391405 0.710498
vt 0.403875 0.720763
vt 0.874006 0.823652
vt 0.810063 0.824930
vt 0.714084 0.320639
vt 0.917393 0.572746
vt 0.914098 0.556480
vt 0.927884 0.571024
vt 0.688767 0.074136
vt 0.679663 0.079272
vt 0.687985 0.070323
vt 0.632600 0.649071
vt 0.275210 0.006412
vt 0.956608 0.456245
vt 0.957945 0.454372
vt 0.804246 0.624942
vt 0.880829 0.951388
vt 0.780930 0.610582
vt 0.803592 0.813880
vt 0.255354 0.747932
vt 0.963013 0.959130
vt 0.170842 0.959654
vt 0.418848 0.787729
vt 0.201773 0.961096
vt 0.180783 0.961527
vt 0.612952 0.633997
vt 0.611138 0.631283
vt 0.677149 0.074447
vt 0.739795 0.331729
vt 0.743489 0.345173
vt 0.217405 0.971544
vt 0.199663 0.793037
vt 0.195782 0.791193
vt 0.782658 0.633515
vt 0.861742 0.741094
vt 0.717980 0.308235
vt 0.709715 0.322764
vt 0.710148 0.320149
vt 0.933240 0.254451
vt 0.940494 0.253937
vt 0.009851 0.321814
vt 0.018113 0.320357
vt 0.010738 0.326103
vt 0.700416 0.079832
vt 0.694879 0.083737
vt 0.367683 0.287518
vt 0.589158 0.650147
vt 0.001491 0.093717
vt 0.956672 0.452830
vt 0.808476 0.628679
vt 0.797185 0.625044
vt 0.444412 0.017368
vt 0.730268 0.302680
vt 0.711131 0.306182
vt 0.930991 0.255001
vt 0.943279 0.254986
vt 0.271510 0.752032
vt 0.255786 0.740590
vt 0.260904 0.746139
vt 0.690671 0.067862
vt 0.801985 0.901890
vt 0.195126 0.797184
vt 0.667020 0.065768
vt 0.007103 0.105482
vt 0.818662 0.631799
vt 0.971992 0.447228
vt 0.406632 0.737030
vt 0.393754 0.719377
vt 0.863488 0.744216
vt 0.210751 0.935425
vt 0.719264 0.291328
vt 0.944027 0.257393
vt 0.003466 0.320292
vt 0.285395 0.746217
vt 0.268984 0.743735
vt 0.934694 0.256648
vt 0.778428 0.814246
vt 0.702564 0.325118
vt 0.008001 0.434992
vt 0.014065 0.432196
vt 0.022406 0.453925
vt 0.693564 0.067867
vt 0.377366 0.311401
vt 0.369073 0.292181
vt 0.014693 0.109328
vt 0.664698 0.071863
vt 0.670974 0.074745
vt 0.191083 0.777699
vt 0.391861 0.718867
vt 0.805264 0.628551
vt 0.803977 0.628244
vt 0.045165 0.818112
vt 0.057998 0.802093
vt 0.894413 0.816742
vt 0.979818 0.882663
vt 0.959747 0.884133
vt 0.963928 0.881438
vt 0.794064 0.263032
vt 0.798553 0.255361
vt 0.797682 0.277380
vt 0.803336 0.263601
vt 0.873478 0.396363
vt 0.861333 0.417298
vt 0.866446 0.396886
vt 0.667060 0.776719
vt 0.661472 0.789267
vt 0.657362 0.787660
vt 0.706303 0.320020
vt 0.690212 0.324014
vt 0.738368 0.327670
vt 0.959919 0.327577
vt 0.963615 0.314686
vt 0.967589 0.327046
vt 0.891616 0.739869
vt 0.886415 0.710375
vt 0.893379 0.692695
vt 0.594896 0.627897
vt 0.202794 0.806264
vt 0.372925 0.044779
vt 0.940710 0.450268
vt 0.941673 0.448377
vt 0.379878 0.697942
vt 0.383012 0.707382
vt 0.685434 0.792187
vt 0.690151 0.804611
vt 0.688482 0.808028
vt 0.055975 0.136630
vt 0.032121 0.135753
vt 0.871857 0.412369
vt 0.645639 0.796653
vt 0.651835 0.789309
vt 0.596457 0.065974
vt 0.916796 0.554163
vt 0.923865 0.557288
vt 0.809136 0.252055
vt 0.815970 0.262227
vt 0.436356 0.790629
vt 0.075679 0.354014
vt 0.062856 0.363232
vt 0.069468 0.348721
vt 0.392333 0.301112
vt 0.365157 0.282061
vt 0.956350 0.449989
vt 0.812391 0.630892
vt 0.373673 0.701455
vt 0.381436 0.715588
vt 0.857933 0.735907
vt 0.007396 0.769522
vt 0.009007 0.761834
vt 0.009769 0.777683
vt 0.879088 0.394587
vt 0.801574 0.281039
vt 0.672291 0.762088
vt 0.675836 0.762409
vt 0.933136 0.565262
vt 0.611252 0.621344
vt 0.641563 0.799898
vt 0.647355 0.801304
vt 0.769385 0.812567
vt 0.761786 0.797552
vt 0.766494 0.810786
vt 0.585417 0.661535
vt 0.191425 0.788698
vt 0.811356 0.633164
vt 0.062955 0.814610
vt 0.704694 0.316383
vt 0.703417 0.316950
vt 0.687702 0.317514
vt 0.606899 0.618987
vt 0.617849 0.600975
vt 0.935795 0.311146
vt 0.957551 0.315479
vt 0.837575 0.878160
vt 0.828718 0.872513
vt 0.946818 0.448806
vt 0.664620 0.067214
vt 0.954285 0.034085
vt 0.352711 0.134770
vt 0.355560 0.123474
vt 0.379990 0.121212
vt 0.662953 0.793273
vt 0.018581 0.431804
vt 0.387270 0.052141
vt 0.956707 0.448576
vt 0.845021 0.736898
vt 0.856451 0.731783
vt 0.828356 0.468489
vt 0.834315 0.474030
vt 0.813502 0.472978
vt 0.882384 0.415567
vt 0.812239 0.281845
vt 0.854672 0.469000
vt 0.833509 0.483198
vt 0.745354 0.303327
vt 0.972723 0.964542
vt 0.815253 0.868386
vt 0.807035 0.862752
vt 0.581735 0.062997
vt 0.918665 0.553046
vt 0.020588 0.434265
vt 0.812998 0.857306
vt 0.818523 0.865228
vt 0.808970 0.861155
vt 0.238543 0.960289
vt 0.238664 0.967195
vt 0.213519 0.978897
vt 0.922958 0.551528
vt 0.070847 0.346193
vt 0.073326 0.346811
vt 0.372475 0.284438
vt 0.667997 0.060078
vt 0.007057 0.109112
vt 0.791894 0.631311
vt 0.885852 0.913410
vt 0.588086 0.342663
vt 0.960820 0.871393
vt 0.963741 0.835327
vt 0.971383 0.860939
vt 0.806865 0.470211
vt 0.798378 0.295707
vt 0.181987 0.991228
vt 0.186806 0.980895
vt 0.184168 0.998151
vt 0.609758 0.065918
vt 0.100629 0.331012
vt 0.100747 0.333446
vt 0.095833 0.341210
vt 0.097055 0.345048
vt 0.603135 0.606530
vt 0.116644 0.347690
vt 0.953539 0.442660
vt 0.564335 0.645905
vt 0.561612 0.659828
vt 0.678727 0.083130
vt 0.826418 0.635986
vt 0.367422 0.725107
vt 0.969330 0.594812
vt 0.391830 0.858825
vt 0.373059 0.876872
vt 0.370337 0.876223
vt 0.864509 0.017719
vt 0.832282 0.020563
vt 0.837324 0.016825
vt 0.953711 0.868771
vt 0.824427 0.484430
vt 0.680999 0.770661
vt 0.853616 0.475518
vt 0.086689 0.327903
vt 0.932780 0.532318
vt 0.664897 0.802287
vt 0.377643 0.315280
vt 0.381908 0.314264
vt 0.713032 0.076062
vt 0.574004 0.631726
vt 0.925210 0.716197
vt 0.938337 0.724416
vt 0.925143 0.743259
vt 0.396255 0.296033
vt 0.943944 0.744469
vt 0.658956 0.067607
vt 0.952527 0.056482
vt 0.388704 0.739938
vt 0.942631 0.877678
vt 0.932555 0.867650
vt 0.953762 0.878856
vt 0.855788 0.735404
vt 0.959489 0.996693
vt 0.974793 0.996693
vt 0.964013 0.999383
vt 0.824619 0.463014
vt 0.956555 0.835599
vt 0.678463 0.788300
vt 0.834004 0.871670
vt 0.822747 0.868768
vt 0.946200 0.960487
vt 0.589613 0.061434
vt 0.957999 0.308519
vt 0.978306 0.972948
vt 0.186821 0.999978
vt 0.698027 0.024872
vt 0.669018 0.019757
vt 0.712541 0.019836
vt 0.967269 0.970420
vt 0.829260 0.868997
vt 0.840954 0.869686
vt 0.602859 0.061809
vt 0.620851 0.061434
vt 0.930653 0.711602
vt 0.990149 0.161549
vt 0.967673 0.134906
vt 0.986260 0.149580
vt 0.075346 0.329582
vt 0.088239 0.344017
vt 0.099887 0.353135
vt 0.091091 0.346984
vt 0.511664 0.032246
vt 0.497336 0.039103
vt 0.472880 0.027699
vt 0.819800 0.653658
vt 0.314958 0.152666
vt 0.325277 0.147926
vt 0.341169 0.177926
vt 0.101198 0.318007
vt 0.826390 0.250764
vt 0.823876 0.263896
vt 0.639519 0.073856
vt 0.711538 0.942890
vt 0.673945 0.942890
vt 0.679945 0.910960
vt 0.576890 0.757877
vt 0.589429 0.768777
vt 0.564734 0.773835
vt 0.944797 0.851910
vt 0.008235 0.786964
vt 0.988354 0.120585
vt 0.976058 0.120585
vt 0.991083 0.118315
vt 0.888269 0.395879
vt 0.848641 0.488858
vt 0.079497 0.344846
vt 0.670808 0.806589
vt 0.831865 0.251211
vt 0.383123 0.057726
vt 0.180229 0.799397
vt 0.514859 0.017476
vt 0.797395 0.420390
vt 0.766769 0.416175
vt 0.794019 0.415910
vt 0.063886 0.318348
vt 0.084399 0.345543
vt 0.088667 0.355021
vt 0.983215 0.875025
vt 0.989972 0.879757
vt 0.974716 0.879739
vt 0.964621 0.429265
vt 0.669087 0.809287
vt 0.686789 0.821319
vt 0.671319 0.814104
vt 0.204701 0.858183
vt 0.225230 0.856874
vt 0.224593 0.858183
vt 0.883637 0.443113
vt 0.866483 0.452420
vt 0.859461 0.430808
vt 0.093501 0.589385
vt 0.078198 0.574587
vt 0.100192 0.584181
vt 0.009931 0.338273
vt 0.009931 0.336078
vt 0.024890 0.336866
vt 0.984447 0.116786
vt 0.462677 0.424138
vt 0.457960 0.429679
vt 0.437484 0.426741
vt 0.474803 0.431232
vt 0.452954 0.438520
vt 0.975142 0.161808
vt 0.684282 0.760355
vt 0.083624 0.314156
vt 0.835901 0.252159
vt 0.791027 0.633538
vt 0.348797 0.871270
vt 0.369846 0.882395
vt 0.095468 0.545359
vt 0.078206 0.546737
vt 0.101475 0.535186
vt 0.402915 0.225659
vt 0.396819 0.222303
vt 0.430946 0.226119
vt 0.024475 0.528964
vt 0.022263 0.519382
vt 0.043946 0.543394
vt 0.456897 0.452633
vt 0.787500 0.641859
vt 0.077426 0.794680
vt 0.941190 0.519144
vt 0.946711 0.498538
vt 0.962684 0.514551
vt 0.892378 0.468162
vt 0.879543 0.467392
vt 0.220173 0.938796
vt 0.211771 0.941475
vt 0.098893 0.554076
vt 0.077244 0.553638
vt 0.807418 0.476146
vt 0.806998 0.303429
vt 0.690463 0.771220
vt 0.836514 0.512334
vt 0.834276 0.502605
vt 0.854734 0.504072
vt 0.848096 0.496829
vt 0.839089 0.253112
vt 0.827909 0.266800
vt 0.944891 0.704771
vt 0.078572 0.360042
vt 0.643430 0.947452
vt 0.634869 0.935226
vt 0.660562 0.951256
vt 0.481743 0.016806
vt 0.549570 0.762075
vt 0.554785 0.741706
vt 0.475388 0.701380
vt 0.481345 0.663541
vt 0.488687 0.693315
vt 0.417932 0.443160
vt 0.076117 0.310628
vt 0.080366 0.319912
vt 0.526367 0.956280
vt 0.506476 0.955075
vt 0.524676 0.948324
vt 0.681411 0.822913
vt 0.029199 0.017742
vt 0.948896 0.887668
vt 0.927908 0.868958
vt 0.468414 0.676299
vt 0.425861 0.449213
vt 0.446604 0.410714
vt 0.894429 0.379662
vt 0.833357 0.492393
vt 0.830719 0.269113
vt 0.331898 0.154335
vt 0.927579 0.873739
vt 0.489857 0.662118
vt 0.038725 0.660236
vt 0.033505 0.635133
vt 0.057414 0.662052
vt 0.037090 0.520352
vt 0.476133 0.446242
vt 0.020013 0.561767
vt 0.020013 0.582912
vt 0.004509 0.565519
vt 0.783655 0.474232
vt 0.760722 0.434931
vt 0.794789 0.439348
vt 0.016479 0.763946
vt 0.435691 0.461141
vt 0.191221 0.635749
vt 0.213815 0.656245
vt 0.198418 0.672598
vt 0.945242 0.843511
vt 0.732433 0.462950
vt 0.715575 0.466124
vt 0.738541 0.448861
vt 0.823459 0.497035
vt 0.821810 0.286309
vt 0.528051 0.945470
vt 0.513703 0.937490
vt 0.671164 0.933982
vt 0.012294 0.047725
vt 0.028796 0.063113
vt 0.011317 0.048422
vt 0.709133 0.395264
vt 0.949560 0.882227
vt 0.352117 0.881693
vt 0.246404 0.089859
vt 0.249881 0.090902
vt 0.253724 0.114134
vt 0.081344 0.570482
vt 0.102497 0.579997
vt 0.076804 0.559456
vt 0.044913 0.691989
vt 0.030997 0.677526
vt 0.503299 0.679218
vt 0.502633 0.704634
vt 0.246667 0.166778
vt 0.272469 0.177363
vt 0.251687 0.177906
vt 0.632210 0.080195
vt 0.819492 0.297138
vt 0.059685 0.780989
vt 0.037392 0.762864
vt 0.703404 0.798425
vt 0.709902 0.816729
vt 0.693988 0.794889
vt 0.867618 0.626357
vt 0.897548 0.623106
vt 0.894669 0.627204
vt 0.088299 0.565961
vt 0.425703 0.392954
vt 0.175639 0.650821
vt 0.837479 0.497107
vt 0.824127 0.293124
vt 0.348790 0.148865
vt 0.341004 0.146551
vt 0.351791 0.148336
vt 0.679416 0.825234
vt 0.672570 0.825256
vt 0.578662 0.210742
vt 0.551395 0.217092
vt 0.575028 0.204695
vt 0.655864 0.674206
vt 0.679645 0.669397
vt 0.687408 0.673425
vt 0.467564 0.462935
vt 0.830801 0.290477
vt 0.771241 0.980051
vt 0.759746 0.986688
vt 0.759411 0.957893
vt 0.351318 0.146721
vt 0.945858 0.021147
vt 0.914088 0.041940
vt 0.913387 0.021147
vt 0.551354 0.209763
vt 0.561973 0.220321
vt 0.714631 0.479194
vt 0.820974 0.514917
vt 0.829558 0.501594
vt 0.544969 0.917093
vt 0.568958 0.911475
vt 0.574809 0.925543
vt 0.356695 0.254536
vt 0.360762 0.238237
vt 0.367805 0.233858
vt 0.567014 0.191920
vt 0.681177 0.684863
vt 0.503734 0.656817
vt 0.147637 0.666372
vt 0.161892 0.649496
vt 0.158631 0.672736
vt 0.579679 0.896252
vt 0.570782 0.898505
vt 0.939485 0.061246
vt 0.919413 0.040096
vt 0.941752 0.025478
vt 0.696531 0.827225
vt 0.006025 0.055671
vt 0.961253 0.482328
vt 0.639602 0.632378
vt 0.636470 0.662814
vt 0.634275 0.655130
vt 0.882317 0.354381
vt 0.887047 0.347612
vt 0.896692 0.366414
vt 0.060592 0.643637
vt 0.518571 0.688706
vt 0.581648 0.914349
vt 0.496471 0.931410
vt 0.604016 0.999799
vt 0.579897 0.999799
vt 0.583987 0.980584
vt 0.039610 0.042674
vt 0.040967 0.062268
vt 0.032653 0.039740
vt 0.370467 0.235785
vt 0.532730 0.226921
vt 0.515894 0.674407
vt 0.497703 0.951991
vt 0.700210 0.828641
vt 0.530597 0.214760
vt 0.058043 0.687456
vt 0.693838 0.479605
vt 0.174412 0.664722
vt 0.841891 0.736773
vt 0.831203 0.752360
vt 0.819835 0.754466
vt 0.692727 0.655442
vt 0.713756 0.655517
vt 0.966574 0.041701
vt 0.966574 0.077966
vt 0.955937 0.066878
vt 0.721702 0.483631
vt 0.830292 0.303238
vt 0.454160 0.383355
vt 0.456895 0.379944
vt 0.459373 0.393987
vt 0.947660 0.777767
vt 0.949625 0.772902
vt 0.950190 0.783812
vt 0.433669 0.384506
vt 0.441740 0.392425
vt 0.881691 0.905870
vt 0.865417 0.897930
vt 0.879451 0.898522
vt 0.449367 0.374700
vt 0.866949 0.894044
vt 0.688089 0.828705
vt 0.351605 0.885340
vt 0.366431 0.888464
vt 0.714892 0.661154
vt 0.544359 0.200784
vt 0.894451 0.339106
vt 0.904589 0.356518
vt 0.875741 0.911448
vt 0.866336 0.915708
vt 0.848152 0.907363
vt 0.441499 0.465890
vt 0.853158 0.921353
vt 0.704131 0.482128
vt 0.242245 0.166045
vt 0.168252 0.663424
vt 0.169922 0.666045
vt 0.738150 0.464392
vt 0.724336 0.484500
vt 0.161890 0.642136
vt 0.937086 0.765230
vt 0.948548 0.763980
vt 0.463316 0.389958
vt 0.951691 0.773278
vt 0.463550 0.384012
vt 0.828513 0.821935
vt 0.802533 0.809944
vt 0.832081 0.808393
vt 0.936868 0.776438
vt 0.934249 0.760284
vt 0.466651 0.384580
vt 0.488194 0.421665
vt 0.424147 0.557345
vt 0.438745 0.565728
vt 0.419599 0.569707
vt 0.231319 0.998502
vt 0.217965 0.989046
vt 0.225445 0.976553
vt 0.441584 0.655058
vt 0.477618 0.662482
vt 0.455040 0.684374
vt 0.849257 0.838146
vt 0.622323 0.860738
vt 0.638453 0.851154
vt 0.610892 0.874638
vt 0.433607 0.394925
vt 0.245498 0.997190
vt 0.410878 0.552792
vt 0.938477 0.782365
vt 0.271388 0.926790
vt 0.268588 0.917551
vt 0.271785 0.919160
vt 0.953165 0.783959
vt 0.015781 0.527239
vt 0.038657 0.543859
vt 0.025975 0.547307
vt 0.633254 0.879378
vt 0.681970 0.255455
vt 0.643848 0.251940
vt 0.659477 0.229059
vt 0.460272 0.368373
vt 0.468423 0.362518
vt 0.489394 0.338512
vt 0.244940 0.977656
vt 0.879657 0.576484
vt 0.893902 0.620326
vt 0.870198 0.623124
vt 0.921332 0.742916
vt 0.896527 0.708776
vt 0.922992 0.713701
vt 0.024595 0.320405
vt 0.024807 0.332552
vt 0.006091 0.333837
vt 0.617576 0.891589
vt 0.261244 0.926421
vt 0.246406 0.918757
vt 0.540031 0.463425
vt 0.553347 0.451000
vt 0.560721 0.462113
vt 0.673208 0.082479
vt 0.642276 0.092370
vt 0.628794 0.082806
vt 0.022863 0.711999
vt 0.001168 0.711999
vt 0.003534 0.690649
vt 0.272648 0.907497
vt 0.503765 0.140025
vt 0.505025 0.119035
vt 0.511514 0.130411
vt 0.989689 0.599971
vt 0.997303 0.599971
vt 0.989283 0.609262
vt 0.665299 0.267480
vt 0.989480 0.985709
vt 0.960496 0.985709
vt 0.975615 0.981922
vt 0.631599 0.976003
vt 0.630659 0.980501
vt 0.611218 0.978800
vt 0.267625 0.908604
vt 0.867809 0.888596
vt 0.871141 0.886967
vt 0.663266 0.012054
vt 0.674534 0.009035
vt 0.684944 0.011565
vt 0.045266 0.314940
vt 0.047687 0.324278
vt 0.031937 0.334443
vt 0.543040 0.453371
vt 0.281084 0.006579
vt 0.301554 0.013230
vt 0.282399 0.014510
vt 0.291167 0.923901
vt 0.288160 0.909670
vt 0.642732 0.981602
vt 0.704529 0.954353
vt 0.714123 0.955101
vt 0.701940 0.964222
vt 0.009795 0.576245
vt 0.001976 0.573705
vt 0.004143 0.570885
vt 0.246727 0.910187
vt 0.864821 0.888825
vt 0.866724 0.887527
vt 0.942199 0.999883
vt 0.949641 0.997174
vt 0.957752 0.999229
vt 0.528209 0.100273
vt 0.536146 0.114329
vt 0.534339 0.115175
vt 0.010244 0.275619
vt 0.008349 0.253958
vt 0.011759 0.247676
vt 0.084299 0.683580
vt 0.088922 0.664995
vt 0.087157 0.677451
vt 0.805706 0.305916
vt 0.807235 0.306186
vt 0.798063 0.318705
vt 0.094398 0.644808
vt 0.091977 0.659274
vt 0.545457 0.402942
vt 0.542002 0.395525
vt 0.553639 0.410212
vt 0.556158 0.413982
vt 0.860357 0.897483
vt 0.860284 0.893595
vt 0.846062 0.893024
vt 0.852913 0.888836
vt 0.844134 0.885871
vt 0.538545 0.092968
vt 0.050593 0.613599
vt 0.040211 0.611124
vt 0.053103 0.610575
vt 0.051416 0.595436
vt 0.074659 0.812402
vt 0.089241 0.828863
vt 0.076769 0.822328
vt 0.097871 0.679817
vt 0.553103 0.386992
vt 0.481974 0.322881
vt 0.474205 0.350431
vt 0.461444 0.333134
vt 0.881097 0.795635
vt 0.864637 0.781103
vt 0.874464 0.777056
vt 0.564803 0.397688
vt 0.866524 0.798890
vt 0.550060 0.105258
vt 0.692570 0.518440
vt 0.665167 0.504326
vt 0.681993 0.511754
vt 0.369583 0.886429
vt 0.037064 0.063475
vt 0.531016 0.241531
vt 0.515591 0.664685
vt 0.461270 0.466385
vt 0.240269 0.170004
vt 0.238200 0.173996
vt 0.718599 0.487962
vt 0.605075 0.909200
vt 0.601403 0.906289
vt 0.607767 0.906939
vt 0.730246 0.514356
vt 0.714427 0.490217
vt 0.688694 0.370855
vt 0.692864 0.353635
vt 0.698051 0.358594
vt 0.469875 0.403822
vt 0.189170 0.979076
vt 0.205664 0.980937
vt 0.199834 0.981933
vt 0.078497 0.997362
vt 0.066835 0.993117
vt 0.088514 0.992188
vt 0.094029 0.998985
vt 0.438351 0.663869
vt 0.443313 0.677053
vt 0.453920 0.693623
vt 0.457049 0.999939
vt 0.447846 0.995647
vt 0.473684 0.996560
vt 0.838784 0.813491
vt 0.837729 0.802564
vt 0.834143 0.793969
vt 0.083094 0.029557
vt 0.106834 0.035918
vt 0.073759 0.036672
vt 0.064819 0.029537
vt 0.611434 0.864101
vt 0.601895 0.880299
vt 0.029112 0.875244
vt 0.035170 0.881448
vt 0.022162 0.876101
vt 0.461813 0.392732
vt 0.221204 0.995692
vt 0.438239 0.559771
vt 0.428195 0.554410
vt 0.417020 0.548755
vt 0.352984 0.011406
vt 0.349088 0.007080
vt 0.360053 0.011272
vt 0.022380 0.881714
vt 0.017307 0.874843
vt 0.458075 0.370553
vt 0.973678 0.975941
vt 0.985732 0.979171
vt 0.970129 0.979333
vt 0.991195 0.609936
vt 0.639386 0.256731
vt 0.506833 0.116422
vt 0.513776 0.128683
vt 0.991207 0.732219
vt 0.980487 0.730329
vt 0.993029 0.730262
vt 0.623016 0.087287
vt 0.868651 0.881266
vt 0.268305 0.903124
vt 0.460370 0.327264
vt 0.976642 0.850879
vt 0.973921 0.856289
vt 0.967712 0.836035
vt 0.977430 0.820023
vt 0.269167 0.901681
vt 0.272833 0.885373
vt 0.274362 0.907080
vt 0.867057 0.906634
vt 0.033413 0.593804
vt 0.035533 0.591781
vt 0.851797 0.902088
vt 0.096680 0.817046
vt 0.982931 0.345617
vt 0.975971 0.340372
vt 0.985040 0.343446
vt 0.989960 0.334868
vt 0.807445 0.322491
vt 0.034028 0.632962
vt 0.981060 0.096387
vt 0.966330 0.097417
vt 0.984626 0.073746
vt 0.989567 0.351239
vt 0.989567 0.384416
vt 0.964332 0.353549
vt 0.000229 0.554734
vt 0.011541 0.554734
vt 0.007520 0.560518
vt 0.327544 0.137676
vt 0.052234 0.046433
vt 0.048711 0.060618
vt 0.045432 0.049028
vt 0.054008 0.061402
vt 0.633353 0.665431
vt 0.847455 0.921349
vt 0.841091 0.920166
vt 0.831469 0.919537
vt 0.713095 0.483992
vt 0.474309 0.468257
vt 0.469521 0.466299
vt 0.584137 0.905866
vt 0.590545 0.883452
vt 0.595220 0.905548
vt 0.243828 0.163944
vt 0.237793 0.160933
vt 0.601512 0.902579
vt 0.724782 0.490399
vt 0.610034 0.894247
vt 0.606402 0.884469
vt 0.046761 0.385311
vt 0.050345 0.397026
vt 0.048880 0.397658
vt 0.734085 0.512112
vt 0.690742 0.371970
vt 0.699976 0.361191
vt 0.714076 0.374628
vt 0.282723 0.106022
vt 0.296826 0.105481
vt 0.288373 0.114584
vt 0.448227 0.491020
vt 0.431403 0.491093
vt 0.430153 0.477375
vt 0.445002 0.495656
vt 0.121726 0.385252
vt 0.139872 0.378380
vt 0.135433 0.392105
vt 0.716168 0.971462
vt 0.738420 0.974320
vt 0.737203 0.984226
vt 0.067414 0.377048
vt 0.065657 0.396861
vt 0.019035 0.873371
vt 0.019561 0.874004
vt 0.937424 0.656870
vt 0.949712 0.651438
vt 0.936098 0.662130
vt 0.143109 0.380901
vt 0.377570 0.241412
vt 0.378463 0.235628
vt 0.382205 0.227604
vt 0.429859 0.492540
vt 0.247486 0.114609
vt 0.250312 0.116115
vt 0.253700 0.140222
vt 0.255272 0.152030
vt 0.259172 0.154905
vt 0.212545 0.984950
vt 0.227489 0.998926
vt 0.407176 0.552127
vt 0.365822 0.014499
vt 0.937588 0.789968
vt 0.292584 0.915512
vt 0.609352 0.981468
vt 0.977425 0.975056
vt 0.555080 0.447071
vt 0.997475 0.602906
vt 0.037883 0.336429
vt 0.266644 0.905688
vt 0.664421 0.272100
vt 0.862220 0.889019
vt 0.083100 0.669710
vt 0.095801 0.626376
vt 0.556952 0.420162
vt 0.989004 0.340923
vt 0.524192 0.101006
vt 0.055356 0.590677
vt 0.052401 0.632137
vt 0.851554 0.904776
vt 0.987106 0.322896
vt 0.822101 0.308000
vt 0.109722 0.829812
vt 0.366422 0.279048
vt 0.374595 0.274650
vt 0.380483 0.283901
vt 0.675043 0.876254
vt 0.670401 0.876762
vt 0.668802 0.857826
vt 0.244266 0.944832
vt 0.273032 0.960322
vt 0.265400 0.962565
vt 0.326165 0.134781
vt 0.029760 0.637958
vt 0.023782 0.632384
vt 0.036541 0.610203
vt 0.724243 0.828033
vt 0.022582 0.885806
vt 0.044117 0.901452
vt 0.023595 0.922924
vt 0.347748 0.889275
vt 0.366283 0.891286
vt 0.057712 0.051242
vt 0.624167 0.584379
vt 0.615701 0.589297
vt 0.614603 0.583278
vt 0.721518 0.194549
vt 0.712210 0.186135
vt 0.725211 0.192594
vt 0.628208 0.587224
vt 0.543559 0.196467
vt 0.064462 0.649103
vt 0.700839 0.483279
vt 0.586359 0.913507
vt 0.589194 0.913405
vt 0.234626 0.171554
vt 0.233797 0.164643
vt 0.608259 0.912080
vt 0.473913 0.470441
vt 0.468447 0.471963
vt 0.947899 0.633441
vt 0.150571 0.275246
vt 0.131582 0.272495
vt 0.141586 0.265457
vt 0.931445 0.572567
vt 0.955264 0.578505
vt 0.952888 0.602519
vt 0.114309 0.402017
vt 0.389751 0.249954
vt 0.396166 0.231595
vt 0.227797 0.120275
vt 0.027183 0.950954
vt 0.019639 0.967132
vt 0.018687 0.943614
vt 0.299481 0.092319
vt 0.706013 0.359833
vt 0.136227 0.401612
vt 0.987673 0.926093
vt 0.978044 0.927791
vt 0.972602 0.925568
vt 0.860049 0.306535
vt 0.857052 0.314769
vt 0.860215 0.276736
vt 0.858182 0.265418
vt 0.699397 0.355179
vt 0.701947 0.356714
vt 0.022981 0.873553
vt 0.321450 0.966360
vt 0.328420 0.972040
vt 0.325627 0.972101
vt 0.576385 0.779300
vt 0.590421 0.775803
vt 0.576276 0.797635
vt 0.633282 0.982801
vt 0.340077 0.943154
vt 0.348977 0.951882
vt 0.337598 0.944026
vt 0.512822 0.120817
vt 0.518044 0.130528
vt 0.637287 0.096902
vt 0.712259 0.959498
vt 0.005572 0.852885
vt 0.008160 0.843228
vt 0.007713 0.867905
vt 0.863064 0.887865
vt 0.525438 0.400117
vt 0.484946 0.309325
vt 0.879522 0.784738
vt 0.880324 0.771552
vt 0.859254 0.773701
vt 0.860604 0.771539
vt 0.864820 0.819928
vt 0.855591 0.815501
vt 0.650164 0.876502
vt 0.176460 0.639180
vt 0.188112 0.627491
vt 0.194043 0.630701
vt 0.342230 0.784887
vt 0.328624 0.805260
vt 0.329496 0.774527
vt 0.630693 0.664759
vt 0.074414 0.577606
vt 0.076360 0.564241
vt 0.626909 0.579845
vt 0.702096 0.682039
vt 0.519101 0.206480
vt 0.071201 0.076996
vt 0.095570 0.073761
vt 0.082716 0.088604
vt 0.449739 0.465821
vt 0.520292 0.677280
vt 0.519524 0.682099
vt 0.981533 0.973653
vt 0.984506 0.971606
vt 0.991981 0.977879
vt 0.842370 0.923809
vt 0.460509 0.468201
vt 0.711469 0.491388
vt 0.138475 0.291803
vt 0.372354 0.255654
vt 0.045085 0.372953
vt 0.238079 0.138916
vt 0.742717 0.961335
vt 0.700441 0.354303
vt 0.696553 0.344092
vt 0.697517 0.343480
vt 0.692396 0.326311
vt 0.206166 0.984491
vt 0.189040 0.980365
vt 0.074484 0.998906
vt 0.435084 0.555207
vt 0.445838 0.562427
vt 0.415739 0.546361
vt 0.441788 0.681917
vt 0.431438 0.646476
vt 0.839492 0.810398
vt 0.847662 0.817185
vt 0.349696 0.012086
vt 0.343840 0.009700
vt 0.599972 0.880193
vt 0.029383 0.872919
vt 0.539561 0.457043
vt 0.540827 0.447627
vt 0.636226 0.261816
vt 0.864543 0.887456
vt 0.870591 0.872603
vt 0.987925 0.218405
vt 0.992326 0.216803
vt 0.995891 0.218705
vt 0.995419 0.507103
vt 0.993301 0.495087
vt 0.995103 0.490445
vt 0.052301 0.324025
vt 0.645184 0.100103
vt 0.013025 0.061474
vt 0.019082 0.063097
vt 0.004949 0.062831
vt 0.016494 0.044997
vt 0.004649 0.046033
vt 0.003123 0.044698
vt 0.375542 0.272328
vt 0.130343 0.818591
vt 0.303401 0.798851
vt 0.290982 0.793488
vt 0.302649 0.790821
vt 0.081005 0.793042
vt 0.646597 0.858765
vt 0.699273 0.556897
vt 0.710600 0.541258
vt 0.717551 0.543885
vt 0.334155 0.124433
vt 0.067686 0.573839
vt 0.635668 0.582266
vt 0.620939 0.593474
vt 0.910706 0.380520
vt 0.563170 0.233554
vt 0.094880 0.088452
vt 0.414759 0.173361
vt 0.418665 0.171375
vt 0.423285 0.173816
vt 0.525377 0.677448
vt 0.526421 0.688113
vt 0.851515 0.929321
vt 0.995907 0.971737
vt 0.279919 0.084475
vt 0.268360 0.105828
vt 0.926303 0.159899
vt 0.906813 0.164518
vt 0.904704 0.140790
vt 0.934424 0.629879
vt 0.699319 0.406401
vt 0.678511 0.392229
vt 0.688138 0.483699
vt 0.921283 0.175880
vt 0.043230 0.379012
vt 0.617074 0.911562
vt 0.335454 0.978468
vt 0.342077 0.981319
vt 0.323014 0.966362
vt 0.023198 0.464098
vt 0.025355 0.451861
vt 0.023733 0.482910
vt 0.843106 0.779804
vt 0.608933 0.862988
vt 0.601713 0.837690
vt 0.215570 0.998759
vt 0.340549 0.958961
vt 0.576262 0.983276
vt 0.543405 0.983276
vt 0.556803 0.981903
vt 0.440645 0.540731
vt 0.851479 0.412206
vt 0.846173 0.435187
vt 0.811347 0.399853
vt 0.922805 0.770982
vt 0.555799 0.353549
vt 0.579353 0.353182
vt 0.577457 0.365153
vt 0.225749 0.051786
vt 0.212207 0.043968
vt 0.250933 0.039374
vt 0.706760 0.070104
vt 0.698607 0.064141
vt 0.711419 0.054761
vt 0.431847 0.538092
vt 0.410072 0.672185
vt 0.219265 0.037964
vt 0.027442 0.855412
vt 0.189683 0.999835
vt 0.203985 0.357529
vt 0.189625 0.378964
vt 0.190866 0.370047
vt 0.199243 0.384462
vt 0.337252 0.954842
vt 0.639508 0.296198
vt 0.635833 0.271569
vt 0.657771 0.282584
vt 0.205664 0.044540
vt 0.825783 0.428216
vt 0.578320 0.882150
vt 0.553397 0.378039
vt 0.426015 0.531274
vt 0.851723 0.438303
vt 0.031047 0.588477
vt 0.037344 0.564976
vt 0.032236 0.590403
vt 0.039382 0.563479
vt 0.967013 0.119972
vt 0.979361 0.114818
vt 0.986488 0.112737
vt 0.987324 0.651057
vt 0.981998 0.620852
vt 0.988576 0.616722
vt 0.022281 0.586155
vt 0.414949 0.692575
vt 0.423148 0.700262
vt 0.419273 0.696378
vt 0.186619 0.376278
vt 0.995971 0.755626
vt 0.988146 0.754786
vt 0.986976 0.751093
vt 0.991560 0.756956
vt 0.954985 0.258458
vt 0.954985 0.223151
vt 0.973411 0.254097
vt 0.036426 0.985710
vt 0.050565 0.981921
vt 0.066566 0.985708
vt 0.521414 0.757157
vt 0.527893 0.746959
vt 0.530850 0.748320
vt 0.440632 0.537087
vt 0.436823 0.535428
vt 0.496972 0.103017
vt 0.500450 0.104904
vt 0.504838 0.109335
vt 0.967918 0.117829
vt 0.972005 0.116070
vt 0.715142 0.054633
vt 0.523177 0.749628
vt 0.429804 0.529050
vt 0.433158 0.532989
vt 0.503286 0.107176
vt 0.185891 0.373183
vt 0.971927 0.114458
vt 0.997475 0.759891
vt 0.994349 0.759224
vt 0.208271 0.040794
vt 0.713274 0.052534
vt 0.531488 0.744616
vt 0.518745 0.750972
vt 0.493640 0.100456
vt 0.494773 0.100057
vt 0.489535 0.098258
vt 0.492454 0.098975
vt 0.183676 0.369795
vt 0.180239 0.380767
vt 0.982221 0.110613
vt 0.979054 0.107007
vt 0.975703 0.112476
vt 0.966374 0.114777
vt 0.991139 0.106603
vt 0.989168 0.104530
vt 0.996821 0.106922
vt 0.709525 0.048921
vt 0.988871 0.020134
vt 0.992983 0.020134
vt 0.990558 0.024005
vt 0.458411 0.283496
vt 0.454919 0.286941
vt 0.456593 0.279859
vt 0.507936 0.106614
vt 0.498198 0.102157
vt 0.186561 0.366369
vt 0.987215 0.106542
vt 0.964029 0.119798
vt 0.632461 0.116148
vt 0.639799 0.109804
vt 0.986010 0.190094
vt 0.990361 0.186862
vt 0.991285 0.190555
vt 0.706196 0.051866
vt 0.583210 0.366734
vt 0.582678 0.372771
vt 0.586531 0.369625
vt 0.507958 0.113183
vt 0.989875 0.109243
vt 0.509438 0.110552
vt 0.727052 0.957825
vt 0.722016 0.961103
vt 0.724585 0.955824
vt 0.417820 0.016157
vt 0.403756 0.006299
vt 0.417912 0.010856
vt 0.133749 0.966756
vt 0.114422 0.971396
vt 0.098718 0.965680
vt 0.585106 0.376604
vt 0.515864 0.119736
vt 0.517140 0.122811
vt 0.314599 0.967415
vt 0.317184 0.965525
vt 0.315036 0.975515
vt 0.718792 0.960295
vt 0.550607 0.441439
vt 0.542944 0.441876
vt 0.465790 0.285040
vt 0.465050 0.288616
vt 0.512424 0.115565
vt 0.514480 0.116544
vt 0.316062 0.979621
vt 0.312673 0.978268
vt 0.314904 0.963209
vt 0.719654 0.965569
vt 0.716875 0.968099
vt 0.556955 0.442056
vt 0.557373 0.439306
vt 0.518840 0.126749
vt 0.314797 0.982288
vt 0.321098 0.974652
vt 0.043266 0.343600
vt 0.046306 0.338238
vt 0.642699 0.108757
vt 0.646628 0.111359
vt 0.713830 0.938248
vt 0.022473 0.560161
vt 0.571318 0.385415
vt 0.474074 0.282664
vt 0.471925 0.285362
vt 0.664388 0.279650
vt 0.051427 0.332540
vt 0.051083 0.335550
vt 0.262813 0.902468
vt 0.997417 0.605918
vt 0.670879 0.284728
vt 0.425572 0.003951
vt 0.117685 0.973015
vt 0.521400 0.111462
vt 0.289496 0.982251
vt 0.289547 0.955022
vt 0.299128 0.965063
vt 0.727528 0.753826
vt 0.739370 0.774307
vt 0.726548 0.773881
vt 0.670052 0.854575
vt 0.825709 0.328446
vt 0.852535 0.790799
vt 0.852910 0.776202
vt 0.851667 0.773640
vt 0.833365 0.910133
vt 0.388816 0.283033
vt 0.380285 0.286074
vt 0.381858 0.268326
vt 0.394767 0.274657
vt 0.579485 0.918826
vt 0.319980 0.139608
vt 0.045024 0.061867
vt 0.363253 0.227679
vt 0.903845 0.387250
vt 0.913425 0.372688
vt 0.684827 0.695273
vt 0.676808 0.695939
vt 0.069052 0.650725
vt 0.029698 0.247363
vt 0.038424 0.247483
vt 0.037311 0.253796
vt 0.448781 0.470044
vt 0.856865 0.927959
vt 0.914614 0.188783
vt 0.533548 0.692487
vt 0.033064 0.938704
vt 0.033789 0.958177
vt 0.041966 0.575970
vt 0.503509 0.721117
vt 0.497974 0.721585
vt 0.504279 0.718960
vt 0.521275 0.745525
vt 0.439249 0.532386
vt 0.179158 0.374101
vt 0.972719 0.106934
vt 0.994215 0.100853
vt 0.985891 0.180954
vt 0.527536 0.738707
vt 0.505162 0.719662
vt 0.507332 0.718155
vt 0.508816 0.725433
vt 0.988460 0.557948
vt 0.990394 0.554853
vt 0.995356 0.555944
vt 0.704592 0.046891
vt 0.534420 0.440282
vt 0.540422 0.431868
vt 0.306460 0.973816
vt 0.702485 0.048529
vt 0.760186 0.762846
vt 0.761126 0.763486
vt 0.756844 0.765133
vt 0.300274 0.983183
vt 0.599367 0.761237
vt 0.592385 0.793154
vt 0.363245 0.267335
vt 0.396055 0.289593
vt 0.556566 0.088028
vt 0.000111 0.296570
vt 0.006605 0.291851
vt 0.010188 0.303048
vt 0.968352 0.319456
vt 0.396960 0.284123
vt 0.338106 0.771385
vt 0.340716 0.775014
vt 0.279030 0.944742
vt 0.277969 0.957178
vt 0.365452 0.897919
vt 0.400638 0.227594
vt 0.380844 0.224136
vt 0.773037 0.196262
vt 0.764113 0.184577
vt 0.766844 0.183860
vt 0.729194 0.199644
vt 0.632800 0.578197
vt 0.524309 0.199426
vt 0.545907 0.184547
vt 0.909520 0.344855
vt 0.382504 0.190296
vt 0.381963 0.188546
vt 0.387234 0.185150
vt 0.691057 0.420955
vt 0.686434 0.422116
vt 0.686112 0.417849
vt 0.520029 0.672387
vt 0.442178 0.468217
vt 0.414745 0.167843
vt 0.677570 0.423122
vt 0.675819 0.427204
vt 0.419714 0.153858
vt 0.427453 0.170139
vt 0.900451 0.178525
vt 0.056134 0.358030
vt 0.431898 0.503285
vt 0.726589 0.366968
vt 0.068990 0.405826
vt 0.049144 0.404879
vt 0.047930 0.399580
vt 0.041848 0.409503
vt 0.916259 0.634360
vt 0.907482 0.639930
vt 0.908685 0.624258
vt 0.494464 0.715106
vt 0.522048 0.741030
vt 0.515936 0.747224
vt 0.515570 0.755978
vt 0.436817 0.528099
vt 0.449367 0.280941
vt 0.502235 0.103166
vt 0.965351 0.104131
vt 0.713043 0.046660
vt 0.446402 0.533515
vt 0.987735 0.761274
vt 0.004310 0.148578
vt 0.002031 0.146665
vt 0.010230 0.146745
vt 0.459487 0.933693
vt 0.463380 0.933483
vt 0.458306 0.938968
vt 0.990700 0.096250
vt 0.719133 0.050344
vt 0.507176 0.712993
vt 0.978658 0.100341
vt 0.728993 0.970531
vt 0.515463 0.106574
vt 0.042090 0.348663
vt 0.045447 0.351403
vt 0.469264 0.297755
vt 0.977559 0.313039
vt 0.338228 0.766099
vt 0.351879 0.767388
vt 0.988716 0.134204
vt 0.983066 0.141575
vt 0.981438 0.135488
vt 0.587901 0.918219
vt 0.583193 0.917803
vt 0.583884 0.919058
vt 0.173832 0.580683
vt 0.202579 0.598103
vt 0.197854 0.608006
vt 0.050558 0.062814
vt 0.899712 0.633033
vt 0.632276 0.667370
vt 0.626640 0.665742
vt 0.615365 0.575559
vt 0.757629 0.184866
vt 0.761863 0.176710
vt 0.575629 0.246737
vt 0.556975 0.251965
vt 0.693482 0.409166
vt 0.706248 0.410929
vt 0.407839 0.176436
vt 0.409205 0.172389
vt 0.100386 0.089641
vt 0.096250 0.094992
vt 0.383296 0.180755
vt 0.373744 0.189588
vt 0.730319 0.485071
vt 0.741434 0.484060
vt 0.738137 0.497256
vt 0.903687 0.164406
vt 0.162279 0.266378
vt 0.165242 0.292729
vt 0.023581 0.253768
vt 0.263083 0.091144
vt 0.138443 0.242337
vt 0.038704 0.276914
vt 0.404107 0.254555
vt 0.533134 0.677128
vt 0.389868 0.034129
vt 0.378804 0.017726
vt 0.403599 0.014424
vt 0.267708 0.126350
vt 0.488512 0.914335
vt 0.478005 0.917405
vt 0.486867 0.903601
vt 0.844542 0.290491
vt 0.055335 0.407085
vt 0.500510 0.714916
vt 0.538150 0.733274
vt 0.445134 0.529272
vt 0.304772 0.135139
vt 0.294032 0.136635
vt 0.299206 0.129173
vt 0.596957 0.359702
vt 0.912100 0.650476
vt 0.548649 0.433459
vt 0.516932 0.108843
vt 0.521321 0.114820
vt 0.303167 0.965702
vt 0.051184 0.346269
vt 0.267279 0.895454
vt 0.522843 0.117716
vt 0.553412 0.430528
vt 0.558319 0.432613
vt 0.474361 0.296529
vt 0.524952 0.122728
vt 0.059763 0.340620
vt 0.056440 0.344301
vt 0.526030 0.414744
vt 0.524924 0.117087
vt 0.980338 0.021733
vt 0.976102 0.029135
vt 0.948156 0.022378
vt 0.386087 0.258986
vt 0.108495 0.801175
vt 0.292993 0.777394
vt 0.581735 0.921927
vt 0.582433 0.919975
vt 0.590882 0.925720
vt 0.405078 0.271990
vt 0.343103 0.793987
vt 0.704164 0.548772
vt 0.901701 0.618605
vt 0.909234 0.616835
vt 0.042195 0.068907
vt 0.050651 0.068883
vt 0.624853 0.672031
vt 0.615818 0.669163
vt 0.906451 0.613423
vt 0.037263 0.066105
vt 0.235152 0.087101
vt 0.246818 0.085710
vt 0.903999 0.612675
vt 0.374415 0.883687
vt 0.769398 0.199309
vt 0.725795 0.205509
vt 0.729528 0.189380
vt 0.628703 0.594784
vt 0.618643 0.597137
vt 0.913650 0.355645
vt 0.388423 0.199564
vt 0.396356 0.186284
vt 0.697035 0.423795
vt 0.392961 0.184293
vt 0.086688 0.091792
vt 0.094227 0.095234
vt 0.688430 0.428410
vt 0.742149 0.487694
vt 0.742972 0.469029
vt 0.743436 0.480660
vt 0.899205 0.176860
vt 0.409908 0.163942
vt 0.896159 0.182814
vt 0.166446 0.284421
vt 0.164382 0.265313
vt 0.739154 0.454817
vt 0.744774 0.450322
vt 0.899893 0.146736
vt 0.159591 0.252924
vt 0.398963 0.269610
vt 0.413444 0.228245
vt 0.217650 0.150826
vt 0.710774 0.354990
vt 0.950832 0.658892
vt 0.445853 0.511323
vt 0.423490 0.495105
vt 0.158332 0.390352
vt 0.749746 0.982069
vt 0.532915 0.725887
vt 0.298015 0.112766
vt 0.292730 0.123304
vt 0.286929 0.119038
vt 0.177184 0.365757
vt 0.955403 0.117810
vt 0.983398 0.764846
vt 0.686937 0.965838
vt 0.680411 0.970991
vt 0.680571 0.965546
vt 0.690269 0.961669
vt 0.307759 0.139992
vt 0.460746 0.937775
vt 0.466554 0.935508
vt 0.679258 0.956855
vt 0.603367 0.360956
vt 0.443801 0.293499
vt 0.453978 0.296389
vt 0.511524 0.715905
vt 0.520033 0.112628
vt 0.305244 0.983135
vt 0.055578 0.347775
vt 0.741752 0.758989
vt 0.754741 0.756685
vt 0.064230 0.075978
vt 0.031406 0.097499
vt 0.055055 0.072989
vt 0.550856 0.429208
vt 0.988474 0.146646
vt 0.993161 0.150220
vt 0.990064 0.151539
vt 0.517793 0.105983
vt 0.996985 0.586431
vt 0.991098 0.589829
vt 0.988302 0.586237
vt 0.062227 0.354996
vt 0.061150 0.343446
vt 0.053086 0.353618
vt 0.845300 0.777177
vt 0.658052 0.504141
vt 0.658610 0.500909
vt 0.659986 0.501094
vt 0.350617 0.784992
vt 0.197456 0.625796
vt 0.315446 0.142951
vt 0.908426 0.863460
vt 0.683011 0.492772
vt 0.697749 0.499598
vt 0.632824 0.670707
vt 0.635289 0.670116
vt 0.642516 0.584960
vt 0.405990 0.167805
vt 0.746417 0.446773
vt 0.313291 0.833774
vt 0.322863 0.847589
vt 0.312900 0.835648
vt 0.323056 0.849557
vt 0.330969 0.853402
vt 0.633126 0.899754
vt 0.919812 0.755397
vt 0.306205 0.109520
vt 0.272023 0.145347
vt 0.440400 0.525921
vt 0.435071 0.287848
vt 0.433251 0.303864
vt 0.468954 0.930414
vt 0.672127 0.945125
vt 0.684066 0.945935
vt 0.687243 0.954040
vt 0.174971 0.376932
vt 0.975126 0.100724
vt 0.992040 0.177272
vt 0.606321 0.356017
vt 0.496017 0.708891
vt 0.501185 0.711481
vt 0.740924 0.958681
vt 0.736589 0.961834
vt 0.705989 0.045600
vt 0.442414 0.316502
vt 0.509293 0.710068
vt 0.926485 0.183941
vt 0.924188 0.194382
vt 0.920729 0.188468
vt 0.699832 0.040647
vt 0.303559 0.978866
vt 0.056868 0.071483
vt 0.760567 0.767380
vt 0.539476 0.426360
vt 0.996813 0.148061
vt 0.469248 0.303325
vt 0.444937 0.321290
vt 0.301960 0.974888
vt 0.986965 0.820983
vt 0.975019 0.799987
vt 0.991141 0.800676
vt 0.976106 0.804042
vt 0.653979 0.839657
vt 0.366662 0.262019
vt 0.837920 0.304217
vt 0.469058 0.173186
vt 0.463930 0.165523
vt 0.467356 0.166153
vt 0.403773 0.288260
vt 0.413365 0.315791
vt 0.355676 0.779215
vt 0.462438 0.174388
vt 0.461772 0.170069
vt 0.200986 0.619856
vt 0.686823 0.533842
vt 0.697277 0.519828
vt 0.696416 0.536218
vt 0.420893 0.950175
vt 0.434270 0.919084
vt 0.435276 0.956345
vt 0.069518 0.578377
vt 0.643832 0.677707
vt 0.821612 0.016710
vt 0.538733 0.248139
vt 0.563381 0.257863
vt 0.580948 0.253891
vt 0.562633 0.262842
vt 0.399468 0.176546
vt 0.390339 0.180236
vt 0.101923 0.114076
vt 0.333915 0.856382
vt 0.337742 0.857570
vt 0.168792 0.289512
vt 0.407503 0.261907
vt 0.375313 0.170684
vt 0.714623 0.357863
vt 0.024019 0.049997
vt 0.027563 0.037458
vt 0.031707 0.051557
vt 0.516173 0.855374
vt 0.546275 0.850642
vt 0.534373 0.864462
vt 0.501253 0.832531
vt 0.495756 0.825653
vt 0.512116 0.820187
vt 0.443196 0.284199
vt 0.175058 0.383353
vt 0.549168 0.733650
vt 0.434678 0.522659
vt 0.287813 0.130918
vt 0.173531 0.370185
vt 0.687033 0.969373
vt 0.688168 0.972973
vt 0.451328 0.529591
vt 0.427301 0.294930
vt 0.471193 0.932529
vt 0.463711 0.930915
vt 0.718768 0.046400
vt 0.002610 0.440667
vt 0.004862 0.436604
vt 0.007493 0.444974
vt 0.522239 0.732687
vt 0.451889 0.533509
vt 0.430614 0.520515
vt 0.006111 0.188146
vt 0.000679 0.194151
vt 0.001640 0.186460
vt 0.676657 0.960329
vt 0.504229 0.708402
vt 0.510666 0.730219
vt 0.934481 0.219314
vt 0.926264 0.224592
vt 0.922329 0.219231
vt 0.932790 0.211736
vt 0.599770 0.377662
vt 0.467329 0.301157
vt 0.917828 0.219495
vt 0.703826 0.043318
vt 0.242922 0.930845
vt 0.281845 0.929021
vt 0.280665 0.934147
vt 0.512393 0.713973
vt 0.518076 0.716006
vt 0.513884 0.719325
vt 0.525817 0.122489
vt 0.990164 0.851463
vt 0.990164 0.852804
vt 0.986785 0.851965
vt 0.990111 0.829659
vt 0.988638 0.848736
vt 0.978480 0.029995
vt 0.981221 0.028181
vt 0.268773 0.894911
vt 0.694267 0.829789
vt 0.671067 0.838033
vt 0.972540 0.134051
vt 0.568745 0.498881
vt 0.575708 0.511442
vt 0.553806 0.503233
vt 0.385942 0.777703
vt 0.374380 0.798591
vt 0.197977 0.633336
vt 0.652530 0.497849
vt 0.653865 0.504198
vt 0.459077 0.165873
vt 0.032528 0.073482
vt 0.072424 0.579828
vt 0.647935 0.576481
vt 0.774842 0.210218
vt 0.759550 0.193032
vt 0.401142 0.180259
vt 0.710472 0.432356
vt 0.717896 0.438164
vt 0.702310 0.430090
vt 0.396569 0.179853
vt 0.747729 0.482333
vt 0.744568 0.500606
vt 0.175818 0.274334
vt 0.399709 0.150877
vt 0.447188 0.485909
vt 0.671839 0.435473
vt 0.666775 0.452717
vt 0.651893 0.442976
vt 0.721459 0.360318
vt 0.310587 0.092293
vt 0.307630 0.116658
vt 0.962794 0.656870
vt 0.457143 0.505885
vt 0.155054 0.373495
vt 0.495179 0.928546
vt 0.034240 0.065043
vt 0.005259 0.662229
vt 0.003176 0.665803
vt 0.001091 0.666700
vt 0.514716 0.830141
vt 0.169312 0.969168
vt 0.183241 0.981873
vt 0.169036 0.986490
vt 0.518215 0.722084
vt 0.457954 0.523217
vt 0.425304 0.279290
vt 0.157465 0.368994
vt 0.014257 0.188317
vt 0.004827 0.175148
vt 0.481955 0.921450
vt 0.457248 0.926758
vt 0.706490 0.945587
vt 0.483160 0.709083
vt 0.490376 0.724786
vt 0.457261 0.528741
vt 0.430352 0.514839
vt 0.291353 0.143008
vt 0.724564 0.049308
vt 0.003001 0.445738
vt 0.012594 0.446672
vt 0.327860 0.083440
vt 0.327893 0.095082
vt 0.316775 0.092905
vt 0.483342 0.702466
vt 0.184553 0.382524
vt 0.180451 0.385808
vt 0.321732 0.116170
vt 0.516968 0.737125
vt 0.715371 0.043861
vt 0.928449 0.379206
vt 0.929351 0.379907
vt 0.919558 0.391387
vt 0.524444 0.690576
vt 0.674625 0.957484
vt 0.934045 0.380019
vt 0.932431 0.416258
vt 0.920203 0.643283
vt 0.023336 0.003514
vt 0.023336 0.018065
vt 0.005600 0.014136
vt 0.911206 0.589599
vt 0.895919 0.616937
vt 0.897423 0.589286
vt 0.159764 0.013148
vt 0.145215 0.009294
vt 0.165231 0.007940
vt 0.935532 0.205798
vt 0.624632 0.367433
vt 0.920375 0.194918
vt 0.524719 0.697328
vt 0.978288 0.807664
vt 0.975097 0.805519
vt 0.990736 0.801744
vt 0.891888 0.592742
vt 0.891958 0.589609
vt 0.055985 0.070514
vt 0.148002 0.007940
vt 0.260852 0.933521
vt 0.918337 0.187871
vt 0.977420 0.031724
vt 0.258270 0.857158
vt 0.455517 0.954167
vt 0.886577 0.293666
vt 0.865315 0.277647
vt 0.891548 0.262502
vt 0.945064 0.687656
vt 0.945160 0.675983
vt 0.961812 0.687943
vt 0.938285 0.685698
vt 0.248869 0.078770
vt 0.252400 0.079714
vt 0.648953 0.570981
vt 0.735115 0.194667
vt 0.732286 0.184828
vt 0.622286 0.600845
vt 0.918934 0.369755
vt 0.533560 0.272866
vt 0.542009 0.267057
vt 0.542369 0.279405
vt 0.917965 0.340180
vt 0.912703 0.340479
vt 0.914373 0.337615
vt 0.955218 0.659219
vt 0.520164 0.011156
vt 0.497002 0.011156
vt 0.518636 0.008952
vt 0.898209 0.397344
vt 0.903734 0.398576
vt 0.907887 0.404623
vt 0.175494 0.990345
vt 0.963075 0.666835
vt 0.952433 0.660872
vt 0.535525 0.696988
vt 0.437185 0.512020
vt 0.447127 0.514227
vt 0.159866 0.388181
vt 0.168050 0.402647
vt 0.527667 0.843957
vt 0.893321 0.390637
vt 0.908792 0.402477
vt 0.727873 0.040003
vt 0.714668 0.038282
vt 0.002035 0.650627
vt 0.007187 0.662153
vt 0.008280 0.657239
vt 0.019920 0.187731
vt 0.740300 0.046427
vt 0.914730 0.421186
vt 0.266533 0.109440
vt 0.273294 0.140730
vt 0.310365 0.098468
vt 0.307183 0.109668
vt 0.429255 0.502693
vt 0.424462 0.511320
vt 0.465073 0.912191
vt 0.164092 0.971349
vt 0.997458 0.903620
vt 0.988801 0.908618
vt 0.983415 0.903054
vt 0.752910 0.759952
vt 0.756320 0.770116
vt 0.908580 0.653717
vt 0.911424 0.653294
vt 0.909455 0.656904
vt 0.913396 0.660761
vt 0.842788 0.804109
vt 0.353896 0.798697
vt 0.288316 0.807191
vt 0.283154 0.802995
vt 0.350907 0.799053
vt 0.829925 0.762198
vt 0.827435 0.760287
vt 0.836701 0.752235
vt 0.449485 0.166631
vt 0.453374 0.157896
vt 0.628491 0.989266
vt 0.656943 0.989266
vt 0.654972 0.991607
vt 0.852753 0.691970
vt 0.830145 0.676272
vt 0.830944 0.676087
vt 0.109165 0.448242
vt 0.093694 0.439756
vt 0.140722 0.444815
vt 0.454564 0.920803
vt 0.625844 0.687061
vt 0.945095 0.670114
vt 0.062695 0.566588
vt 0.374534 0.219565
vt 0.727327 0.225038
vt 0.730816 0.214080
vt 0.780189 0.217817
vt 0.638456 0.592288
vt 0.626861 0.573701
vt 0.917096 0.356179
vt 0.910897 0.340066
vt 0.170193 0.247213
vt 0.348908 0.156465
vt 0.367945 0.153238
vt 0.173311 0.996512
vt 0.169370 0.994997
vt 0.170267 0.990945
vt 0.008354 0.664795
vt 0.110991 0.256665
vt 0.104395 0.259534
vt 0.109547 0.254582
vt 0.163292 0.993005
vt 0.312798 0.088391
vt 0.482187 0.702689
vt 0.481125 0.708559
vt 0.465963 0.707756
vt 0.951668 0.660264
vt 0.951575 0.665140
vt 0.456212 0.519114
vt 0.436422 0.508940
vt 0.025443 0.053689
vt 0.740824 0.045518
vt 0.019218 0.048114
vt 0.922571 0.622461
vt 0.925002 0.627784
vt 0.739502 0.748641
vt 0.020107 0.144576
vt 0.005396 0.144576
vt 0.018437 0.141348
vt 0.058099 0.058951
vt 0.057655 0.069201
vt 0.900396 0.585270
vt 0.761354 0.773105
vt 0.886246 0.583192
vt 0.888248 0.587074
vt 0.885284 0.584356
vt 0.910307 0.661993
vt 0.908146 0.659857
vt 0.209483 0.605929
vt 0.284483 0.780253
vt 0.848332 0.314868
vt 0.281944 0.791736
vt 0.295559 0.768367
vt 0.287881 0.766156
vt 0.448273 0.166360
vt 0.449703 0.152210
vt 0.698834 0.549989
vt 0.710831 0.537656
vt 0.035861 0.088263
vt 0.065399 0.583382
vt 0.935731 0.685959
vt 0.936166 0.678127
vt 0.931181 0.687608
vt 0.933880 0.679762
vt 0.772002 0.212293
vt 0.638736 0.569675
vt 0.519664 0.254327
vt 0.718339 0.687596
vt 0.713123 0.692888
vt 0.547765 0.262090
vt 0.532153 0.257963
vt 0.924232 0.357991
vt 0.309315 0.842715
vt 0.183587 0.291860
vt 0.107492 0.262120
vt 0.533159 0.319986
vt 0.539903 0.321440
vt 0.531729 0.331814
vt 0.007650 0.668820
vt 0.107558 0.247441
vt 0.165519 0.986416
vt 0.913022 0.585348
vt 0.917458 0.663953
vt 0.892060 0.586319
vt 0.763547 0.767432
vt 0.763676 0.772058
vt 0.753462 0.773831
vt 0.773613 0.780822
vt 0.854108 0.964060
vt 0.851507 0.949100
vt 0.853735 0.936461
vt 0.096613 0.486539
vt 0.100533 0.480942
vt 0.100635 0.514445
vt 0.980720 0.762890
vt 0.979868 0.750227
vt 0.985283 0.738615
vt 0.026667 0.107715
vt 0.022322 0.106664
vt 0.020352 0.092272
vt 0.768045 0.782992
vt 0.760505 0.775288
vt 0.701246 0.006570
vt 0.698998 0.008143
vt 0.679823 0.007432
vt 0.855703 0.966434
vt 0.855264 0.934498
vt 0.722866 0.722829
vt 0.697977 0.724206
vt 0.695581 0.722195
vt 0.740990 0.725156
vt 0.991238 0.875506
vt 0.995042 0.878813
vt 0.986322 0.873026
vt 0.103208 0.503483
vt 0.104194 0.474492
vt 0.511310 0.911913
vt 0.514999 0.926881
vt 0.509892 0.915203
vt 0.519231 0.926845
vt 0.002348 0.463081
vt 0.011163 0.467768
vt 0.001098 0.464786
vt 0.173120 0.030295
vt 0.195028 0.029377
vt 0.209377 0.031907
vt 0.165823 0.028102
vt 0.984233 0.755206
vt 0.027304 0.099569
vt 0.029821 0.113688
vt 0.022248 0.090333
vt 0.756315 0.774448
vt 0.005533 0.117450
vt 0.008755 0.121883
vt 0.001054 0.121713
vt 0.216583 0.635311
vt 0.562990 0.516998
vt 0.542549 0.522049
vt 0.462202 0.157116
vt 0.484604 0.148964
vt 0.497214 0.154668
vt 0.996365 0.085331
vt 0.984508 0.093945
vt 0.986507 0.079179
vt 0.458303 0.157428
vt 0.345130 0.801241
vt 0.824037 0.758105
vt 0.790849 0.944732
vt 0.770758 0.972385
vt 0.758439 0.947707
vt 0.537125 0.741810
vt 0.623674 0.684044
vt 0.061830 0.578649
vt 0.386066 0.219250
vt 0.657117 0.578165
vt 0.648393 0.589692
vt 0.633457 0.570414
vt 0.625486 0.571034
vt 0.737816 0.184815
vt 0.694707 0.443933
vt 0.716989 0.448602
vt 0.712811 0.452465
vt 0.711491 0.463845
vt 0.755910 0.494861
vt 0.322685 0.858796
vt 0.419531 0.239867
vt 0.209721 0.164414
vt 0.527774 0.328706
vt 0.099222 0.267491
vt 0.112292 0.260569
vt 0.495590 0.845089
vt 0.167829 0.996992
vt 0.010958 0.664979
vt 0.097813 0.260032
vt 0.920994 0.582180
vt 0.587260 0.795806
vt 0.926738 0.646192
vt 0.612431 0.801313
vt 0.704444 0.719429
vt 0.679804 0.718814
vt 0.990643 0.873351
vt 0.096971 0.517841
vt 0.521401 0.922700
vt 0.176204 0.033237
vt 0.982870 0.733406
vt 0.020274 0.099100
vt 0.019465 0.092524
vt 0.850626 0.362364
vt 0.850984 0.343562
vt 0.852351 0.343196
vt 0.129373 0.981834
vt 0.111836 0.978021
vt 0.132471 0.979094
vt 0.852660 0.312967
vt 0.464675 0.983143
vt 0.463607 0.981870
vt 0.496177 0.982396
vt 0.006304 0.816354
vt 0.007223 0.816192
vt 0.006019 0.840992
vt 0.142681 0.814374
vt 0.176989 0.787866
vt 0.144744 0.814700
vt 0.105253 0.503086
vt 0.177857 0.026785
vt 0.210342 0.028929
vt 0.912654 0.491958
vt 0.912654 0.536978
vt 0.910789 0.523684
vt 0.474303 0.979093
vt 0.149998 0.815104
vt 0.507204 0.916995
vt 0.184710 0.023653
vt 0.747118 0.628688
vt 0.765901 0.627683
vt 0.748748 0.630573
vt 0.743585 0.631477
vt 0.743199 0.627975
vt 0.991001 0.992237
vt 0.997374 0.995209
vt 0.986932 0.995502
vt 0.749311 0.780760
vt 0.142700 0.980984
vt 0.133536 0.983315
vt 0.142386 0.977348
vt 0.002104 0.378163
vt 0.021436 0.384444
vt 0.002942 0.393784
vt 0.280589 0.800872
vt 0.327880 0.111431
vt 0.355300 0.118133
vt 0.577105 0.962111
vt 0.541090 0.962111
vt 0.554430 0.932935
vt 0.637270 0.679976
vt 0.067151 0.547560
vt 0.660442 0.582477
vt 0.734550 0.204967
vt 0.634997 0.598283
vt 0.924941 0.371116
vt 0.706074 0.692884
vt 0.702478 0.446590
vt 0.704862 0.451961
vt 0.399738 0.156368
vt 0.757300 0.468094
vt 0.318811 0.857005
vt 0.315293 0.852325
vt 0.409898 0.269379
vt 0.414393 0.254186
vt 0.094030 0.270275
vt 0.530449 0.338592
vt 0.521132 0.328046
vt 0.530781 0.317014
vt 0.497731 0.856600
vt 0.154829 0.993237
vt 0.069345 0.308018
vt 0.061239 0.314908
vt 0.057678 0.311235
vt 0.051710 0.312990
vt 0.049526 0.310688
vt 0.030487 0.182192
vt 0.030952 0.191169
vt 0.028827 0.185751
vt 0.037632 0.200367
vt 0.034540 0.199906
vt 0.290624 0.873763
vt 0.294628 0.881422
vt 0.289157 0.875296
vt 0.809309 0.567505
vt 0.812189 0.563391
vt 0.812811 0.578995
vt 0.811797 0.553071
vt 0.808376 0.547915
vt 0.811209 0.539540
vt 0.725959 0.908814
vt 0.731905 0.906681
vt 0.750342 0.919590
vt 0.932345 0.106351
vt 0.936742 0.103996
vt 0.935195 0.107679
vt 0.933275 0.101661
vt 0.948712 0.097386
vt 0.206461 0.901782
vt 0.204577 0.904520
vt 0.203694 0.900777
vt 0.205970 0.907661
vt 0.216815 0.911465
vt 0.215144 0.915907
vt 0.448722 0.249017
vt 0.444853 0.261338
vt 0.442552 0.260607
vt 0.852121 0.234730
vt 0.856097 0.232907
vt 0.855493 0.237091
vt 0.021469 0.672844
vt 0.152218 0.988740
vt 0.053165 0.309138
vt 0.028869 0.190963
vt 0.030916 0.196296
vt 0.289712 0.879156
vt 0.813953 0.550421
vt 0.766700 0.926839
vt 0.748975 0.914644
vt 0.201733 0.903489
vt 0.205786 0.913770
vt 0.008549 0.190914
vt 0.011837 0.203128
vt 0.008788 0.206762
vt 0.444031 0.271285
vt 0.443766 0.265018
vt 0.445707 0.263907
vt 0.446365 0.261744
vt 0.450270 0.249417
vt 0.857954 0.237307
vt 0.860141 0.223079
vt 0.858268 0.219125
vt 0.512938 0.848245
vt 0.525334 0.825805
vt 0.104216 0.245238
vt 0.748111 0.756519
vt 0.174741 0.867824
vt 0.224965 0.868147
vt 0.210525 0.880848
vt 0.461903 0.900078
vt 0.461903 0.911595
vt 0.411564 0.905036
vt 0.908907 0.708078
vt 0.909695 0.668978
vt 0.924112 0.671520
vt 0.932145 0.629882
vt 0.069833 0.480887
vt 0.083580 0.490893
vt 0.070278 0.528313
vt 0.597826 0.807037
vt 0.580951 0.801686
vt 0.870921 0.216553
vt 0.883218 0.220401
vt 0.869139 0.261794
vt 0.883928 0.864659
vt 0.894395 0.870702
vt 0.886081 0.911211
vt 0.815326 0.912336
vt 0.829107 0.904379
vt 0.828427 0.942114
vt 0.100368 0.465823
vt 0.074996 0.477654
vt 0.049706 0.465456
vt 0.749254 0.750179
vt 0.722048 0.699071
vt 0.719797 0.713313
vt 0.681677 0.710205
vt 0.884024 0.259620
vt 0.088544 0.530902
vt 0.532083 0.906016
vt 0.529750 0.923711
vt 0.521851 0.903924
vt 0.031940 0.466004
vt 0.067618 0.477596
vt 0.032434 0.477017
vt 0.081546 0.713176
vt 0.094844 0.681848
vt 0.086617 0.739437
vt 0.016825 0.090828
vt 0.017540 0.108628
vt 0.012356 0.090959
vt 0.614803 0.807430
vt 0.746437 0.775750
vt 0.097954 0.707933
vt 0.977041 0.765859
vt 0.974992 0.736800
vt 0.260911 0.935897
vt 0.248551 0.942475
vt 0.222169 0.937823
vt 0.924905 0.659434
vt 0.002813 0.475946
vt 0.002813 0.499532
vt 0.000620 0.496264
vt 0.851778 0.960683
vt 0.729901 0.720044
vt 0.512674 0.907968
vt 0.295929 0.932545
vt 0.301487 0.934568
vt 0.262514 0.942334
vt 0.310852 0.012752
vt 0.329027 0.014342
vt 0.307069 0.014713
vt 0.500368 0.912169
vt 0.995832 0.394419
vt 0.995832 0.412349
vt 0.993378 0.398658
vt 0.856844 0.623101
vt 0.860584 0.580355
vt 0.860664 0.630533
vt 0.767469 0.625740
vt 0.786814 0.652669
vt 0.567378 0.070244
vt 0.564146 0.074861
vt 0.566320 0.048243
vt 0.562916 0.090993
vt 0.139346 0.976470
vt 0.740128 0.630360
vt 0.738509 0.627416
vt 0.675286 0.515791
vt 0.661525 0.517385
vt 0.647354 0.506367
vt 0.012122 0.111418
vt 0.002101 0.114674
vt 0.003602 0.111730
vt 0.583153 0.493093
vt 0.954649 0.816756
vt 0.951856 0.832598
vt 0.950807 0.812353
vt 0.280439 0.793611
vt 0.281286 0.786708
vt 0.285453 0.771370
vt 0.730015 0.006550
vt 0.727508 0.008654
vt 0.708925 0.006560
vt 0.828480 0.764142
vt 0.825908 0.763829
vt 0.100520 0.423264
vt 0.730339 0.395801
vt 0.638450 0.677210
vt 0.370475 0.219403
vt 0.062548 0.561900
vt 0.733592 0.231776
vt 0.755360 0.191176
vt 0.619657 0.569660
vt 0.751635 0.184126
vt 0.629188 0.601424
vt 0.528566 0.266051
vt 0.173467 0.259058
vt 0.688361 0.445343
vt 0.986243 0.169930
vt 0.986243 0.164001
vt 0.990162 0.173386
vt 0.103007 0.271216
vt 0.492960 0.854148
vt 0.530466 0.346144
vt 0.077834 0.305746
vt 0.949912 0.092909
vt 0.438535 0.273358
vt 0.446815 0.247156
vt 0.855136 0.214420
vt 0.302296 0.882286
vt 0.758174 0.931388
vt 0.012216 0.218601
vt 0.016463 0.199729
vt 0.986320 0.811593
vt 0.971766 0.810320
vt 0.986547 0.809789
vt 0.068559 0.306117
vt 0.201008 0.896767
vt 0.193759 0.891445
vt 0.208941 0.896294
vt 0.293570 0.882366
vt 0.814367 0.563246
vt 0.814914 0.579760
vt 0.731842 0.902526
vt 0.953878 0.097251
vt 0.024200 0.179132
vt 0.013075 0.662321
vt 0.202490 0.925916
vt 0.198620 0.911632
vt 0.557831 0.808160
vt 0.186923 0.890170
vt 0.930230 0.695903
vt 0.926783 0.710620
vt 0.826739 0.573374
vt 0.815288 0.591406
vt 0.825510 0.542186
vt 0.766930 0.904110
vt 0.051940 0.168089
vt 0.039771 0.194185
vt 0.041248 0.143725
vt 0.014643 0.650353
vt 0.075506 0.294837
vt 0.022691 0.201395
vt 0.454522 0.266504
vt 0.033986 0.297084
vt 0.782035 0.774049
vt 0.259529 0.942392
vt 0.297630 0.942394
vt 0.931527 0.663045
vt 0.500548 0.980262
vt 0.475755 0.975891
vt 0.508551 0.975108
vt 0.136891 0.826160
vt 0.515924 0.932270
vt 0.745761 0.624799
vt 0.955868 0.008969
vt 0.964263 0.009704
vt 0.948035 0.019967
vt 0.666664 0.834459
vt 0.741501 0.625549
vt 0.215798 0.653746
vt 0.640858 0.502628
vt 0.282656 0.779649
vt 0.821511 0.755376
vt 0.696991 0.539699
vt 0.710748 0.526939
vt 0.237174 0.074305
vt 0.247231 0.077018
vt 0.390575 0.214615
vt 0.381142 0.205003
vt 0.664706 0.569564
vt 0.762849 0.208090
vt 0.741137 0.186924
vt 0.390812 0.161811
vt 0.388886 0.132681
vt 0.385033 0.135964
vt 0.383372 0.129519
vt 0.093306 0.276164
vt 0.383313 0.138801
vt 0.985806 0.177343
vt 0.086821 0.268322
vt 0.301959 0.869267
vt 0.329168 0.882174
vt 0.314671 0.887658
vt 0.428348 0.273736
vt 0.442161 0.229820
vt 0.054794 0.322737
vt 0.062924 0.339297
vt 0.226024 0.903351
vt 0.531055 0.289568
vt 0.726832 0.933178
vt 0.916156 0.094318
vt 0.497669 0.863826
vt 0.126805 0.261614
vt 0.037316 0.172318
vt 0.275794 0.858299
vt 0.092213 0.258241
vt 0.086869 0.248751
vt 0.555223 0.985333
vt 0.580137 0.985333
vt 0.565102 0.998973
vt 0.549919 0.074427
vt 0.256743 0.808635
vt 0.245888 0.800295
vt 0.254365 0.786560
vt 0.169289 0.817455
vt 0.174728 0.795023
vt 0.771543 0.606926
vt 0.787576 0.594020
vt 0.995414 0.568884
vt 0.992826 0.567903
vt 0.991843 0.560907
vt 0.737864 0.622524
vt 0.643028 0.508325
vt 0.482224 0.141558
vt 0.581858 0.516694
vt 0.827757 0.767403
vt 0.059593 0.555801
vt 0.778011 0.228231
vt 0.382541 0.165216
vt 0.756368 0.476784
vt 0.756537 0.486705
vt 0.693336 0.468958
vt 0.691976 0.475581
vt 0.685156 0.475237
vt 0.387551 0.142202
vt 0.378648 0.015077
vt 0.200311 0.161681
vt 0.198799 0.242598
vt 0.214666 0.252890
vt 0.205981 0.274636
vt 0.137738 0.927393
vt 0.101595 0.939137
vt 0.119173 0.919617
vt 0.573583 0.568211
vt 0.550490 0.558796
vt 0.572322 0.555468
vt 0.967119 0.019128
vt 0.358656 0.264720
vt 0.504874 0.930917
vt 0.729327 0.630254
vt 0.733097 0.622689
vt 0.642662 0.829466
vt 0.352206 0.259000
vt 0.357094 0.256548
vt 0.990869 0.570374
vt 0.988402 0.560083
vt 0.740376 0.621010
vt 0.460051 0.152044
vt 0.452051 0.152338
vt 0.439535 0.166660
vt 0.448027 0.151648
vt 0.743009 0.727282
vt 0.749436 0.733587
vt 0.704363 0.730204
vt 0.932325 0.673612
vt 0.772339 0.229929
vt 0.764596 0.218046
vt 0.736493 0.216334
vt 0.758342 0.202237
vt 0.642553 0.616607
vt 0.633775 0.612435
vt 0.644116 0.614796
vt 0.739570 0.196164
vt 0.627157 0.611349
vt 0.634644 0.609747
vt 0.750239 0.187622
vt 0.621855 0.607679
vt 0.623966 0.604165
vt 0.717579 0.697182
vt 0.618219 0.611125
vt 0.674199 0.471868
vt 0.287360 0.851883
vt 0.485599 0.355846
vt 0.425804 0.252959
vt 0.687163 0.454879
vt 0.674826 0.462873
vt 0.327854 0.871377
vt 0.379620 0.147179
vt 0.356037 0.136814
vt 0.368962 0.131514
vt 0.491949 0.913801
vt 0.754467 0.614542
vt 0.559069 0.046573
vt 0.038992 0.386725
vt 0.022757 0.381450
vt 0.041902 0.371530
vt 0.728363 0.622649
vt 0.668077 0.522704
vt 0.222507 0.642304
vt 0.221864 0.618239
vt 0.591830 0.509112
vt 0.551646 0.532089
vt 0.732965 0.741456
vt 0.657766 0.623124
vt 0.652926 0.625735
vt 0.646091 0.619082
vt 0.752733 0.195563
vt 0.706554 0.458350
vt 0.691895 0.462116
vt 0.700097 0.462658
vt 0.392719 0.148032
vt 0.378298 0.161886
vt 0.699103 0.468896
vt 0.983320 0.199551
vt 0.973039 0.190924
vt 0.983803 0.165334
vt 0.312216 0.861613
vt 0.095236 0.308464
vt 0.185735 0.245997
vt 0.193262 0.279341
vt 0.262141 0.788880
vt 0.548365 0.045348
vt 0.039245 0.216577
vt 0.046890 0.240105
vt 0.026185 0.214529
vt 0.242561 0.645170
vt 0.236578 0.645697
vt 0.240402 0.636002
vt 0.832183 0.778810
vt 0.823365 0.771605
vt 0.821246 0.761885
vt 0.953363 0.667623
vt 0.927473 0.672191
vt 0.668203 0.204011
vt 0.664389 0.190427
vt 0.670483 0.191982
vt 0.374063 0.207600
vt 0.658311 0.589088
vt 0.663594 0.582215
vt 0.647723 0.595368
vt 0.738738 0.203690
vt 0.396009 0.149792
vt 0.761353 0.441897
vt 0.408453 0.138483
vt 0.421481 0.130505
vt 0.769436 0.501122
vt 0.762841 0.501703
vt 0.308901 0.848116
vt 0.417697 0.270795
vt 0.656380 0.528889
vt 0.674779 0.529282
vt 0.667253 0.533475
vt 0.246837 0.631882
vt 0.662822 0.537840
vt 0.656473 0.533605
vt 0.230380 0.641138
vt 0.646671 0.517124
vt 0.275311 0.797769
vt 0.010972 0.578311
vt 0.015485 0.584023
vt 0.008643 0.582346
vt 0.728590 0.387296
vt 0.742326 0.414719
vt 0.964945 0.635876
vt 0.934516 0.625989
vt 0.962737 0.596591
vt 0.057304 0.581700
vt 0.056895 0.571472
vt 0.642703 0.682482
vt 0.513528 0.783418
vt 0.509576 0.787781
vt 0.491628 0.787417
vt 0.048676 0.287509
vt 0.045637 0.289532
vt 0.045632 0.272125
vt 0.635830 0.605125
vt 0.746738 0.194007
vt 0.746740 0.178436
vt 0.760401 0.458015
vt 0.309057 0.833905
vt 0.179897 0.279897
vt 0.176962 0.269883
vt 0.174404 0.255794
vt 0.414116 0.257728
vt 0.418546 0.246017
vt 0.411967 0.133301
vt 0.403932 0.141591
vt 0.312742 0.852721
vt 0.422208 0.235480
vt 0.407505 0.279017
vt 0.265669 0.802244
vt 0.257071 0.776001
vt 0.032447 0.236238
vt 0.230448 0.626724
vt 0.241492 0.629572
vt 0.945649 0.832785
vt 0.639411 0.508788
vt 0.547242 0.781100
vt 0.651093 0.439679
vt 0.627092 0.429237
vt 0.642000 0.417966
vt 0.964631 0.673657
vt 0.247431 0.589161
vt 0.262040 0.597775
vt 0.258876 0.604045
vt 0.935028 0.669304
vt 0.743895 0.206384
vt 0.757697 0.475712
vt 0.419886 0.240133
vt 0.421362 0.129898
vt 0.042063 0.936523
vt 0.015317 0.936523
vt 0.023440 0.929588
vt 0.768821 0.466047
vt 0.083592 0.297994
vt 0.383985 0.154317
vt 0.268938 0.643783
vt 0.029786 0.365511
vt 0.556707 0.541583
vt 0.654407 0.525093
vt 0.675773 0.556188
vt 0.652069 0.536129
vt 0.239330 0.622974
vt 0.650672 0.532363
vt 0.467025 0.143608
vt 0.454986 0.149281
vt 0.635286 0.501320
vt 0.636045 0.514232
vt 0.634539 0.512430
vt 0.833810 0.666102
vt 0.833324 0.673885
vt 0.819396 0.755922
vt 0.315985 0.127978
vt 0.413440 0.177376
vt 0.439280 0.198270
vt 0.394011 0.207606
vt 0.614628 0.694253
vt 0.252067 0.071320
vt 0.266032 0.598752
vt 0.264797 0.604111
vt 0.372069 0.207638
vt 0.041485 0.279390
vt 0.049111 0.271406
vt 0.665587 0.639362
vt 0.743013 0.217213
vt 0.052280 0.357438
vt 0.670821 0.563946
vt 0.243286 0.622805
vt 0.224191 0.604406
vt 0.578759 0.526483
vt 0.002143 0.578949
vt 0.820586 0.769447
vt 0.818487 0.760947
vt 0.316084 0.138814
vt 0.423335 0.139982
vt 0.738826 0.078099
vt 0.720335 0.054333
vt 0.764077 0.053667
vt 0.797638 0.737479
vt 0.703861 0.517785
vt 0.274019 0.598417
vt 0.363925 0.214073
vt 0.190411 0.557007
vt 0.193611 0.552518
vt 0.199561 0.567944
vt 0.273557 0.968720
vt 0.269837 0.977158
vt 0.250947 0.981492
vt 0.051962 0.284009
vt 0.765821 0.227800
vt 0.740320 0.233785
vt 0.659016 0.618772
vt 0.744884 0.227425
vt 0.644445 0.600726
vt 0.582792 0.540123
vt 0.938926 0.814174
vt 0.273295 0.788393
vt 0.276435 0.768689
vt 0.988306 0.698031
vt 0.996479 0.692093
vt 0.997471 0.703199
vt 0.000700 0.583420
vt 0.633017 0.512294
vt 0.830991 0.664798
vt 0.217924 0.583271
vt 0.229613 0.581311
vt 0.215643 0.584559
vt 0.249264 0.066975
vt 0.207308 0.577369
vt 0.205469 0.570826
vt 0.209888 0.568681
vt 0.932207 0.668319
vt 0.527838 0.790400
vt 0.666417 0.594896
vt 0.651771 0.611007
vt 0.964751 0.194380
vt 0.979983 0.201483
vt 0.953583 0.206614
vt 0.242017 0.612927
vt 0.642357 0.529887
vt 0.271404 0.780683
vt 0.565528 0.529443
vt 0.961110 0.227084
vt 0.978311 0.218570
vt 0.980208 0.229357
vt 0.747731 0.705595
vt 0.758812 0.723847
vt 0.189596 0.345920
vt 0.182761 0.337673
vt 0.204464 0.335425
vt 0.289088 0.608504
vt 0.280107 0.603738
vt 0.287605 0.597759
vt 0.294672 0.601254
vt 0.294865 0.608602
vt 0.243466 0.972763
vt 0.258284 0.967067
vt 0.247803 0.974584
vt 0.256504 0.959858
vt 0.084376 0.268607
vt 0.087097 0.282669
vt 0.079743 0.270302
vt 0.656895 0.606531
vt 0.271975 0.616422
vt 0.640476 0.530708
vt 0.245993 0.615832
vt 0.956587 0.216035
vt 0.823582 0.781173
vt 0.641128 0.519155
vt 0.458455 0.149666
vt 0.752144 0.697485
vt 0.763355 0.715876
vt 0.808758 0.664544
vt 0.831084 0.661635
vt 0.899970 0.303081
vt 0.871272 0.320347
vt 0.871549 0.301282
vt 0.237259 0.602156
vt 0.057311 0.271246
vt 0.056980 0.290622
vt 0.761559 0.224581
vt 0.750775 0.214570
vt 0.266930 0.776863
vt 0.818982 0.777967
vt 0.818944 0.775529
vt 0.820827 0.773695
vt 0.939955 0.849246
vt 0.589462 0.023260
vt 0.566497 0.029157
vt 0.568595 0.022531
vt 0.459468 0.148058
vt 0.274043 0.801903
vt 0.581295 0.015799
vt 0.825196 0.788975
vt 0.817154 0.766663
vt 0.638046 0.524280
vt 0.207091 0.563595
vt 0.313819 0.243673
vt 0.316973 0.256665
vt 0.306388 0.247964
vt 0.678003 0.199377
vt 0.659054 0.205709
vt 0.529747 0.787394
vt 0.756000 0.214868
vt 0.272130 0.786788
vt 0.335551 0.863861
vt 0.349098 0.905552
vt 0.335632 0.909558
vt 0.273847 0.795955
vt 0.232580 0.601746
vt 0.763394 0.710045
vt 0.063622 0.972796
vt 0.037191 0.958948
vt 0.070922 0.953681
vt 0.055083 0.462287
vt 0.052654 0.415702
vt 0.079188 0.449840
vt 0.689767 0.192605
vt 0.690709 0.196389
vt 0.686857 0.197699
vt 0.271479 0.592185
vt 0.255775 0.065857
vt 0.046981 0.258260
vt 0.238949 0.970779
vt 0.303720 0.818755
vt 0.299299 0.802675
vt 0.306710 0.805998
vt 0.308667 0.820996
vt 0.636206 0.538684
vt 0.027405 0.355306
vt 0.155764 0.847960
vt 0.119727 0.857661
vt 0.121987 0.831836
vt 0.308443 0.256125
vt 0.681915 0.184154
vt 0.652994 0.195184
vt 0.040417 0.262328
vt 0.953663 0.935038
vt 0.948921 0.952602
vt 0.943064 0.953478
vt 0.523526 0.782475
vt 0.052779 0.265357
vt 0.078643 0.263510
vt 0.270335 0.986318
vt 0.250632 0.987175
vt 0.081726 0.283459
vt 0.062600 0.282884
vt 0.616037 0.563944
vt 0.827898 0.985490
vt 0.852828 0.985490
vt 0.829698 0.997835
vt 0.583138 0.527542
vt 0.762393 0.008622
vt 0.754934 0.007307
vt 0.775718 0.007072
vt 0.389290 0.995703
vt 0.369533 0.997431
vt 0.363040 0.996250
vt 0.570775 0.029321
vt 0.716806 0.531658
vt 0.706049 0.511308
vt 0.904343 0.328919
vt 0.884776 0.333664
vt 0.711701 0.199658
vt 0.707365 0.187666
vt 0.301882 0.245775
vt 0.273101 0.585169
vt 0.294612 0.596864
vt 0.959608 0.937063
vt 0.541664 0.797467
vt 0.044599 0.191423
vt 0.048195 0.185027
vt 0.048936 0.197140
vt 0.751329 0.228667
vt 0.663045 0.599893
vt 0.914260 0.483689
vt 0.940571 0.486078
vt 0.916116 0.511927
vt 0.759189 0.740925
vt 0.696294 0.490185
vt 0.689688 0.204103
vt 0.207931 0.557208
vt 0.201708 0.547839
vt 0.955088 0.954429
vt 0.083898 0.447424
vt 0.922438 0.750220
vt 0.894142 0.742316
vt 0.897444 0.716162
vt 0.301497 0.603591
vt 0.547116 0.791267
vt 0.074905 0.269878
vt 0.756586 0.229795
vt 0.764985 0.714766
vt 0.718960 0.526649
vt 0.282503 0.260808
vt 0.270167 0.248698
vt 0.284915 0.244261
vt 0.305116 0.256157
vt 0.210428 0.546052
vt 0.283247 0.589509
vt 0.652504 0.205022
vt 0.041349 0.242920
vt 0.545861 0.805655
vt 0.964567 0.939348
vt 0.043661 0.307045
vt 0.043926 0.310565
vt 0.026697 0.313294
vt 0.727188 0.528222
vt 0.864422 0.290534
vt 0.235098 0.563341
vt 0.230287 0.571074
vt 0.339744 0.258843
vt 0.334167 0.264499
vt 0.329816 0.247891
vt 0.533091 0.781371
vt 0.048739 0.248245
vt 0.041777 0.210538
vt 0.063641 0.270484
vt 0.666048 0.616288
vt 0.028146 0.971827
vt 0.384584 0.873142
vt 0.408351 0.897534
vt 0.389109 0.908395
vt 0.436357 0.811723
vt 0.449416 0.823375
vt 0.438560 0.824214
vt 0.311432 0.261620
vt 0.684064 0.208699
vt 0.324720 0.248906
vt 0.044033 0.243320
vt 0.953988 0.927485
vt 0.951779 0.926512
vt 0.054162 0.251566
vt 0.312840 0.810734
vt 0.076005 0.277727
vt 0.859229 0.983277
vt 0.837809 0.963532
vt 0.846795 0.959402
vt 0.434208 0.209335
vt 0.705988 0.513528
vt 0.177486 0.346644
vt 0.632559 0.416984
vt 0.277169 0.585340
vt 0.207956 0.550609
vt 0.016820 0.391511
vt 0.013689 0.401765
vt 0.009332 0.400311
vt 0.020555 0.395878
vt 0.017061 0.403915
vt 0.947374 0.931017
vt 0.530971 0.779815
vt 0.312357 0.826514
vt 0.073085 0.290745
vt 0.071035 0.270859
vt 0.826646 0.982846
vt 0.189393 0.332266
vt 0.292330 0.583139
vt 0.000695 0.518528
vt 0.001784 0.505317
vt 0.009002 0.517172
vt 0.649342 0.220121
vt 0.011294 0.393585
vt 0.960462 0.955662
vt 0.051135 0.218395
vt 0.054839 0.208166
vt 0.317035 0.821879
vt 0.067687 0.285043
vt 0.028211 0.333465
vt 0.532199 0.761944
vt 0.721443 0.527819
vt 0.912159 0.436616
vt 0.896060 0.427421
vt 0.903778 0.406446
vt 0.370516 0.896256
vt 0.718006 0.380637
vt 0.156772 0.858428
vt 0.141023 0.858373
vt 0.622045 0.418722
vt 0.254878 0.260923
vt 0.254665 0.242829
vt 0.685694 0.213917
vt 0.327768 0.271828
vt 0.021375 0.516000
vt 0.010121 0.522745
vt 0.143949 0.316607
vt 0.139491 0.295178
vt 0.150138 0.288191
vt 0.020507 0.398599
vt 0.748805 0.955006
vt 0.761961 0.934336
vt 0.754475 0.948336
vt 0.716693 0.519712
vt 0.046604 0.940397
vt 0.069222 0.421549
vt 0.089841 0.423710
vt 0.898985 0.413487
vt 0.899842 0.748249
vt 0.542262 0.023026
vt 0.526376 0.021975
vt 0.544772 0.016046
vt 0.147826 0.505582
vt 0.166059 0.507384
vt 0.152896 0.514632
vt 0.159352 0.496219
vt 0.975564 0.244710
vt 0.973715 0.248576
vt 0.966655 0.231561
vt 0.324872 0.801786
vt 0.325506 0.827842
vt 0.321267 0.824111
vt 0.938666 0.525139
vt 0.055384 0.838736
vt 0.054175 0.830208
vt 0.058135 0.831946
vt 0.002546 0.214685
vt 0.008734 0.216869
vt 0.006206 0.220111
vt 0.894411 0.748973
vt 0.232004 0.560077
vt 0.718759 0.222847
vt 0.282792 0.579753
vt 0.315729 0.270374
vt 0.654553 0.223621
vt 0.020298 0.503518
vt 0.524473 0.013102
vt 0.152748 0.310384
vt 0.579045 0.060932
vt 0.569567 0.069492
vt 0.577587 0.048432
vt 0.574641 0.052354
vt 0.155857 0.288339
vt 0.815881 0.452832
vt 0.842971 0.437223
vt 0.839575 0.448694
vt 0.190250 0.737467
vt 0.193367 0.737740
vt 0.190373 0.753354
vt 0.187099 0.762238
vt 0.066969 0.903839
vt 0.067208 0.901659
vt 0.083225 0.913491
vt 0.109378 0.618210
vt 0.112429 0.616344
vt 0.110860 0.632310
vt 0.396832 0.873480
vt 0.429404 0.872141
vt 0.424170 0.874793
vt 0.198449 0.736316
vt 0.902373 0.988018
vt 0.899728 0.978076
vt 0.918962 0.991530
vt 0.050801 0.901415
vt 0.113771 0.637328
vt 0.915129 0.981695
vt 0.111009 0.659476
vt 0.164428 0.013188
vt 0.168364 0.010172
vt 0.184763 0.013064
vt 0.183788 0.009372
vt 0.070873 0.900293
vt 0.316904 0.016878
vt 0.336791 0.018899
vt 0.316043 0.019414
vt 0.896634 0.969235
vt 0.293910 0.018811
vt 0.949052 0.471247
vt 0.947780 0.492852
vt 0.945151 0.481074
vt 0.193389 0.750350
vt 0.042180 0.895649
vt 0.054731 0.898674
vt 0.946424 0.467365
vt 0.913711 0.975156
vt 0.969521 0.055158
vt 0.970354 0.069594
vt 0.968773 0.072986
vt 0.993639 0.455243
vt 0.995933 0.451269
vt 0.994522 0.468789
vt 0.946342 0.455873
vt 0.949302 0.454538
vt 0.020584 0.402372
vt 0.020149 0.415257
vt 0.937346 0.949129
vt 0.059230 0.250374
vt 0.075400 0.249750
vt 0.081619 0.253586
vt 0.315925 0.809959
vt 0.883767 0.954947
vt 0.916172 0.959072
vt 0.914359 0.971978
vt 0.062277 0.839219
vt 0.893150 0.436781
vt 0.894340 0.426982
vt 0.378746 0.904204
vt 0.641905 0.415413
vt 0.650711 0.428284
vt 0.879426 0.755638
vt 0.312157 0.271213
vt 0.680041 0.217145
vt 0.664169 0.227331
vt 0.813185 0.458969
vt 0.841032 0.453347
vt 0.137904 0.313763
vt 0.599524 0.039806
vt 0.131994 0.298492
vt 0.134256 0.293421
vt 0.183363 0.777859
vt 0.183809 0.769526
vt 0.128979 0.294974
vt 0.038293 0.912553
vt 0.049472 0.906401
vt 0.111915 0.595551
vt 0.449662 0.873914
vt 0.816898 0.432553
vt 0.990187 0.247835
vt 0.038315 0.891659
vt 0.050333 0.894899
vt 0.080528 0.891306
vt 0.087749 0.886901
vt 0.943768 0.463284
vt 0.988219 0.194922
vt 0.988956 0.195036
vt 0.985934 0.197493
vt 0.977277 0.242415
vt 0.539161 0.764232
vt 0.748689 0.948936
vt 0.072459 0.259673
vt 0.701450 0.998567
vt 0.696261 0.999921
vt 0.699262 0.997316
vt 0.006066 0.210001
vt 0.002814 0.219416
vt 0.047484 0.836786
vt 0.050391 0.829834
vt 0.892187 0.425358
vt 0.893688 0.405446
vt 0.383215 0.911877
vt 0.367857 0.902182
vt 0.473176 0.826580
vt 0.448565 0.827793
vt 0.139429 0.861641
vt 0.862831 0.308856
vt 0.862253 0.276102
vt 0.103159 0.860983
vt 0.866208 0.264035
vt 0.888413 0.341194
vt 0.870946 0.328763
vt 0.632780 0.411483
vt 0.647459 0.409931
vt 0.391469 0.913633
vt 0.365115 0.727551
vt 0.354736 0.732766
vt 0.365255 0.714153
vt 0.362353 0.733752
vt 0.171907 0.367159
vt 0.156286 0.365763
vt 0.159079 0.340065
vt 0.474568 0.821778
vt 0.351639 0.738097
vt 0.281395 0.282357
vt 0.140754 0.329657
vt 0.149131 0.320491
vt 0.148749 0.334342
vt 0.575157 0.048499
vt 0.008767 0.975463
vt 0.006447 0.984120
vt 0.007658 0.959970
vt 0.188156 0.738067
vt 0.185718 0.754463
vt 0.068898 0.907438
vt 0.005973 0.792420
vt 0.008250 0.789167
vt 0.008030 0.814069
vt 0.007913 0.743011
vt 0.010233 0.734353
vt 0.009476 0.759517
vt 0.972621 0.645708
vt 0.973842 0.666932
vt 0.970623 0.663848
vt 0.742064 0.016690
vt 0.775696 0.018010
vt 0.756591 0.020583
vt 0.780187 0.020427
vt 0.041821 0.890102
vt 0.058588 0.896726
vt 0.070525 0.898112
vt 0.969036 0.047321
vt 0.974112 0.058903
vt 0.997533 0.455707
vt 0.014062 0.673529
vt 0.003987 0.674859
vt 0.000651 0.672933
vt 0.939499 0.483240
vt 0.940743 0.473601
vt 0.782827 0.022437
vt 0.797857 0.017288
vt 0.797918 0.020131
vt 0.045752 0.226954
vt 0.318810 0.801049
vt 0.119237 0.380829
vt 0.117923 0.360399
vt 0.123037 0.375703
vt 0.719436 0.068695
vt 0.808356 0.676338
vt 0.761443 0.738389
vt 0.699672 0.991796
vt 0.041631 0.831443
vt 0.046772 0.824972
vt 0.694491 0.994493
vt 0.891628 0.401881
vt 0.379881 0.912465
vt 0.448569 0.829536
vt 0.418026 0.829768
vt 0.952914 0.256470
vt 0.948222 0.225439
vt 0.951869 0.234129
vt 0.012881 0.351012
vt 0.018598 0.350409
vt 0.033876 0.350583
vt 0.040086 0.345502
vt 0.878857 0.340331
vt 0.614154 0.412011
vt 0.890037 0.433409
vt 0.179187 0.333969
vt 0.705463 0.493935
vt 0.257845 0.288111
vt 0.544439 0.006464
vt 0.157945 0.488680
vt 0.180063 0.490496
vt 0.604561 0.043957
vt 0.592253 0.036918
vt 0.159105 0.316924
vt 0.253062 0.997512
vt 0.247869 0.995622
vt 0.274936 0.996601
vt 0.005947 0.965224
vt 0.969758 0.646161
vt 0.972946 0.630763
vt 0.049617 0.238927
vt 0.104156 0.006467
vt 0.112155 0.013579
vt 0.100319 0.008088
vt 0.751376 0.967086
vt 0.311981 0.794388
vt 0.065718 0.257934
vt 0.046536 0.840458
vt 0.886542 0.419073
vt 0.351335 0.896215
vt 0.942938 0.233403
vt 0.035558 0.339032
vt 0.620986 0.406938
vt 0.643975 0.407319
vt 0.369467 0.727977
vt 0.206235 0.541022
vt 0.010237 0.496382
vt 0.182564 0.497622
vt 0.803106 0.452210
vt 0.179787 0.793846
vt 0.063819 0.908563
vt 0.785156 0.017634
vt 0.002471 0.676748
vt 0.124939 0.376951
vt 0.125825 0.363524
vt 0.005988 0.679490
vt 0.002940 0.686351
vt 0.001553 0.679722
vt 0.704145 0.988799
vt 0.359050 0.914008
vt 0.875350 0.346585
vt 0.866623 0.327487
vt 0.355364 0.747014
vt 0.521437 0.006400
vt 0.154859 0.332456
vt 0.172678 0.518605
vt 0.180795 0.481981
vt 0.573132 0.042314
vt 0.185343 0.739210
vt 0.181821 0.762951
vt 0.179805 0.779804
vt 0.784899 0.532932
vt 0.799621 0.527063
vt 0.808212 0.530872
vt 0.983408 0.045525
vt 0.986298 0.047193
vt 0.984351 0.061326
vt 0.986467 0.031403
vt 0.126880 0.297559
vt 0.105321 0.273388
vt 0.948962 0.916825
vt 0.825805 0.021464
vt 0.930435 0.452177
vt 0.930414 0.420224
vt 0.933735 0.444344
vt 0.053588 0.893826
vt 0.071470 0.896074
vt 0.970246 0.039814
vt 0.977027 0.059348
vt 0.109221 0.015112
vt 0.936379 0.480415
vt 0.940120 0.464179
vt 0.944568 0.455103
vt 0.988218 0.192894
vt 0.997391 0.193702
vt 0.081783 0.243323
vt 0.315189 0.792408
vt 0.441232 0.180625
vt 0.809914 0.679582
vt 0.725586 0.525955
vt 0.712393 0.513335
vt 0.057623 0.847417
vt 0.045962 0.848870
vt 0.040655 0.838215
vt 0.182256 0.941461
vt 0.162929 0.942570
vt 0.166626 0.937273
vt 0.143884 0.939332
vt 0.712504 0.909080
vt 0.715944 0.928455
vt 0.697129 0.909533
vt 0.689647 0.899169
vt 0.950371 0.213858
vt 0.021528 0.339716
vt 0.885334 0.428790
vt 0.369158 0.735225
vt 0.318199 0.282521
vt 0.192446 0.502180
vt 0.812724 0.530260
vt 0.813926 0.527773
vt 0.824374 0.527208
vt 0.894992 0.013578
vt 0.896524 0.011002
vt 0.909645 0.009060
vt 0.987656 0.057543
vt 0.986181 0.063251
vt 0.022675 0.429017
vt 0.025388 0.436587
vt 0.025388 0.449636
vt 0.024718 0.418436
vt 0.114373 0.285349
vt 0.166776 0.301022
vt 0.932244 0.460912
vt 0.735832 0.953889
vt 0.133817 0.375909
vt 0.727673 0.521116
vt 0.717532 0.083165
vt 0.101067 0.073212
vt 0.109402 0.077429
vt 0.104652 0.108373
vt 0.821160 0.968879
vt 0.828966 0.966561
vt 0.009236 0.687847
vt 0.038167 0.825043
vt 0.689715 0.998460
vt 0.867492 0.340943
vt 0.632248 0.401845
vt 0.646805 0.402957
vt 0.167631 0.335911
vt 0.285279 0.566897
vt 0.674442 0.228208
vt 0.762530 0.578663
vt 0.758283 0.570313
vt 0.767214 0.573044
vt 0.152890 0.526767
vt 0.177953 0.471050
vt 0.574128 0.040986
vt 0.092357 0.007229
vt 0.093048 0.010054
vt 0.936293 0.470805
vt 0.693680 0.011041
vt 0.713274 0.009327
vt 0.714853 0.012252
vt 0.953176 0.272846
vt 0.944644 0.281618
vt 0.941088 0.278382
vt 0.948517 0.294386
vt 0.771290 0.374600
vt 0.765585 0.368690
vt 0.777011 0.365012
vt 0.929129 0.234830
vt 0.943090 0.226337
vt 0.861259 0.419884
vt 0.611167 0.398527
vt 0.324162 0.281881
vt 0.164364 0.533239
vt 0.157318 0.535786
vt 0.134543 0.338677
vt 0.129181 0.320917
vt 0.981468 0.956564
vt 0.983740 0.940569
vt 0.985421 0.966264
vt 0.857231 0.457074
vt 0.854883 0.449779
vt 0.856679 0.445602
vt 0.854975 0.441145
vt 0.857108 0.427892
vt 0.978260 0.055510
vt 0.373445 0.010950
vt 0.374436 0.014648
vt 0.359193 0.007228
vt 0.051122 0.236749
vt 0.087006 0.426822
vt 0.062665 0.416933
vt 0.120977 0.356805
vt 0.727542 0.525923
vt 0.136622 0.363326
vt 0.152131 0.368989
vt 0.033376 0.834949
vt 0.771377 0.361017
vt 0.774482 0.358121
vt 0.658850 0.932140
vt 0.646326 0.931690
vt 0.669203 0.928997
vt 0.699698 0.920510
vt 0.886942 0.443631
vt 0.712672 0.509488
vt 0.255079 0.561737
vt 0.738637 0.527517
vt 0.738806 0.514520
vt 0.741377 0.530839
vt 0.751392 0.528011
vt 0.152431 0.478664
vt 0.593083 0.027124
vt 0.164675 0.316012
vt 0.925439 0.476057
vt 0.920733 0.464807
vt 0.926708 0.470810
vt 0.934813 0.481754
vt 0.933060 0.468481
vt 0.933185 0.418931
vt 0.855053 0.426153
vt 0.856415 0.407075
vt 0.759605 0.081148
vt 0.774019 0.078538
vt 0.763576 0.082723
vt 0.099936 0.014775
vt 0.938267 0.461216
vt 0.992907 0.134425
vt 0.990945 0.144518
vt 0.985024 0.144633
vt 0.008703 0.619063
vt 0.000745 0.626015
vt 0.000084 0.623713
vt 0.053750 0.235050
vt 0.066595 0.240727
vt 0.041902 0.846128
vt 0.941482 0.224276
vt 0.872759 0.917179
vt 0.890897 0.926467
vt 0.873082 0.923970
vt 0.658932 0.924355
vt 0.616686 0.395132
vt 0.632683 0.397874
vt 0.370716 0.742440
vt 0.154038 0.349074
vt 0.675417 0.236830
vt 0.738108 0.534434
vt 0.735525 0.517444
vt 0.754572 0.570913
vt 0.767049 0.560507
vt 0.178233 0.777586
vt 0.763706 0.062446
vt 0.767475 0.067058
vt 0.767454 0.070218
vt 0.777352 0.071678
vt 0.560226 0.040746
vt 0.182676 0.744927
vt 0.819808 0.525326
vt 0.808337 0.525223
vt 0.800649 0.525433
vt 0.899534 0.007089
vt 0.779242 0.074176
vt 0.788058 0.074542
vt 0.732363 0.008648
vt 0.741383 0.006409
vt 0.740909 0.008630
vt 0.752222 0.008305
vt 0.124129 0.298065
vt 0.809781 0.432079
vt 0.809455 0.403218
vt 0.382347 0.006441
vt 0.062544 0.240817
vt 0.322499 0.772942
vt 0.036423 0.944834
vt 0.701848 0.146074
vt 0.708564 0.170943
vt 0.696384 0.151669
vt 0.690709 0.155490
vt 0.762187 0.351432
vt 0.766510 0.334665
vt 0.766006 0.352555
vt 0.052816 0.851085
vt 0.775619 0.355779
vt 0.781171 0.359203
vt 0.689675 0.993984
vt 0.148732 0.358556
vt 0.919082 0.235243
vt 0.633887 0.932094
vt 0.944783 0.445849
vt 0.944006 0.420483
vt 0.946418 0.427161
vt 0.264881 0.816064
vt 0.260906 0.809791
vt 0.286182 0.809240
vt 0.895890 0.930772
vt 0.715690 0.932611
vt 0.652197 0.396476
vt 0.335771 0.754095
vt 0.304607 0.294886
vt 0.758369 0.562397
vt 0.826373 0.525995
vt 0.911019 0.007758
vt 0.758703 0.063578
vt 0.179288 0.763056
vt 0.946978 0.992217
vt 0.924853 0.992896
vt 0.945845 0.988467
vt 0.921094 0.988650
vt 0.750021 0.078438
vt 0.741123 0.082024
vt 0.787814 0.078983
vt 0.785248 0.081873
vt 0.931692 0.479062
vt 0.034908 0.695596
vt 0.035122 0.693533
vt 0.049367 0.695130
vt 0.825618 0.520923
vt 0.818637 0.517702
vt 0.826881 0.518866
vt 0.001217 0.628809
vt 0.031963 0.695743
vt 0.025179 0.677809
vt 0.326498 0.773083
vt 0.122847 0.349382
vt 0.475551 0.107263
vt 0.477467 0.095438
vt 0.477814 0.107263
vt 0.475424 0.091307
vt 0.068429 0.419225
vt 0.765245 0.329608
vt 0.766450 0.322495
vt 0.050883 0.853202
vt 0.037063 0.942336
vt 0.039062 0.851308
vt 0.030415 0.835194
vt 0.035565 0.842224
vt 0.032198 0.840818
vt 0.775663 0.353485
vt 0.767324 0.357994
vt 0.759229 0.360439
vt 0.757288 0.364263
vt 0.767876 0.360567
vt 0.699666 0.926217
vt 0.645422 0.920127
vt 0.941017 0.431462
vt 0.282351 0.816409
vt 0.542985 0.807831
vt 0.550875 0.807799
vt 0.533738 0.815107
vt 0.623989 0.389860
vt 0.298866 0.814465
vt 0.219227 0.532154
vt 0.670200 0.236468
vt 0.161474 0.335299
vt 0.192271 0.515329
vt 0.569356 0.034758
vt 0.179681 0.748752
vt 0.784255 0.076317
vt 0.928207 0.479808
vt 0.990087 0.937854
vt 0.989519 0.969453
vt 0.812485 0.520655
vt 0.806151 0.515131
vt 0.766263 0.076139
vt 0.937746 0.453690
vt 0.030126 0.695821
vt 0.132379 0.345485
vt 0.030613 0.845036
vt 0.478187 0.120013
vt 0.717815 0.070078
vt 0.717596 0.061825
vt 0.089413 0.063504
vt 0.918587 0.958647
vt 0.845441 0.958428
vt 0.829797 0.964464
vt 0.837528 0.961734
vt 0.821537 0.965770
vt 0.942177 0.284207
vt 0.939943 0.280350
vt 0.946897 0.298342
vt 0.951714 0.301317
vt 0.442014 0.195590
vt 0.442781 0.205073
vt 0.075399 0.421562
vt 0.085955 0.424578
vt 0.477255 0.083246
vt 0.937712 0.279483
vt 0.442977 0.180068
vt 0.763690 0.337667
vt 0.035718 0.851615
vt 0.797070 0.363531
vt 0.797088 0.375722
vt 0.788577 0.400802
vt 0.790827 0.403920
vt 0.766176 0.413786
vt 0.652485 0.919947
vt 0.872274 0.927479
vt 0.940135 0.411098
vt 0.635829 0.394381
vt 0.665046 0.919356
vt 0.749327 0.539113
vt 0.123816 0.334502
vt 0.795578 0.453624
vt 0.181760 0.737130
vt 0.824964 0.524053
vt 0.909958 0.006496
vt 0.762884 0.071980
vt 0.774717 0.075095
vt 0.753170 0.011318
vt 0.837465 0.530576
vt 0.733400 0.011738
vt 0.930509 0.470393
vt 0.176099 0.297952
vt 0.171819 0.312536
vt 0.431638 0.765068
vt 0.450512 0.767895
vt 0.415380 0.767695
vt 0.796391 0.517917
vt 0.012667 0.632287
vt 0.000119 0.636945
vt 0.693137 0.152180
vt 0.706836 0.133163
vt 0.113439 0.073826
vt 0.115752 0.073711
vt 0.820515 0.964679
vt 0.445525 0.201891
vt 0.445118 0.180172
vt 0.761192 0.334662
vt 0.727104 0.515700
vt 0.031068 0.866543
vt 0.480437 0.102467
vt 0.709428 0.132318
vt 0.092443 0.063084
vt 0.844987 0.956890
vt 0.936607 0.280620
vt 0.942038 0.295135
vt 0.949058 0.302021
vt 0.069279 0.417454
vt 0.755823 0.360303
vt 0.477790 0.073218
vt 0.727633 0.112529
vt 0.086623 0.422060
vt 0.338048 0.758659
vt 0.343232 0.763826
vt 0.332742 0.763770
vt 0.855459 0.932257
vt 0.351236 0.757322
vt 0.267265 0.553118
vt 0.184417 0.527016
vt 0.572793 0.031805
vt 0.799860 0.522813
vt 0.894768 0.000154
vt 0.921176 0.326308
vt 0.924827 0.323245
vt 0.923454 0.346721
vt 0.922821 0.302617
vt 0.834667 0.517374
vt 0.907983 0.000709
vt 0.562244 0.031601
vt 0.178206 0.736426
vt 0.391568 0.768301
vt 0.408527 0.763822
vt 0.113373 0.010221
vt 0.130960 0.006454
vt 0.131376 0.009928
vt 0.111390 0.006618
vt 0.037751 0.931194
vt 0.066931 0.927310
vt 0.053932 0.937953
vt 0.827836 0.962117
vt 0.938921 0.290951
vt 0.931101 0.276401
vt 0.026417 0.647655
vt 0.029268 0.648222
vt 0.016208 0.659280
vt 0.633412 0.389744
vt 0.298440 0.822480
vt 0.265547 0.818992
vt 0.555029 0.784915
vt 0.553162 0.809189
vt 0.794595 0.392501
vt 0.242746 0.544893
vt 0.164072 0.539942
vt 0.152467 0.541441
vt 0.745472 0.538776
vt 0.758335 0.553922
vt 0.768422 0.552428
vt 0.764647 0.531493
vt 0.174676 0.461552
vt 0.174768 0.327012
vt 0.121670 0.322272
vt 0.033352 0.699006
vt 0.947823 0.306377
vt 0.054342 0.411151
vt 0.023395 0.670301
vt 0.516569 0.825679
vt 0.240832 0.553559
vt 0.168863 0.539476
vt 0.753606 0.556328
vt 0.148363 0.468193
vt 0.009757 0.881284
vt 0.006209 0.894527
vt 0.005447 0.870063
vt 0.135223 0.351123
vt 0.078870 0.762904
vt 0.078359 0.792348
vt 0.070351 0.780839
vt 0.698461 0.121863
vt 0.694563 0.133701
vt 0.106728 0.059938
vt 0.927498 0.294947
vt 0.453151 0.199448
vt 0.071756 0.411404
vt 0.720474 0.509391
vt 0.805673 0.427053
vt 0.645691 0.915094
vt 0.633906 0.918043
vt 0.172323 0.537571
vt 0.116604 0.308589
vt 0.121096 0.297115
vt 0.048264 0.914973
vt 0.059542 0.917708
vt 0.036298 0.925001
vt 0.028366 0.708165
vt 0.347222 0.071413
vt 0.334943 0.078185
vt 0.348503 0.055029
vt 0.147182 0.346934
vt 0.270818 0.826983
vt 0.653783 0.915764
vt 0.936939 0.448637
vt 0.646852 0.389076
vt 0.381192 0.748045
vt 0.797990 0.438877
vt 0.180582 0.296578
vt 0.178388 0.313993
vt 0.988537 0.999943
vt 0.973699 0.999943
vt 0.988445 0.997604
vt 0.030286 0.640145
vt 0.035779 0.659686
vt 0.581028 0.821460
vt 0.545809 0.814513
vt 0.637231 0.892284
vt 0.643377 0.904270
vt 0.935387 0.413572
vt 0.623785 0.384058
vt 0.743621 0.562962
vt 0.735414 0.545029
vt 0.177836 0.562730
vt 0.174456 0.558622
vt 0.178030 0.557320
vt 0.176821 0.552272
vt 0.171791 0.543392
vt 0.193584 0.547062
vt 0.769796 0.541955
vt 0.090553 0.419258
vt 0.353899 0.764260
vt 0.725605 0.578545
vt 0.166706 0.544630
vt 0.172607 0.547189
vt 0.752528 0.545748
vt 0.175099 0.545548
vt 0.187241 0.539690
vt 0.164902 0.456298
vt 0.204218 0.527124
vt 0.070463 0.938034
vt 0.112148 0.317807
vt 0.102555 0.303596
vt 0.065402 0.922242
vt 0.106963 0.332286
vt 0.078234 0.740266
vt 0.069328 0.759701
vt 0.330787 0.093083
vt 0.330616 0.074605
vt 0.450989 0.178641
vt 0.744133 0.350520
vt 0.744359 0.363611
vt 0.149904 0.340327
vt 0.303441 0.830774
vt 0.259485 0.866874
vt 0.268547 0.887958
vt 0.257962 0.871639
vt 0.555831 0.822289
vt 0.953063 0.071777
vt 0.953762 0.093160
vt 0.948150 0.055442
vt 0.643805 0.382348
vt 0.261172 0.295061
vt 0.167631 0.570651
vt 0.115502 0.332034
vt 0.176226 0.446515
vt 0.129812 0.065148
vt 0.341106 0.061314
vt 0.759574 0.316916
vt 0.270162 0.835024
vt 0.252156 0.841670
vt 0.966809 0.291227
vt 0.968618 0.271712
vt 0.973859 0.282546
vt 0.948150 0.085555
vt 0.229193 0.869921
vt 0.985302 0.655400
vt 0.988705 0.653435
vt 0.986663 0.687418
vt 0.391804 0.753247
vt 0.284605 0.289642
vt 0.715008 0.238834
vt 0.685125 0.249882
vt 0.158706 0.552379
vt 0.705437 0.556981
vt 0.074050 0.911402
vt 0.329554 0.072556
vt 0.932950 0.298978
vt 0.729194 0.368397
vt 0.728883 0.355829
vt 0.300912 0.844191
vt 0.294950 0.063706
vt 0.312513 0.055573
vt 0.336894 0.056822
vt 0.656026 0.911113
vt 0.463740 0.187110
vt 0.471119 0.182166
vt 0.469135 0.206727
vt 0.619544 0.374922
vt 0.257323 0.557208
vt 0.718976 0.231106
vt 0.315463 0.300553
vt 0.208721 0.532213
vt 0.182879 0.326131
vt 0.069445 0.408238
vt 0.090539 0.418030
vt 0.281809 0.846474
vt 0.281647 0.845341
vt 0.305960 0.845668
vt 0.068404 0.780188
vt 0.273296 0.848118
vt 0.273041 0.874657
vt 0.271614 0.847669
vt 0.273814 0.873248
vt 0.287727 0.887819
vt 0.108983 0.058376
vt 0.954046 0.283079
vt 0.956470 0.271362
vt 0.954987 0.287309
vt 0.913915 0.288959
vt 0.947809 0.307351
vt 0.454477 0.198826
vt 0.452781 0.176638
vt 0.358910 0.773831
vt 0.388384 0.770895
vt 0.394085 0.772297
vt 0.067027 0.759618
vt 0.932400 0.307830
vt 0.954187 0.306373
vt 0.648431 0.374482
vt 0.631618 0.369541
vt 0.135481 0.341655
vt 0.057471 0.773704
vt 0.267900 0.838869
vt 0.264649 0.301342
vt 0.297567 0.315288
s 1
usemtl Material.001
f 1/1/1 2/2/2 3/3/3
f 12/4/4 4/5/5 15/6/6
f 1/1/1 5/7/7 2/2/2
f 15/6/6 4/5/5 53/8/8
f 1/1/1 6/9/9 5/7/7
f 12/4/4 7/10/10 4/5/5
f 53/8/8 4/5/5 47/11/11
f 7/10/10 8/12/12 4/5/5
f 4/5/5 8/12/12 47/11/11
f 15/6/6 9/13/13 12/4/4
f 7/10/10 10/14/14 8/12/12
f 5/7/7 6/9/9 11/15/15
f 12/16/4 9/17/13 13/18/16
f 2/2/2 36/19/17 3/3/3
f 15/6/6 53/8/8 14/20/18
f 5/7/7 409/21/19 2/2/2
f 5/7/7 11/15/15 409/21/19
f 15/22/6 14/23/18 9/17/13
f 16/24/20 1/1/1 3/3/3
f 8/12/12 17/25/21 47/11/11
f 18/26/22 11/15/15 6/9/9
f 16/24/20 19/27/23 1/1/1
f 1/1/1 19/27/23 6/9/9
f 3/3/3 36/19/17 16/24/20
f 12/4/4 20/28/24 7/10/10
f 13/18/16 9/17/13 21/29/25
f 2/2/2 409/21/19 36/19/17
f 8/12/12 10/14/14 17/25/21
f 12/16/4 13/18/16 20/30/24
f 20/28/24 22/31/26 7/10/10
f 7/10/10 22/31/26 10/14/14
f 6/9/9 33/32/27 18/26/22
f 14/23/18 21/29/25 9/17/13
f 11/15/15 28/33/28 23/34/29
f 10/14/14 24/35/30 17/25/21
f 17/25/21 24/35/30 25/36/31
f 11/15/15 18/26/22 28/33/28
f 10/14/14 26/37/32 24/35/30
f 27/38/33 28/39/28 18/40/22
f 36/19/17 29/41/34 16/24/20
f 22/31/26 26/37/32 10/14/14
f 28/39/28 30/42/35 23/43/29
f 28/39/28 27/38/33 30/42/35
f 17/25/21 31/44/36 47/11/11
f 6/9/9 32/45/37 33/32/27
f 18/40/22 33/46/27 27/38/33
f 11/15/15 34/47/38 409/21/19
f 11/15/15 23/34/29 34/47/38
f 17/25/21 25/36/31 31/44/36
f 35/48/39 25/36/31 24/35/30
f 30/42/35 27/38/33 33/46/27
f 29/49/34 36/50/17 37/51/40
f 25/36/31 35/48/39 31/44/36
f 35/48/39 24/35/30 26/37/32
f 30/42/35 33/46/27 42/52/41
f 38/53/42 39/54/43 35/48/39
f 40/55/44 23/43/29 30/42/35
f 40/55/44 30/42/35 42/52/41
f 33/32/27 41/56/45 42/57/41
f 43/58/46 44/59/47 45/60/48
f 45/60/48 44/59/47 46/61/49
f 21/29/25 20/30/24 13/18/16
f 53/62/8 47/63/11 54/64/50
f 32/45/37 41/56/45 33/32/27
f 38/53/42 35/48/39 26/37/32
f 31/65/36 35/66/39 48/67/51
f 35/66/39 39/68/43 48/67/51
f 42/52/41 58/69/52 43/58/46
f 42/52/41 45/60/48 40/55/44
f 42/52/41 43/58/46 45/60/48
f 51/70/53 49/71/54 60/72/55
f 60/72/55 49/71/54 59/73/56
f 59/73/56 49/71/54 50/74/57
f 49/75/54 51/76/53 52/77/58
f 53/78/8 54/79/50 14/23/18
f 19/27/23 32/45/37 6/9/9
f 55/80/59 38/53/42 26/37/32
f 22/31/26 55/80/59 26/37/32
f 56/81/60 31/65/36 48/67/51
f 57/82/61 23/34/29 40/83/44
f 34/47/38 23/34/29 57/82/61
f 58/84/52 42/57/41 41/56/45
f 76/85/62 43/58/46 58/69/52
f 39/68/43 59/86/56 48/67/51
f 39/68/43 60/87/55 59/86/56
f 60/88/55 39/54/43 61/89/63
f 61/89/63 51/90/53 60/88/55
f 43/58/46 76/85/62 44/59/47
f 76/85/62 62/91/64 44/59/47
f 44/59/47 62/91/64 46/61/49
f 47/63/11 31/65/36 63/92/65
f 46/61/49 109/93/66 45/60/48
f 51/76/53 64/94/67 52/77/58
f 62/91/64 65/95/68 46/61/49
f 56/81/60 66/96/69 31/65/36
f 32/45/37 67/97/70 41/56/45
f 56/81/60 48/67/51 68/98/71
f 40/55/44 45/60/48 109/93/66
f 38/53/42 61/89/63 39/54/43
f 48/67/51 59/86/56 68/98/71
f 46/61/49 69/99/72 109/93/66
f 46/61/49 65/95/68 69/99/72
f 21/29/25 381/100/73 20/30/24
f 66/96/69 63/92/65 31/65/36
f 70/101/74 67/97/70 32/45/37
f 56/81/60 68/98/71 66/96/69
f 38/53/42 71/102/75 61/89/63
f 62/91/64 76/85/62 72/103/76
f 62/91/64 72/103/76 88/104/77
f 50/74/57 49/71/54 180/105/78
f 64/94/67 142/106/79 52/77/58
f 73/107/80 49/108/54 90/109/81
f 52/110/58 90/109/81 49/108/54
f 62/91/64 78/111/82 65/95/68
f 16/24/20 29/41/34 19/27/23
f 36/19/17 409/21/19 162/112/83
f 19/27/23 70/101/74 32/45/37
f 22/31/26 71/102/75 55/80/59
f 70/101/74 74/113/84 67/97/70
f 57/82/61 75/114/85 34/47/38
f 55/80/59 71/102/75 38/53/42
f 67/97/70 58/84/52 41/56/45
f 40/83/44 109/115/66 57/82/61
f 67/97/70 76/116/62 58/84/52
f 73/107/80 180/117/78 49/108/54
f 65/95/68 77/118/86 69/99/72
f 65/119/68 78/120/82 77/121/86
f 88/104/77 78/111/82 62/91/64
f 142/122/79 90/123/81 52/124/58
f 14/23/18 381/100/73 21/29/25
f 14/23/18 573/125/87 381/100/73
f 66/96/69 79/126/88 63/92/65
f 66/96/69 68/98/71 79/126/88
f 68/98/71 80/127/89 79/126/88
f 61/128/63 81/129/90 51/76/53
f 50/74/57 180/105/78 82/130/91
f 47/63/11 63/92/65 54/64/50
f 409/21/19 34/47/38 83/131/92
f 57/82/61 108/132/93 75/114/85
f 57/82/61 109/115/66 108/132/93
f 59/86/56 80/127/89 68/98/71
f 59/86/56 84/133/94 80/127/89
f 59/73/56 50/74/57 84/134/94
f 50/74/57 82/130/91 84/134/94
f 109/93/66 69/99/72 110/135/95
f 81/129/90 64/94/67 51/76/53
f 77/118/86 85/136/96 69/99/72
f 180/117/78 73/107/80 138/137/97
f 86/138/98 87/139/99 168/140/100
f 86/141/98 112/142/101 87/143/99
f 99/144/102 120/145/103 89/146/104
f 88/147/77 89/148/104 78/120/82
f 90/149/81 91/150/105 73/151/80
f 168/152/100 91/153/105 86/154/98
f 92/155/106 93/156/107 94/157/108
f 92/158/106 94/159/108 140/160/109
f 140/160/109 94/159/108 95/161/110
f 140/160/109 95/161/110 96/162/111
f 96/163/111 95/164/110 97/165/112
f 90/149/81 98/166/113 91/150/105
f 99/167/102 100/168/114 101/169/115
f 112/170/101 86/171/98 102/172/116
f 112/170/101 102/172/116 103/173/117
f 112/174/101 103/175/117 93/156/107
f 93/156/107 103/175/117 94/157/108
f 94/159/108 105/176/118 95/161/110
f 97/165/112 95/164/110 101/177/115
f 99/178/102 101/179/115 120/180/103
f 120/181/103 78/120/82 89/148/104
f 91/182/105 98/183/113 104/184/119
f 91/153/105 104/185/119 86/154/98
f 94/186/108 118/187/120 105/188/118
f 97/165/112 101/177/115 100/189/114
f 94/190/108 103/191/117 118/192/120
f 86/171/98 104/193/119 102/172/116
f 105/194/118 141/195/121 95/196/110
f 95/164/110 141/197/121 101/177/115
f 120/180/103 101/179/115 119/198/122
f 573/125/87 14/23/18 54/79/50
f 22/31/26 106/199/123 71/102/75
f 106/199/123 235/200/124 71/102/75
f 79/126/88 107/201/125 63/92/65
f 108/202/93 109/203/66 110/204/95
f 76/85/62 383/205/126 72/103/76
f 69/99/72 85/136/96 110/135/95
f 85/206/96 77/121/86 511/207/127
f 218/208/128 92/155/106 140/209/109
f 111/210/129 140/211/109 96/212/111
f 167/213/130 168/140/100 87/139/99
f 87/214/99 112/215/101 113/216/131
f 112/174/101 93/156/107 113/217/131
f 114/218/132 97/165/112 100/189/114
f 114/219/132 100/168/114 99/167/102
f 114/220/132 99/144/102 89/146/104
f 166/221/133 89/222/104 88/223/77
f 91/153/105 168/152/100 139/224/134
f 90/149/81 115/225/135 116/226/136
f 116/226/136 98/166/113 90/149/81
f 104/193/119 117/227/137 102/172/116
f 117/227/137 103/173/117 102/172/116
f 117/228/137 118/192/120 103/191/117
f 143/229/138 105/194/118 118/230/120
f 143/229/138 141/195/121 105/194/118
f 119/198/122 101/179/115 141/231/121
f 119/232/122 173/233/139 120/234/103
f 78/120/82 120/181/103 173/235/139
f 121/236/140 122/237/141 123/238/142
f 123/239/142 124/240/143 125/241/144
f 126/242/145 127/243/146 121/236/140
f 121/236/140 127/243/146 122/237/141
f 123/239/142 122/244/141 124/240/143
f 128/245/147 129/246/148 130/247/149
f 131/248/150 132/249/151 133/250/152
f 36/50/17 134/251/153 37/51/40
f 106/199/123 22/31/26 20/28/24
f 135/252/154 34/47/38 75/114/85
f 74/113/84 136/253/155 67/97/70
f 136/254/155 383/205/126 76/85/62
f 64/94/67 81/129/90 137/255/156
f 72/103/76 166/256/133 88/104/77
f 138/257/97 73/151/80 91/150/105
f 138/258/97 91/259/105 139/260/134
f 167/261/130 87/214/99 113/216/131
f 218/208/128 93/156/107 92/155/106
f 218/262/128 140/263/109 111/264/129
f 141/265/121 172/266/157 119/267/122
f 90/149/81 142/268/79 115/225/135
f 98/269/113 116/270/136 170/271/158
f 104/184/119 98/183/113 170/272/158
f 118/192/120 117/228/137 143/273/138
f 143/274/138 243/275/159 141/276/121
f 119/267/122 172/266/157 173/277/139
f 257/278/160 144/279/161 78/120/82
f 123/238/142 174/280/162 121/236/140
f 145/281/163 127/243/146 146/282/164
f 127/243/146 126/242/145 146/282/164
f 147/283/165 148/284/166 125/241/144
f 125/241/144 124/240/143 147/283/165
f 145/281/163 149/285/167 127/243/146
f 127/243/146 149/285/167 122/237/141
f 124/240/143 150/286/168 147/283/165
f 122/244/141 151/287/169 124/240/143
f 122/237/141 205/288/170 151/289/169
f 128/245/147 130/247/149 152/290/171
f 153/291/172 131/248/150 133/250/152
f 152/290/171 154/292/173 128/245/147
f 131/248/150 155/293/174 132/249/151
f 133/250/152 132/249/151 156/294/175
f 128/245/147 157/295/176 129/246/148
f 155/293/174 158/296/177 132/249/151
f 129/246/148 157/295/176 159/297/178
f 157/295/176 160/298/179 159/297/178
f 157/295/176 161/299/180 160/298/179
f 36/50/17 162/300/83 134/251/153
f 381/100/73 472/301/181 20/30/24
f 135/252/154 163/302/182 34/47/38
f 75/114/85 108/132/93 135/252/154
f 71/102/75 235/200/124 164/303/183
f 67/97/70 136/253/155 76/116/62
f 71/102/75 164/303/183 61/89/63
f 61/89/63 164/303/183 81/304/90
f 72/305/76 165/306/184 166/307/133
f 167/308/130 139/309/134 168/310/100
f 93/156/107 218/208/128 113/217/131
f 97/165/112 169/311/185 96/163/111
f 114/218/132 169/311/185 97/165/112
f 89/222/104 239/312/186 114/313/132
f 166/221/133 239/312/186 89/222/104
f 104/314/119 170/315/158 171/316/187
f 104/314/119 171/316/187 117/317/137
f 117/228/137 171/318/187 143/273/138
f 141/276/121 243/275/159 172/319/157
f 172/320/157 183/321/188 173/322/139
f 173/235/139 257/278/160 78/120/82
f 174/323/162 123/324/142 125/325/144
f 145/281/163 175/326/189 149/285/167
f 124/240/143 151/287/169 150/286/168
f 122/237/141 149/285/167 205/288/170
f 133/250/152 176/327/190 153/291/172
f 133/250/152 156/294/175 176/327/190
f 130/247/149 129/246/148 177/328/191
f 128/245/147 178/329/192 157/295/176
f 180/105/78 179/330/193 82/130/91
f 180/331/78 181/332/194 179/333/193
f 180/334/78 138/335/97 181/336/194
f 64/337/67 182/338/195 142/339/79
f 173/235/139 183/340/188 257/278/160
f 78/120/82 144/279/161 77/121/86
f 147/283/165 222/341/196 148/284/166
f 147/283/165 150/286/168 222/341/196
f 151/287/169 360/342/197 150/286/168
f 152/290/171 130/247/149 224/343/198
f 130/247/149 177/328/191 224/343/198
f 154/292/173 184/344/199 128/245/147
f 177/328/191 129/246/148 159/297/178
f 155/293/174 185/345/200 158/296/177
f 132/249/151 186/346/201 156/294/175
f 158/296/177 186/346/201 132/249/151
f 185/345/200 264/347/202 158/296/177
f 187/348/203 188/349/204 189/350/205
f 187/351/203 189/352/205 190/353/206
f 189/350/205 188/349/204 191/354/207
f 190/353/206 271/355/208 192/356/209
f 189/352/205 271/355/208 190/353/206
f 19/27/23 193/357/210 70/101/74
f 70/101/74 194/358/211 74/113/84
f 34/47/38 163/302/182 83/131/92
f 74/113/84 194/358/211 136/253/155
f 163/302/182 135/252/154 195/359/212
f 108/132/93 196/360/213 135/252/154
f 80/361/89 84/362/94 197/363/214
f 84/134/94 82/130/91 197/364/214
f 383/365/126 198/366/215 72/305/76
f 72/305/76 198/366/215 165/306/184
f 81/129/90 199/367/216 137/255/156
f 82/130/91 200/368/217 197/364/214
f 165/306/184 250/369/218 166/307/133
f 139/309/134 347/370/219 138/335/97
f 167/308/130 201/371/220 139/309/134
f 218/372/128 237/373/221 113/374/131
f 96/163/111 309/375/222 111/376/129
f 169/311/185 309/375/222 96/163/111
f 166/221/133 251/377/223 239/312/186
f 116/378/136 241/379/224 170/380/158
f 241/379/224 252/381/225 170/380/158
f 170/382/158 252/383/225 171/384/187
f 143/385/138 219/386/226 243/387/159
f 183/388/188 172/389/157 253/390/227
f 145/281/163 146/282/164 202/391/228
f 150/286/168 203/392/229 222/341/196
f 175/326/189 204/393/230 149/285/167
f 151/287/169 205/394/170 206/395/231
f 399/396/232 155/293/174 131/248/150
f 128/245/147 184/344/199 178/329/192
f 158/296/177 266/397/233 186/346/201
f 161/299/180 268/398/234 160/298/179
f 158/296/177 264/347/202 266/397/233
f 192/356/209 207/399/235 190/353/206
f 207/399/235 192/356/209 208/400/236
f 209/401/237 210/402/238 188/349/204
f 270/403/239 210/402/238 209/401/237
f 191/404/207 271/355/208 189/352/205
f 272/405/240 211/406/241 212/407/242
f 213/408/243 214/409/244 212/407/242
f 212/407/242 214/409/244 215/410/245
f 212/407/242 211/406/241 213/408/243
f 20/30/24 472/301/181 106/411/123
f 70/101/74 193/357/210 194/358/211
f 79/126/88 80/127/89 107/201/125
f 235/200/124 445/412/246 164/303/183
f 108/132/93 216/413/247 196/360/213
f 164/303/183 236/414/248 81/304/90
f 198/366/215 217/415/249 165/306/184
f 200/368/217 82/130/91 179/330/193
f 139/309/134 201/371/220 347/370/219
f 218/416/128 324/417/250 237/418/221
f 111/264/129 238/419/251 218/262/128
f 171/384/187 252/383/225 219/420/226
f 171/318/187 219/421/226 143/273/138
f 243/422/159 219/423/226 220/424/252
f 243/425/159 253/390/227 172/389/157
f 257/426/160 221/427/253 144/428/161
f 144/279/161 315/429/254 77/121/86
f 126/242/145 121/236/140 327/430/255
f 174/323/162 125/325/144 699/431/256
f 202/391/228 397/432/257 145/281/163
f 222/433/196 203/434/229 223/435/258
f 152/436/171 224/437/198 225/438/259
f 397/432/257 226/439/260 145/281/163
f 145/281/163 226/439/260 175/326/189
f 150/286/168 360/342/197 203/392/229
f 149/285/167 204/393/230 205/288/170
f 206/395/231 360/342/197 151/287/169
f 153/291/172 399/396/232 131/248/150
f 157/295/176 178/329/192 161/299/180
f 190/353/206 333/440/261 187/351/203
f 188/349/204 227/441/262 209/401/237
f 187/348/203 227/441/262 188/349/204
f 228/442/263 208/400/236 229/443/264
f 270/403/239 230/444/265 210/402/238
f 188/349/204 210/402/238 191/354/207
f 192/356/209 271/355/208 231/445/266
f 215/410/245 232/446/267 212/407/242
f 215/410/245 214/409/244 338/447/268
f 211/448/241 272/449/240 275/450/269
f 233/451/270 213/408/243 211/406/241
f 381/100/73 408/452/271 472/301/181
f 234/453/272 235/454/124 106/411/123
f 442/455/273 83/131/92 163/302/182
f 305/456/274 80/361/89 197/363/214
f 216/457/247 108/202/93 110/204/95
f 236/458/248 199/367/216 81/129/90
f 110/135/95 85/136/96 281/459/275
f 181/336/194 138/335/97 347/370/219
f 201/460/220 167/261/130 237/461/221
f 167/261/130 113/216/131 237/461/221
f 324/417/250 218/416/128 238/462/251
f 309/375/222 238/463/251 111/376/129
f 309/464/222 169/465/185 325/466/276
f 325/466/276 169/465/185 114/467/132
f 325/466/276 114/467/132 239/468/186
f 137/255/156 424/469/277 64/94/67
f 240/470/278 241/471/224 116/472/136
f 242/473/279 243/422/159 220/424/252
f 242/474/279 253/475/227 243/476/159
f 254/477/280 183/340/188 253/478/227
f 254/477/280 256/479/281 183/340/188
f 256/479/281 257/278/160 183/340/188
f 327/430/255 121/236/140 174/280/162
f 125/325/144 148/480/166 699/431/256
f 244/481/282 202/391/228 146/282/164
f 152/436/171 245/482/283 154/483/173
f 246/484/284 270/403/239 209/401/237
f 208/400/236 192/356/209 229/443/264
f 210/485/238 336/486/285 191/487/207
f 272/405/240 212/407/242 247/488/286
f 211/406/241 248/489/287 233/451/270
f 213/408/243 233/451/270 214/409/244
f 134/251/153 249/490/288 37/51/40
f 54/79/50 63/491/65 411/492/289
f 411/492/289 63/491/65 107/493/125
f 463/494/290 194/358/211 193/357/210
f 445/495/246 235/454/124 234/453/272
f 107/493/125 80/496/89 464/497/291
f 195/359/212 135/252/154 196/360/213
f 250/498/218 251/377/223 166/221/133
f 239/499/186 251/500/223 325/501/276
f 252/502/225 241/503/224 423/504/292
f 219/505/226 252/502/225 423/504/292
f 352/506/293 220/507/252 219/508/226
f 253/509/227 287/510/294 254/511/280
f 254/512/280 255/513/295 256/514/281
f 256/515/281 221/516/253 257/517/160
f 116/518/136 115/519/135 565/520/296
f 126/242/145 244/481/282 146/282/164
f 225/438/259 245/482/283 152/436/171
f 176/327/190 156/294/175 258/521/297
f 259/522/298 156/294/175 186/346/201
f 260/523/299 159/297/178 261/524/300
f 186/346/201 266/397/233 262/525/301
f 266/526/233 263/527/302 262/528/301
f 264/529/202 265/530/303 266/531/233
f 267/532/304 268/533/234 161/534/180
f 246/535/284 269/536/305 270/537/239
f 228/442/263 229/443/264 370/538/306
f 270/537/239 269/536/305 230/539/265
f 192/356/209 231/445/266 229/443/264
f 483/540/307 336/486/285 210/485/238
f 191/487/207 336/486/285 271/541/208
f 273/542/308 272/543/240 247/544/286
f 273/545/308 274/546/309 275/547/269
f 273/545/308 275/547/269 272/548/240
f 215/410/245 338/447/268 276/549/310
f 211/406/241 275/550/269 248/489/287
f 277/551/311 338/447/268 214/409/244
f 54/79/50 411/492/289 413/552/312
f 83/131/92 442/455/273 410/553/313
f 163/302/182 195/359/212 442/455/273
f 194/358/211 463/494/290 136/253/155
f 234/453/272 278/554/314 445/495/246
f 197/363/214 279/555/315 487/556/316
f 383/365/126 280/557/317 198/366/215
f 110/204/95 281/558/275 282/559/318
f 199/367/216 236/458/248 283/560/319
f 200/368/217 279/561/315 197/364/214
f 198/366/215 280/557/317 217/415/249
f 217/415/249 250/369/218 165/306/184
f 347/370/219 201/371/220 284/562/320
f 201/460/220 237/461/221 284/563/320
f 237/418/221 324/417/250 286/564/321
f 324/565/250 285/566/322 286/567/321
f 64/337/67 424/568/277 182/338/195
f 116/518/136 358/569/323 240/570/278
f 253/571/227 242/572/279 287/573/294
f 256/515/281 288/574/324 221/516/253
f 116/518/136 565/520/296 358/569/323
f 315/429/254 511/207/127 77/121/86
f 182/575/195 289/576/325 142/577/79
f 289/578/325 115/225/135 142/268/79
f 290/579/326 144/428/161 221/427/253
f 148/480/166 697/580/327 699/431/256
f 244/481/282 291/581/328 202/391/228
f 153/291/172 292/582/329 293/583/330
f 224/437/198 294/584/331 225/438/259
f 176/327/190 292/582/329 153/291/172
f 292/582/329 176/327/190 258/521/297
f 156/294/175 259/522/298 258/521/297
f 205/288/170 204/393/230 295/585/332
f 159/297/178 260/523/299 296/586/333
f 155/293/174 297/587/334 185/345/200
f 185/345/200 298/588/335 264/347/202
f 264/529/202 298/589/335 299/590/336
f 178/329/192 300/591/337 161/299/180
f 300/592/337 267/532/304 161/534/180
f 228/442/263 301/593/338 208/400/236
f 302/594/339 269/536/305 246/535/284
f 230/595/265 483/540/307 210/485/238
f 231/445/266 303/596/340 229/443/264
f 247/488/286 212/407/242 232/446/267
f 273/542/308 247/544/286 374/597/341
f 375/598/342 232/446/267 215/410/245
f 215/410/245 276/549/310 375/598/342
f 304/599/343 274/546/309 273/545/308
f 276/549/310 338/447/268 340/600/344
f 214/409/244 233/451/270 277/551/311
f 54/79/50 413/552/312 573/125/87
f 106/411/123 472/301/181 234/453/272
f 107/493/125 464/497/291 411/492/289
f 80/496/89 305/601/274 464/497/291
f 236/458/248 306/602/345 283/560/319
f 110/204/95 282/559/318 216/457/247
f 307/603/346 424/469/277 137/255/156
f 237/461/221 286/604/321 284/563/320
f 309/605/222 308/606/347 238/607/251
f 309/608/222 325/609/276 308/610/347
f 325/501/276 251/500/223 310/611/348
f 85/206/96 511/207/127 311/612/349
f 241/613/224 240/614/278 420/615/350
f 241/616/224 420/617/350 423/618/292
f 219/505/226 423/504/292 312/619/351
f 312/619/351 352/620/293 219/505/226
f 254/512/280 422/621/352 255/513/295
f 115/622/135 289/576/325 313/623/353
f 144/624/161 314/625/354 315/626/254
f 222/433/196 316/627/355 148/628/166
f 223/435/258 316/627/355 222/433/196
f 399/396/232 153/291/172 293/583/330
f 258/521/297 259/522/298 317/629/356
f 175/326/189 318/630/357 204/393/230
f 399/396/232 297/587/334 155/293/174
f 159/297/178 456/631/358 177/328/191
f 159/297/178 296/586/333 456/631/358
f 297/587/334 298/588/335 185/345/200
f 259/522/298 186/346/201 528/632/359
f 261/524/300 159/297/178 160/298/179
f 264/529/202 299/590/336 265/530/303
f 266/531/233 265/530/303 434/633/360
f 190/353/206 207/399/235 333/440/261
f 209/401/237 227/441/262 246/484/284
f 228/442/263 370/538/306 369/634/361
f 229/443/264 319/635/362 370/538/306
f 319/635/362 229/443/264 303/596/340
f 271/355/208 320/636/363 231/445/266
f 274/546/309 304/599/343 321/637/364
f 83/131/92 410/553/313 409/21/19
f 197/363/214 487/556/316 305/456/274
f 236/458/248 386/638/365 306/602/345
f 137/255/156 199/367/216 307/603/346
f 85/136/96 311/639/349 281/459/275
f 347/370/219 322/640/366 181/336/194
f 324/565/250 323/641/367 285/566/322
f 238/607/251 323/642/367 324/643/250
f 308/606/347 323/642/367 238/607/251
f 310/644/348 308/606/347 325/645/276
f 352/646/293 351/647/368 242/648/279
f 352/506/293 242/649/279 220/507/252
f 287/510/294 355/650/369 254/511/280
f 254/512/280 355/651/369 422/621/352
f 290/579/326 326/652/370 144/428/161
f 326/653/370 314/625/354 144/624/161
f 126/242/145 327/430/255 244/481/282
f 174/323/162 699/431/256 327/654/255
f 291/581/328 397/432/257 202/391/228
f 294/584/331 224/437/198 177/655/191
f 203/434/229 328/656/371 223/435/258
f 203/434/229 329/657/372 328/656/371
f 226/439/260 318/630/357 175/326/189
f 205/288/170 295/585/332 206/658/231
f 154/292/173 330/659/373 184/344/199
f 259/522/298 528/632/359 331/660/374
f 184/344/199 428/661/375 178/329/192
f 428/661/375 300/591/337 178/329/192
f 268/533/234 332/662/376 160/663/179
f 268/533/234 267/532/304 332/662/376
f 187/348/203 333/664/261 227/441/262
f 208/400/236 334/665/377 207/399/235
f 246/484/284 227/441/262 404/666/378
f 246/535/284 335/667/379 302/594/339
f 228/442/263 369/634/361 301/593/338
f 269/536/305 439/668/380 230/539/265
f 231/445/266 320/636/363 303/596/340
f 271/355/208 336/669/285 320/636/363
f 247/544/286 232/670/267 373/671/381
f 460/672/382 321/637/364 304/599/343
f 274/546/309 321/637/364 337/673/383
f 274/546/309 337/673/383 275/547/269
f 275/674/269 337/675/383 248/676/287
f 233/451/270 248/489/287 277/551/311
f 338/447/268 277/551/311 339/677/384
f 338/678/268 339/679/384 340/680/344
f 472/301/181 278/554/314 234/453/272
f 445/681/246 384/682/385 164/683/183
f 216/413/247 341/684/386 196/360/213
f 383/365/126 342/685/387 280/557/317
f 216/457/247 282/559/318 343/686/388
f 200/368/217 179/330/193 344/687/389
f 179/330/193 181/688/194 488/689/390
f 251/690/223 250/691/218 345/692/391
f 347/370/219 346/693/392 322/640/366
f 284/694/320 346/695/392 347/696/219
f 251/500/223 345/697/391 310/611/348
f 358/698/323 348/699/393 240/614/278
f 240/614/278 348/699/393 420/615/350
f 394/700/394 312/619/351 423/504/292
f 349/701/395 350/702/396 312/703/351
f 312/704/351 350/705/396 352/706/293
f 350/707/396 351/708/368 352/709/293
f 351/708/368 353/710/397 242/711/279
f 242/711/279 353/710/397 287/712/294
f 353/710/397 354/713/398 287/712/294
f 287/712/294 354/713/398 355/714/369
f 356/715/399 255/513/295 422/621/352
f 256/514/281 255/513/295 357/716/400
f 357/717/400 288/574/324 256/515/281
f 358/718/323 565/719/296 393/720/401
f 313/623/353 359/721/402 115/622/135
f 245/482/283 361/722/403 154/483/173
f 398/723/404 297/587/334 399/396/232
f 203/434/229 360/724/197 329/657/372
f 361/725/403 330/659/373 154/292/173
f 361/725/403 362/726/405 330/659/373
f 297/587/334 524/727/406 363/728/407
f 330/659/373 364/729/408 184/344/199
f 297/587/334 363/728/407 298/588/335
f 331/660/374 528/632/359 365/730/409
f 298/589/335 366/731/410 299/590/336
f 186/346/201 262/525/301 528/632/359
f 160/663/179 367/732/411 261/733/300
f 263/527/302 266/526/233 434/734/360
f 207/399/235 334/665/377 333/440/261
f 302/594/339 368/735/412 269/536/305
f 368/735/412 439/668/380 269/536/305
f 369/736/361 370/737/306 371/738/413
f 230/539/265 439/668/380 438/739/414
f 319/740/362 372/741/415 370/742/306
f 374/597/341 247/544/286 373/671/381
f 373/743/381 232/446/267 375/598/342
f 273/545/308 374/744/341 647/745/416
f 375/746/342 276/747/310 376/748/417
f 276/749/310 377/750/418 376/751/417
f 276/749/310 340/680/344 377/750/418
f 460/672/382 378/752/419 321/637/364
f 340/680/344 379/753/420 377/750/418
f 277/551/311 380/754/421 339/677/384
f 381/755/73 573/756/87 382/757/422
f 819/758/423 383/759/126 136/253/155
f 164/760/183 384/761/385 236/762/248
f 236/762/248 385/763/424 386/764/365
f 386/638/365 279/561/315 306/602/345
f 280/557/317 387/765/425 343/686/388
f 216/457/247 343/686/388 387/765/425
f 200/368/217 306/602/345 279/561/315
f 306/602/345 344/687/389 283/560/319
f 280/557/317 343/686/388 217/415/249
f 199/367/216 283/560/319 307/603/346
f 181/336/194 322/640/366 488/766/390
f 284/694/320 388/767/426 346/695/392
f 286/604/321 388/768/426 284/563/320
f 286/604/321 389/769/427 388/768/426
f 285/566/322 389/770/427 286/567/321
f 285/771/322 417/772/428 389/773/427
f 323/774/367 417/775/428 285/776/322
f 323/642/367 308/606/347 390/777/429
f 345/697/391 391/778/430 310/611/348
f 392/779/431 358/780/323 393/781/401
f 394/782/394 349/701/395 312/703/351
f 356/715/399 357/716/400 255/513/295
f 221/516/253 288/574/324 290/783/326
f 115/622/135 359/721/402 565/784/296
f 148/628/166 316/627/355 697/785/327
f 293/786/330 292/787/329 395/788/432
f 291/789/328 396/790/433 397/791/257
f 293/786/330 398/792/404 399/793/232
f 360/342/197 206/395/231 400/794/434
f 360/342/197 400/794/434 329/795/372
f 259/522/298 331/660/374 401/796/435
f 362/726/405 478/797/436 330/659/373
f 184/344/199 364/729/408 428/661/375
f 300/592/337 402/798/437 267/532/304
f 263/527/302 403/799/438 262/528/301
f 246/535/284 404/800/378 335/667/379
f 369/634/361 435/801/439 301/593/338
f 371/738/413 370/737/306 372/802/415
f 405/803/440 460/672/382 304/599/343
f 337/675/383 406/804/441 248/676/287
f 248/489/287 406/805/441 407/806/442
f 248/489/287 407/806/442 277/551/311
f 277/551/311 407/806/442 380/754/421
f 340/680/344 339/679/384 379/753/420
f 381/755/73 382/757/422 408/807/271
f 409/808/19 410/809/313 162/300/83
f 411/810/289 412/811/443 413/812/312
f 464/497/291 412/813/443 411/492/289
f 463/494/290 817/814/444 136/253/155
f 216/457/247 387/765/425 341/815/386
f 487/556/316 279/555/315 520/816/445
f 200/368/217 344/687/389 306/602/345
f 217/415/249 414/817/446 250/369/218
f 250/369/218 414/817/446 345/818/391
f 311/819/349 415/820/447 281/821/275
f 390/822/429 417/823/428 323/824/367
f 308/606/347 391/825/430 390/777/429
f 310/644/348 391/825/430 308/606/347
f 388/767/426 416/826/448 346/695/392
f 389/827/427 417/828/428 418/829/449
f 390/822/429 449/830/450 417/823/428
f 391/831/430 421/832/451 419/833/452
f 345/697/391 421/834/451 391/778/430
f 392/835/431 348/699/393 358/698/323
f 420/615/350 348/699/393 416/836/448
f 420/615/350 416/836/448 447/837/453
f 394/782/394 420/838/350 447/839/453
f 418/840/449 350/702/396 349/701/395
f 354/713/398 419/833/452 355/714/369
f 421/841/451 422/842/352 355/843/369
f 422/621/352 421/834/451 356/715/399
f 423/844/292 420/838/350 394/782/394
f 424/845/277 576/846/454 182/575/195
f 316/627/355 223/435/258 425/847/455
f 397/432/257 426/848/456 226/439/260
f 259/522/298 401/796/435 317/629/356
f 204/393/230 318/630/357 295/585/332
f 295/585/332 400/849/434 206/658/231
f 296/586/333 260/523/299 526/850/457
f 363/851/407 427/852/458 298/853/335
f 428/854/375 480/855/459 300/592/337
f 261/733/300 429/856/460 260/857/299
f 430/858/461 366/731/410 298/589/335
f 262/528/301 403/799/438 431/859/462
f 332/662/376 367/732/411 160/663/179
f 334/665/377 208/400/236 301/593/338
f 432/860/463 332/662/376 267/532/304
f 433/861/464 434/862/360 265/863/303
f 335/667/379 368/735/412 302/594/339
f 369/736/361 371/738/413 435/864/439
f 435/864/439 371/738/413 436/865/465
f 436/865/465 371/738/413 372/802/415
f 368/735/412 437/866/466 439/668/380
f 438/867/414 439/868/380 836/869/467
f 230/539/265 438/739/414 483/870/307
f 588/871/468 440/872/469 303/596/340
f 441/873/470 337/673/383 321/637/364
f 443/874/471 410/809/313 442/875/273
f 443/874/471 442/875/273 195/876/212
f 443/877/471 195/359/212 196/360/213
f 444/878/472 445/879/246 278/880/314
f 819/758/423 342/881/387 383/759/126
f 520/816/445 279/555/315 386/764/365
f 280/557/317 342/685/387 387/765/425
f 343/686/388 282/559/318 217/415/249
f 217/415/249 282/559/318 414/817/446
f 282/559/318 281/558/275 414/817/446
f 344/687/389 179/330/193 488/689/390
f 307/603/346 283/560/319 446/882/473
f 346/883/392 392/779/431 322/884/366
f 389/885/427 447/886/453 388/887/426
f 345/697/391 448/888/474 421/834/451
f 417/889/428 449/890/450 418/891/449
f 391/892/430 419/893/452 390/894/429
f 322/884/366 392/779/431 393/781/401
f 346/895/392 416/836/448 392/835/431
f 388/887/426 447/886/453 416/896/448
f 389/897/427 394/782/394 447/839/453
f 418/840/449 394/782/394 389/897/427
f 390/898/429 450/899/475 449/890/450
f 419/833/452 450/899/475 390/898/429
f 349/701/395 394/782/394 418/840/449
f 450/899/475 354/713/398 353/710/397
f 419/833/452 354/713/398 450/899/475
f 355/714/369 419/833/452 421/832/451
f 448/888/474 356/715/399 421/834/451
f 322/900/366 393/901/401 451/902/476
f 348/699/393 392/835/431 416/836/448
f 418/891/449 449/890/450 350/707/396
f 350/707/396 449/890/450 351/708/368
f 351/708/368 449/890/450 450/899/475
f 351/708/368 450/899/475 353/710/397
f 448/888/474 357/716/400 356/715/399
f 393/720/401 565/719/296 562/903/477
f 511/904/127 315/626/254 452/905/478
f 182/575/195 453/906/479 289/576/325
f 453/906/479 313/623/353 289/576/325
f 468/907/480 292/582/329 258/521/297
f 454/908/481 294/584/331 177/655/191
f 223/435/258 328/656/371 425/847/455
f 361/722/403 455/909/482 362/910/405
f 524/727/406 297/587/334 398/723/404
f 456/911/358 296/912/333 537/913/483
f 364/729/408 330/659/373 478/797/436
f 365/730/409 528/632/359 529/914/484
f 427/915/458 430/858/461 298/589/335
f 402/798/437 432/860/463 267/532/304
f 263/527/302 434/734/360 403/799/438
f 368/735/412 457/916/485 437/866/466
f 319/740/362 303/917/340 440/918/469
f 586/919/486 590/920/487 336/486/285
f 304/599/343 273/545/308 647/745/416
f 376/751/417 377/750/418 458/921/488
f 459/922/489 460/672/382 405/803/440
f 460/923/382 459/924/489 378/925/419
f 458/921/488 377/750/418 461/926/490
f 134/251/153 162/300/83 249/490/288
f 193/927/210 462/928/491 463/929/290
f 412/811/443 464/930/291 465/931/492
f 196/360/213 341/684/386 725/932/493
f 384/761/385 385/763/424 236/762/248
f 341/815/386 387/765/425 342/685/387
f 344/687/389 621/933/494 283/560/319
f 283/560/319 621/933/494 446/882/473
f 344/687/389 488/689/390 621/933/494
f 345/934/391 414/935/446 466/936/495
f 345/934/391 466/936/495 448/937/474
f 288/574/324 467/938/496 290/783/326
f 291/581/328 244/481/282 1355/939/497
f 327/430/255 1355/939/497 244/481/282
f 292/787/329 468/940/480 395/788/432
f 177/655/191 456/911/358 454/908/481
f 226/439/260 426/848/456 318/630/357
f 537/941/483 296/586/333 526/850/457
f 365/730/409 529/914/484 469/942/498
f 429/856/460 261/733/300 470/943/499
f 432/860/463 530/944/500 332/662/376
f 437/945/466 836/869/467 439/868/380
f 586/919/486 336/486/285 483/540/307
f 373/671/381 531/946/501 551/947/502
f 373/671/381 375/948/342 531/946/501
f 375/746/342 376/748/417 554/949/503
f 407/806/442 508/950/504 380/754/421
f 337/673/383 441/873/470 406/951/441
f 377/750/418 379/753/420 461/926/490
f 321/637/364 378/752/419 471/952/505
f 321/637/364 471/952/505 441/873/470
f 472/953/181 444/878/472 278/880/314
f 414/817/446 281/558/275 415/954/447
f 414/935/446 415/820/447 473/955/506
f 311/819/349 474/956/507 415/820/447
f 357/957/400 475/958/508 288/959/324
f 290/960/326 467/961/496 326/962/370
f 315/626/254 314/625/354 452/905/478
f 425/847/455 697/785/327 316/627/355
f 245/482/283 455/909/482 361/722/403
f 396/790/433 476/963/509 397/791/257
f 329/795/372 400/794/434 477/964/510
f 362/910/405 525/965/511 478/966/436
f 401/796/435 331/660/374 365/730/409
f 478/797/436 479/967/512 364/729/408
f 428/661/375 364/729/408 480/968/459
f 479/967/512 480/968/459 364/729/408
f 429/969/460 470/970/499 481/971/513
f 261/733/300 367/732/411 470/943/499
f 482/972/514 530/944/500 432/860/463
f 438/867/414 585/973/515 483/974/307
f 483/540/307 585/975/515 586/919/486
f 336/669/285 590/976/487 320/636/363
f 405/977/440 484/978/516 459/924/489
f 29/49/34 485/979/517 19/980/23
f 443/874/471 486/981/518 410/809/313
f 463/929/290 462/928/491 817/982/444
f 464/930/291 305/983/274 465/931/492
f 487/984/316 465/931/492 305/983/274
f 342/881/387 769/985/519 341/986/386
f 386/764/365 385/763/424 520/816/445
f 322/900/366 451/902/476 488/987/390
f 415/820/447 474/956/507 653/988/520
f 393/720/401 562/903/477 451/989/476
f 424/845/277 307/990/346 576/846/454
f 452/905/478 489/991/521 511/904/127
f 467/961/496 626/992/522 326/962/370
f 313/623/353 654/993/523 359/721/402
f 294/584/331 490/994/524 491/995/525
f 291/789/328 492/996/526 396/790/433
f 328/656/371 493/997/527 425/847/455
f 456/911/358 494/998/528 454/908/481
f 456/911/358 537/913/483 494/998/528
f 495/999/529 401/796/435 496/1000/530
f 362/910/405 455/909/482 525/965/511
f 318/630/357 426/848/456 701/1001/531
f 401/796/435 365/730/409 496/1000/530
f 496/1000/530 365/730/409 469/942/498
f 260/523/299 429/1002/460 526/850/457
f 299/590/336 497/1003/532 265/530/303
f 265/863/303 497/1004/532 433/861/464
f 334/665/377 498/1005/533 333/440/261
f 402/798/437 499/1006/534 432/860/463
f 530/944/500 500/1007/535 332/662/376
f 368/735/412 335/667/379 457/916/485
f 372/741/415 501/1008/536 436/1009/465
f 372/741/415 319/740/362 502/1010/537
f 320/636/363 588/871/468 303/596/340
f 590/1011/487 503/1012/538 320/1013/363
f 504/1014/539 373/671/381 551/947/502
f 374/597/341 373/671/381 504/1014/539
f 304/599/343 647/745/416 405/803/440
f 406/805/441 506/1015/540 407/806/442
f 506/1015/540 508/950/504 407/806/442
f 461/926/490 788/1016/541 458/921/488
f 459/924/489 505/1017/542 378/925/419
f 507/1018/543 506/1019/540 406/1020/441
f 441/1021/470 507/1022/543 406/1023/441
f 380/1024/421 508/1025/504 558/1026/544
f 380/1027/421 509/1028/545 339/1029/384
f 461/926/490 379/753/420 510/1030/546
f 37/51/40 949/1031/547 29/49/34
f 19/980/23 485/979/517 193/927/210
f 486/981/518 162/300/83 410/809/313
f 196/1032/213 486/981/518 443/874/471
f 444/878/472 891/1033/548 445/879/246
f 136/253/155 817/814/444 819/758/423
f 819/758/423 769/985/519 342/881/387
f 414/935/446 473/955/506 466/936/495
f 466/936/495 357/957/400 448/937/474
f 311/819/349 489/1034/521 474/956/507
f 311/819/349 511/1035/127 489/1034/521
f 576/846/454 512/1036/549 182/575/195
f 182/575/195 512/1036/549 453/906/479
f 359/721/402 564/1037/550 565/784/296
f 314/625/354 326/653/370 601/1038/551
f 294/584/331 491/995/525 225/438/259
f 225/438/259 491/995/525 513/1039/552
f 1355/1040/497 492/1041/526 291/1042/328
f 225/438/259 513/1039/552 245/482/283
f 245/482/283 514/1043/553 455/909/482
f 317/629/356 401/796/435 495/999/529
f 397/791/257 476/963/509 426/1044/456
f 526/850/457 479/1045/512 537/941/483
f 524/1046/406 496/1000/530 363/851/407
f 480/855/459 402/798/437 300/592/337
f 299/590/336 366/731/410 497/1003/532
f 301/593/338 515/1047/554 334/665/377
f 367/732/411 332/662/376 604/1048/555
f 500/1007/535 604/1048/555 332/662/376
f 434/734/360 545/1049/556 403/799/438
f 499/1006/534 482/972/514 432/860/463
f 501/1050/536 433/861/464 436/865/465
f 482/1051/514 584/1052/557 457/916/485
f 457/916/485 584/1052/557 437/866/466
f 320/636/363 503/1053/538 588/871/468
f 586/919/486 516/1054/558 590/920/487
f 504/1055/539 517/1056/559 374/1057/341
f 554/949/503 595/1058/560 375/746/342
f 458/921/488 811/1059/561 376/751/417
f 384/1060/385 445/879/246 518/1061/562
f 519/1062/563 487/984/316 520/1063/445
f 473/955/506 415/820/447 653/988/520
f 288/959/324 521/1064/564 467/1065/496
f 258/521/297 317/629/356 468/907/480
f 293/786/330 522/1066/565 398/792/404
f 398/792/404 523/1067/566 524/1068/406
f 318/630/357 701/1001/531 295/585/332
f 478/797/436 525/1069/511 479/967/512
f 496/1000/530 469/942/498 363/851/407
f 363/851/407 469/942/498 427/852/458
f 479/967/512 527/1070/567 480/968/459
f 526/1071/457 429/969/460 527/1072/567
f 528/1073/359 262/1074/301 529/1075/484
f 262/1074/301 431/1076/462 529/1075/484
f 457/916/485 500/1077/535 530/1078/500
f 457/916/485 530/1078/500 482/1051/514
f 433/861/464 501/1050/536 434/862/360
f 836/869/467 634/1079/568 438/867/414
f 585/973/515 438/867/414 634/1079/568
f 595/1058/560 531/1080/501 375/746/342
f 647/1081/416 374/1057/341 517/1056/559
f 459/924/489 484/978/516 532/1082/569
f 506/1083/540 648/1084/570 508/1025/504
f 458/921/488 788/1016/541 672/1085/571
f 532/1082/569 505/1017/542 459/924/489
f 461/926/490 510/1030/546 788/1016/541
f 379/753/420 339/679/384 510/1030/546
f 472/953/181 533/1086/572 444/878/472
f 384/1060/385 534/1087/573 385/1088/424
f 288/959/324 475/958/508 521/1064/564
f 512/1036/549 535/1089/574 453/906/479
f 395/788/432 522/1066/565 293/786/330
f 699/431/256 1269/1090/575 327/654/255
f 294/584/331 454/908/481 490/994/524
f 245/482/283 513/1039/552 514/1043/553
f 317/629/356 495/999/529 660/1091/576
f 328/656/371 536/1092/577 493/997/527
f 328/656/371 329/657/372 536/1092/577
f 479/1093/512 525/965/511 537/1094/483
f 295/585/332 538/1095/578 400/849/434
f 524/1046/406 628/1096/579 496/1000/530
f 479/967/512 526/1097/457 527/1070/567
f 527/1072/567 539/1098/580 480/855/459
f 469/942/498 529/914/484 427/852/458
f 480/855/459 539/1098/580 540/1099/581
f 427/915/458 541/1100/582 430/858/461
f 480/855/459 540/1099/581 402/798/437
f 366/731/410 542/1101/583 543/1102/584
f 430/858/461 542/1101/583 366/731/410
f 367/732/411 604/1048/555 470/943/499
f 366/731/410 543/1102/584 497/1003/532
f 333/664/261 849/1103/585 227/441/262
f 334/665/377 515/1047/554 498/1005/533
f 227/441/262 849/1103/585 404/666/378
f 403/799/438 545/1049/556 431/859/462
f 584/1104/557 482/972/514 499/1006/534
f 544/1105/586 434/862/360 501/1050/536
f 434/862/360 544/1105/586 545/1106/556
f 372/741/415 502/1010/537 501/1008/536
f 319/740/362 440/918/469 502/1010/537
f 590/1011/487 546/1107/587 503/1012/538
f 547/1108/588 549/1109/589 548/1110/590
f 549/1111/589 550/1112/591 504/1113/539
f 504/1114/539 551/1115/502 549/1109/589
f 548/1110/590 531/1116/501 552/1117/592
f 551/1115/502 548/1110/590 549/1109/589
f 552/1117/592 531/1116/501 553/1118/593
f 548/1110/590 551/1115/502 531/1116/501
f 376/751/417 811/1059/561 554/1119/503
f 484/978/516 405/977/440 555/1120/594
f 507/1018/543 648/1121/570 506/1019/540
f 508/1025/504 556/1122/595 558/1026/544
f 441/1021/470 557/1123/596 507/1022/543
f 380/1027/421 558/1124/544 509/1028/545
f 788/1016/541 510/1030/546 650/1125/597
f 378/752/419 559/1126/598 471/952/505
f 378/925/419 505/1017/542 559/1127/598
f 339/1029/384 509/1028/545 510/1128/546
f 412/811/443 560/1129/599 413/812/312
f 444/878/472 533/1086/572 891/1033/548
f 412/811/443 465/931/492 560/1129/599
f 445/879/246 891/1033/548 518/1061/562
f 534/1087/573 561/1130/600 385/1088/424
f 357/957/400 466/936/495 475/958/508
f 451/1131/476 562/1132/477 563/1133/601
f 564/1134/550 624/1135/602 565/1136/296
f 566/1137/603 489/991/521 452/905/478
f 654/993/523 564/1037/550 359/721/402
f 396/790/433 492/996/526 567/1138/604
f 396/790/433 567/1138/604 476/963/509
f 427/915/458 529/1075/484 541/1100/582
f 527/1072/567 429/969/460 539/1098/580
f 431/1076/462 631/1139/605 529/1075/484
f 457/916/485 335/667/379 500/1077/535
f 436/865/465 683/1140/606 435/864/439
f 431/1076/462 545/1141/556 631/1139/605
f 436/865/465 433/861/464 683/1140/606
f 568/1142/607 584/1104/557 499/1006/534
f 569/1143/608 836/869/467 437/945/466
f 546/1107/587 590/1011/487 589/1144/609
f 547/1108/588 548/1110/590 552/1117/592
f 570/1145/610 552/1117/592 553/1118/593
f 571/1146/611 517/1056/559 550/1147/591
f 550/1147/591 517/1056/559 504/1055/539
f 595/1058/560 554/949/503 694/1148/612
f 647/745/416 646/1149/613 405/803/440
f 405/977/440 646/1150/613 555/1120/594
f 672/1085/571 811/1059/561 458/921/488
f 508/1025/504 648/1084/570 556/1122/595
f 672/1085/571 788/1016/541 572/1151/614
f 471/952/505 559/1126/598 441/873/470
f 37/51/40 249/490/288 949/1031/547
f 413/812/312 722/1152/615 573/1153/87
f 462/928/491 193/927/210 574/1154/616
f 462/928/491 574/1154/616 817/982/444
f 487/984/316 519/1062/563 465/931/492
f 518/1061/562 534/1087/573 384/1060/385
f 385/1088/424 561/1130/600 520/1063/445
f 520/1063/445 561/1130/600 519/1062/563
f 341/684/386 769/1155/519 725/932/493
f 466/936/495 473/955/506 475/958/508
f 488/987/390 451/902/476 575/1156/617
f 446/882/473 576/1157/454 307/603/346
f 475/958/508 577/1158/618 521/1064/564
f 474/1159/507 489/991/521 578/1160/619
f 562/1161/477 565/1136/296 624/1135/602
f 453/906/479 772/1162/620 313/623/353
f 601/1038/551 656/1163/621 314/625/354
f 314/625/354 656/1163/621 452/905/478
f 579/1164/622 654/993/523 313/623/353
f 567/1138/604 492/996/526 580/1165/623
f 317/629/356 660/1091/576 468/907/480
f 514/1043/553 525/965/511 455/909/482
f 429/969/460 481/971/513 539/1098/580
f 430/858/461 541/1100/582 542/1101/583
f 333/440/261 581/1166/624 582/1167/625
f 543/1102/584 542/1101/583 583/1168/626
f 683/1140/606 433/861/464 497/1004/532
f 501/1008/536 502/1010/537 544/1169/586
f 437/945/466 584/1170/557 569/1143/608
f 585/1171/515 516/1172/558 586/1173/486
f 503/1012/538 587/1174/627 588/1175/468
f 516/1172/558 589/1176/609 590/1177/487
f 589/1144/609 641/1178/628 546/1107/587
f 591/1179/629 549/1109/589 547/1108/588
f 591/1179/629 550/1180/591 549/1109/589
f 591/1181/629 592/1182/630 550/1147/591
f 592/1182/630 571/1146/611 550/1147/591
f 571/1146/611 593/1183/631 517/1056/559
f 570/1145/610 553/1118/593 594/1184/632
f 553/1185/593 595/1058/560 616/1186/633
f 553/1118/593 531/1116/501 595/1187/560
f 555/1120/594 532/1082/569 484/978/516
f 648/1084/570 596/1188/634 556/1122/595
f 485/979/517 597/1189/635 193/927/210
f 162/300/83 598/1190/636 249/490/288
f 413/812/312 560/1129/599 599/1191/637
f 193/927/210 597/1189/635 574/1154/616
f 598/1190/636 162/300/83 486/981/518
f 196/1032/213 725/1192/493 790/1193/638
f 621/1194/494 488/987/390 575/1156/617
f 521/1195/564 744/1196/639 467/961/496
f 467/961/496 823/1197/640 626/992/522
f 772/1162/620 579/1164/622 313/623/353
f 326/1198/370 600/1199/641 601/1200/551
f 602/1201/642 426/1044/456 476/963/509
f 477/1202/510 536/1092/577 329/657/372
f 333/664/261 582/1203/625 849/1103/585
f 333/440/261 498/1005/533 581/1166/624
f 529/1075/484 631/1139/605 603/1204/643
f 470/970/499 604/1205/555 605/1206/644
f 301/593/338 435/801/439 830/1207/645
f 402/798/437 606/1208/646 499/1006/534
f 499/1006/534 606/1208/646 568/1142/607
f 544/1169/586 607/1209/647 545/1210/556
f 544/1169/586 502/1010/537 833/1211/648
f 440/918/469 588/1212/468 794/1213/649
f 585/1171/515 608/1214/650 516/1172/558
f 588/1175/468 587/1174/627 609/1215/651
f 546/1107/587 587/1174/627 503/1012/538
f 516/1172/558 610/1216/652 589/1176/609
f 610/1216/652 516/1172/558 611/1217/653
f 641/1218/628 589/1176/609 610/1216/652
f 546/1107/587 612/1219/654 587/1174/627
f 587/1174/627 612/1219/654 613/1220/655
f 546/1107/587 641/1178/628 612/1219/654
f 547/1108/588 552/1117/592 614/1221/656
f 689/1222/657 571/1146/611 592/1182/630
f 645/1223/658 517/1056/559 593/1183/631
f 615/1224/659 553/1118/593 616/1225/633
f 645/1223/658 647/1081/416 517/1056/559
f 616/1186/633 595/1058/560 714/1226/660
f 617/1227/661 558/1026/544 556/1122/595
f 789/1228/662 557/1123/596 441/1021/470
f 509/1028/545 618/1229/663 510/1128/546
f 29/49/34 949/1031/547 485/979/517
f 891/1033/548 533/1086/572 619/1230/664
f 486/981/518 196/1032/213 790/1193/638
f 519/1062/563 620/1231/665 465/931/492
f 621/1232/494 622/1233/666 446/1234/473
f 621/1232/494 623/1235/667 622/1233/666
f 475/958/508 473/955/506 577/1158/618
f 562/1132/477 624/1236/602 563/1133/601
f 467/961/496 744/1196/639 823/1197/640
f 535/1089/574 625/1237/668 453/906/479
f 453/906/479 625/1237/668 772/1162/620
f 626/1238/522 600/1199/641 326/1198/370
f 567/1138/604 580/1165/623 627/1239/669
f 425/847/455 493/997/527 750/1240/670
f 628/1096/579 495/999/529 496/1000/530
f 523/1067/566 628/1241/579 524/1068/406
f 493/997/527 536/1092/577 629/1242/671
f 529/1075/484 603/1204/643 541/1100/582
f 301/593/338 830/1207/645 515/1047/554
f 470/970/499 630/1243/672 481/971/513
f 545/1210/556 607/1209/647 631/1244/605
f 544/1169/586 632/1245/673 607/1209/647
f 440/918/469 794/1213/649 633/1246/674
f 634/1247/568 635/1248/675 585/1171/515
f 585/1171/515 635/1248/675 608/1214/650
f 609/1215/651 587/1174/627 613/1220/655
f 613/1220/655 636/1249/676 637/1250/677
f 612/1219/654 642/1251/678 638/1252/679
f 612/1219/654 638/1252/679 613/1220/655
f 641/1178/628 642/1251/678 612/1219/654
f 639/1253/680 640/1254/681 610/1216/652
f 610/1255/652 640/1256/681 641/1257/628
f 641/1257/628 640/1256/681 642/1258/678
f 552/1117/592 570/1145/610 643/1259/682
f 644/1260/683 571/1146/611 689/1222/657
f 643/1259/682 570/1145/610 594/1184/632
f 594/1184/632 553/1118/593 615/1224/659
f 571/1146/611 644/1260/683 593/1183/631
f 645/1261/658 646/1262/613 647/1263/416
f 714/1226/660 595/1058/560 694/1148/612
f 507/1022/543 557/1123/596 648/1264/570
f 559/1126/598 789/1265/662 441/873/470
f 509/1028/545 558/1124/544 649/1266/684
f 510/1128/546 618/1229/663 650/1267/597
f 249/490/288 598/1190/636 651/1268/685
f 599/1191/637 722/1152/615 413/812/312
f 465/931/492 599/1191/637 560/1129/599
f 473/955/506 653/988/520 652/1269/686
f 621/1232/494 575/1270/617 623/1235/667
f 446/1234/473 622/1233/666 576/846/454
f 451/1131/476 563/1133/601 575/1270/617
f 653/1271/520 474/1159/507 578/1160/619
f 521/1064/564 577/1158/618 744/1272/639
f 654/1273/523 655/1274/687 564/1275/550
f 601/1200/551 974/1276/688 656/1277/621
f 654/1273/523 579/1278/622 657/1279/689
f 657/1279/689 655/1274/687 654/1273/523
f 468/940/480 658/1280/690 395/788/432
f 1355/1040/497 976/1281/691 492/1041/526
f 398/792/404 522/1066/565 523/1067/566
f 495/1282/529 659/1283/692 660/1284/576
f 514/1043/553 748/1285/693 525/965/511
f 567/1138/604 602/1201/642 476/963/509
f 525/965/511 748/1285/693 537/1094/483
f 481/971/513 661/1286/694 539/1098/580
f 661/1286/694 481/971/513 630/1243/672
f 540/1099/581 606/1208/646 402/798/437
f 604/1287/555 500/1077/535 605/1288/644
f 606/1289/646 754/1290/695 568/1291/607
f 631/1244/605 607/1209/647 662/1292/696
f 440/918/469 633/1246/674 502/1010/537
f 609/1215/651 663/1293/697 588/1175/468
f 588/1175/468 663/1293/697 794/1294/649
f 608/1214/650 664/1295/698 611/1217/653
f 516/1172/558 608/1214/650 611/1217/653
f 613/1220/655 637/1250/677 609/1215/651
f 637/1250/677 636/1249/676 665/1296/699
f 611/1217/653 666/1297/700 610/1216/652
f 638/1252/679 636/1249/676 613/1220/655
f 610/1216/652 666/1297/700 639/1253/680
f 642/1251/678 667/1298/701 638/1252/679
f 552/1117/592 668/1299/702 614/1221/656
f 668/1299/702 552/1117/592 643/1259/682
f 591/1300/629 669/1301/703 592/1302/630
f 645/1261/658 593/1303/631 670/1304/704
f 714/1226/660 694/1148/612 671/1305/705
f 736/1306/706 596/1307/634 648/1308/570
f 672/1309/571 572/1310/614 673/1311/707
f 556/1122/595 674/1312/708 617/1227/661
f 648/1264/570 557/1123/596 675/1313/709
f 532/1082/569 676/1314/710 505/1017/542
f 677/1315/711 619/1316/664 533/1317/572
f 561/1130/600 620/1231/665 519/1062/563
f 473/955/506 652/1269/686 577/1158/618
f 575/1270/617 563/1133/601 894/1318/712
f 578/1160/619 678/1319/713 653/1271/520
f 576/846/454 622/1233/666 512/1036/549
f 563/1133/601 770/1320/714 894/1318/712
f 624/1236/602 770/1320/714 563/1133/601
f 452/905/478 937/1321/715 566/1137/603
f 656/1163/621 937/1321/715 452/905/478
f 600/1199/641 974/1276/688 601/1200/551
f 522/1066/565 679/1322/716 523/1067/566
f 493/997/527 629/1242/671 750/1240/670
f 400/794/434 1026/1323/717 477/964/510
f 849/1103/585 680/1324/718 404/666/378
f 404/800/378 680/1325/718 335/667/379
f 631/1139/605 662/1326/696 603/1204/643
f 583/1168/626 681/1327/719 543/1102/584
f 470/970/499 682/1328/720 630/1243/672
f 335/667/379 605/1288/644 500/1077/535
f 681/1327/719 683/1329/606 543/1102/584
f 543/1102/584 683/1329/606 497/1003/532
f 607/1209/647 728/1330/721 662/1292/696
f 544/1169/586 833/1211/648 632/1245/673
f 835/1331/722 836/869/467 569/1143/608
f 502/1010/537 633/1246/674 853/1332/723
f 609/1215/651 637/1250/677 663/1293/697
f 664/1295/698 635/1248/675 684/1333/724
f 664/1295/698 608/1214/650 635/1248/675
f 638/1252/679 685/1334/725 636/1249/676
f 642/1251/678 686/1335/726 667/1298/701
f 687/1336/727 547/1108/588 614/1221/656
f 688/1337/728 591/1300/629 687/1338/727
f 591/1179/629 547/1108/588 687/1336/727
f 688/1337/728 669/1301/703 591/1300/629
f 668/1299/702 643/1259/682 761/1339/729
f 689/1340/657 592/1302/630 690/1341/730
f 643/1259/682 594/1184/632 691/1342/731
f 692/1343/732 644/1344/683 689/1345/657
f 670/1304/704 593/1303/631 644/1344/683
f 615/1224/659 616/1225/633 734/1346/733
f 616/1186/633 714/1226/660 734/1347/733
f 693/1348/734 694/1349/612 786/1350/735
f 719/1351/736 646/1262/613 645/1261/658
f 694/1148/612 554/949/503 786/1352/735
f 555/1120/594 695/1353/737 532/1082/569
f 695/1353/737 696/1354/738 532/1082/569
f 558/1124/544 617/1355/661 649/1266/684
f 509/1028/545 649/1266/684 618/1229/663
f 472/953/181 408/1356/271 533/1086/572
f 486/981/518 790/1193/638 598/1190/636
f 653/1271/520 678/1319/713 652/1357/686
f 489/991/521 566/1137/603 578/1160/619
f 395/788/432 658/1280/690 522/1066/565
f 580/1165/623 1022/1358/739 627/1239/669
f 492/1041/526 976/1281/691 580/1359/623
f 697/1360/327 698/1361/740 699/1362/256
f 425/847/455 1103/1363/741 697/785/327
f 425/847/455 750/1240/670 1103/1363/741
f 513/1039/552 700/1364/742 514/1043/553
f 494/998/528 537/913/483 1003/1365/743
f 523/1067/566 679/1322/716 628/1241/579
f 1004/1366/744 602/1201/642 567/1138/604
f 426/1367/456 1129/1368/745 701/1369/531
f 538/1095/578 751/1370/746 400/849/434
f 542/1101/583 702/1371/747 583/1168/626
f 568/1372/607 569/1143/608 584/1170/557
f 853/1332/723 833/1211/648 502/1010/537
f 703/1373/748 635/1248/675 634/1247/568
f 794/1213/649 704/1374/749 633/1246/674
f 637/1250/677 797/1375/750 663/1293/697
f 705/1376/751 611/1217/653 664/1295/698
f 611/1217/653 706/1377/752 666/1297/700
f 685/1334/725 707/1378/753 636/1249/676
f 708/1379/754 666/1297/700 706/1377/752
f 666/1297/700 710/1380/755 639/1253/680
f 640/1256/681 709/1381/756 642/1258/678
f 639/1382/680 711/1383/757 640/1256/681
f 640/1256/681 711/1383/757 709/1381/756
f 642/1258/678 709/1381/756 686/1384/726
f 710/1385/755 711/1386/757 639/1387/680
f 709/1381/756 711/1383/757 614/1221/656
f 711/1383/757 687/1336/727 614/1221/656
f 709/1381/756 614/1221/656 686/1384/726
f 710/1385/755 688/1337/728 687/1338/727
f 614/1221/656 668/1299/702 760/1388/758
f 761/1339/729 643/1259/682 691/1342/731
f 690/1341/730 592/1302/630 669/1301/703
f 712/1389/759 692/1390/732 689/1340/657
f 762/1391/760 594/1184/632 713/1392/761
f 594/1184/632 615/1224/659 713/1392/761
f 734/1393/733 714/1394/660 839/1395/762
f 719/1351/736 645/1261/658 715/1396/763
f 645/1261/658 716/1397/764 715/1396/763
f 671/1398/705 694/1349/612 693/1348/734
f 717/1399/765 693/1348/734 786/1350/735
f 718/1400/766 646/1150/613 719/1401/736
f 556/1122/595 596/1188/634 674/1312/708
f 617/1355/661 720/1402/767 649/1266/684
f 408/807/271 721/1403/768 533/1317/572
f 721/1403/768 677/1315/711 533/1317/572
f 722/1404/615 599/1405/637 723/1406/769
f 724/1407/770 574/1154/616 597/1189/635
f 599/1191/637 465/931/492 1429/1408/771
f 769/1409/519 768/1410/772 725/1411/493
f 575/1270/617 894/1318/712 623/1235/667
f 578/1160/619 566/1137/603 951/1412/773
f 626/1238/522 826/1413/774 600/1199/641
f 454/908/481 494/998/528 726/1414/775
f 539/1098/580 661/1286/694 540/1099/581
f 661/1286/694 630/1243/672 682/1328/720
f 683/1329/606 938/1415/776 435/1416/439
f 727/1417/777 754/1290/695 606/1289/646
f 662/1418/696 728/1419/721 729/1420/778
f 728/1419/721 607/1421/647 730/1422/779
f 632/1423/673 730/1422/779 607/1421/647
f 568/1372/607 731/1424/780 569/1143/608
f 684/1333/724 732/1425/781 664/1295/698
f 611/1217/653 705/1376/751 733/1426/782
f 638/1252/679 667/1298/701 685/1334/725
f 708/1379/754 710/1380/755 666/1297/700
f 710/1385/755 687/1338/727 711/1386/757
f 686/1335/726 760/1427/758 667/1298/701
f 686/1384/726 614/1221/656 760/1388/758
f 760/1388/758 668/1299/702 761/1339/729
f 688/1337/728 758/1428/783 669/1301/703
f 690/1341/730 669/1301/703 758/1428/783
f 691/1342/731 594/1184/632 762/1391/760
f 713/1429/761 615/1430/659 734/1431/733
f 839/1395/762 714/1394/660 671/1398/705
f 716/1397/764 645/1261/658 670/1304/704
f 717/1399/765 786/1350/735 841/1432/784
f 785/1433/785 718/1400/766 719/1401/736
f 646/1150/613 718/1400/766 555/1120/594
f 735/1434/786 811/1435/561 672/1309/571
f 736/1436/706 648/1264/570 675/1313/709
f 557/1123/596 789/1228/662 737/1437/787
f 696/1354/738 676/1314/710 532/1082/569
f 738/1438/788 618/1229/663 649/1266/684
f 739/1439/789 559/1127/598 505/1017/542
f 740/1440/790 382/757/422 573/756/87
f 677/1315/711 741/1441/791 619/1316/664
f 1429/1442/771 723/1406/769 599/1405/637
f 574/1154/616 816/1443/792 817/982/444
f 742/1444/793 769/985/519 819/758/423
f 743/1445/794 744/1446/639 577/1447/618
f 622/1233/666 535/1089/574 512/1036/549
f 535/1089/574 968/1448/795 625/1237/668
f 624/1135/602 564/1134/550 825/1449/796
f 745/1450/797 522/1066/565 658/1280/690
f 658/1280/690 468/940/480 660/1451/576
f 746/1452/798 679/1322/716 522/1066/565
f 747/1453/799 567/1138/604 627/1239/669
f 748/1454/693 1003/1365/743 537/913/483
f 1004/1366/744 567/1138/604 747/1453/799
f 679/1322/716 775/1455/800 628/1241/579
f 749/1456/801 750/1457/670 629/1458/671
f 1129/1459/745 426/1044/456 602/1201/642
f 701/1001/531 538/1095/578 295/585/332
f 751/1460/746 1026/1323/717 400/794/434
f 752/1461/802 335/667/379 680/1325/718
f 702/1371/747 542/1101/583 541/1100/582
f 682/1328/720 470/970/499 605/1206/644
f 938/1415/776 683/1329/606 681/1327/719
f 753/1462/803 568/1372/607 754/1463/695
f 836/869/467 776/1464/804 634/1079/568
f 703/1373/748 755/1465/805 684/1333/724
f 635/1248/675 703/1373/748 684/1333/724
f 797/1375/750 794/1294/649 663/1293/697
f 801/1466/806 637/1250/677 665/1296/699
f 732/1425/781 705/1376/751 664/1295/698
f 611/1217/653 733/1426/782 706/1377/752
f 636/1249/676 707/1378/753 665/1296/699
f 685/1334/725 756/1467/807 707/1378/753
f 706/1377/752 757/1468/808 708/1379/754
f 757/1468/808 758/1469/783 708/1379/754
f 708/1379/754 758/1469/783 710/1380/755
f 667/1298/701 760/1427/758 685/1334/725
f 758/1428/783 688/1337/728 710/1385/755
f 756/1470/807 779/1471/809 759/1472/810
f 760/1473/758 779/1471/809 685/1474/725
f 779/1471/809 760/1473/758 761/1475/729
f 806/1476/811 690/1341/730 758/1428/783
f 691/1477/731 762/1478/760 759/1472/810
f 690/1341/730 712/1389/759 689/1340/657
f 763/1479/812 692/1390/732 712/1389/759
f 762/1478/760 713/1429/761 764/1480/813
f 670/1304/704 644/1344/683 692/1343/732
f 693/1348/734 717/1399/765 861/1481/814
f 674/1312/708 720/1482/767 617/1227/661
f 720/1402/767 765/1483/815 649/1266/684
f 382/757/422 721/1403/768 408/807/271
f 740/1440/790 573/756/87 722/1404/615
f 249/490/288 651/1268/685 950/1484/816
f 722/1404/615 723/1406/769 766/1485/817
f 598/1190/636 888/1486/818 651/1268/685
f 534/1087/573 767/1487/819 561/1130/600
f 742/1488/793 768/1489/772 769/1490/519
f 652/1357/686 678/1319/713 846/1491/820
f 652/1492/686 743/1445/794 577/1447/618
f 624/1135/602 825/1449/796 770/1493/714
f 566/1137/603 937/1321/715 771/1494/821
f 772/1495/620 773/1496/822 579/1278/622
f 773/1496/822 774/1497/823 579/1278/622
f 579/1278/622 774/1497/823 657/1279/689
f 1048/1498/824 513/1039/552 491/995/525
f 700/1364/742 748/1285/693 514/1043/553
f 495/1282/529 628/1499/579 775/1500/800
f 536/1092/577 1128/1501/825 629/1242/671
f 682/1328/720 878/1502/826 661/1286/694
f 776/1503/804 777/1504/827 634/1247/568
f 634/1247/568 777/1504/827 703/1373/748
f 794/1294/649 797/1375/750 795/1505/828
f 755/1465/805 900/1506/829 684/1333/724
f 797/1375/750 637/1250/677 801/1466/806
f 707/1378/753 756/1467/807 665/1296/699
f 733/1426/782 778/1507/830 706/1377/752
f 706/1377/752 778/1507/830 757/1468/808
f 685/1474/725 779/1471/809 756/1470/807
f 778/1507/830 806/1508/811 757/1468/808
f 757/1509/808 806/1476/811 758/1428/783
f 803/1510/831 712/1389/759 806/1476/811
f 779/1471/809 691/1477/731 759/1472/810
f 779/1511/809 761/1339/729 691/1342/731
f 806/1476/811 712/1389/759 690/1341/730
f 781/1512/832 692/1390/732 763/1479/812
f 763/1479/812 712/1389/759 803/1510/831
f 759/1472/810 762/1478/760 764/1480/813
f 780/1513/833 713/1429/761 734/1431/733
f 808/1514/834 670/1304/704 781/1515/832
f 670/1304/704 692/1343/732 781/1515/832
f 782/1516/835 716/1397/764 670/1304/704
f 671/1398/705 693/1348/734 783/1517/836
f 784/1518/837 719/1351/736 715/1396/763
f 717/1399/765 841/1432/784 840/1519/838
f 784/1518/837 785/1520/785 719/1351/736
f 786/1521/735 811/1435/561 735/1434/786
f 787/1522/839 572/1310/614 788/1523/541
f 739/1439/789 789/1524/662 559/1127/598
f 788/1016/541 650/1125/597 787/1525/839
f 574/1526/616 724/1527/770 816/1528/792
f 725/1529/493 1308/1530/840 790/1531/638
f 518/1061/562 893/1532/841 534/1087/573
f 561/1130/600 767/1487/819 620/1231/665
f 826/1413/774 972/1533/842 600/1199/641
f 522/1066/565 745/1450/797 746/1452/798
f 490/994/524 454/908/481 1051/1534/843
f 454/908/481 726/1414/775 1051/1534/843
f 1103/1363/741 698/1535/740 697/785/327
f 662/1326/696 791/1536/844 603/1204/643
f 727/1417/777 792/1537/845 754/1290/695
f 662/1418/696 729/1420/778 791/1538/844
f 754/1290/695 792/1537/845 793/1539/846
f 793/1540/846 753/1462/803 754/1463/695
f 794/1541/649 795/1542/828 704/1543/749
f 796/1544/847 755/1465/805 703/1373/748
f 797/1545/750 798/1546/848 795/1542/828
f 797/1545/750 799/1547/849 798/1546/848
f 665/1548/699 800/1549/850 801/1550/806
f 756/1470/807 802/1551/851 665/1548/699
f 705/1376/751 804/1552/852 733/1426/782
f 733/1426/782 804/1552/852 778/1507/830
f 665/1548/699 802/1551/851 800/1549/850
f 804/1552/852 803/1553/831 778/1507/830
f 802/1551/851 756/1470/807 764/1480/813
f 804/1554/852 805/1555/853 803/1556/831
f 759/1472/810 764/1480/813 756/1470/807
f 803/1557/831 806/1558/811 778/1559/830
f 807/1560/854 808/1561/834 781/1562/832
f 804/1554/852 763/1563/812 805/1555/853
f 764/1480/813 713/1429/761 780/1513/833
f 804/1554/852 807/1560/854 781/1562/832
f 781/1562/832 763/1563/812 804/1554/852
f 805/1564/853 763/1479/812 803/1510/831
f 808/1514/834 782/1516/835 670/1304/704
f 782/1516/835 715/1396/763 716/1397/764
f 839/1395/762 671/1398/705 783/1517/836
f 784/1518/837 715/1396/763 809/1565/855
f 783/1517/836 693/1348/734 861/1481/814
f 861/1481/814 717/1399/765 840/1519/838
f 902/1566/856 785/1520/785 784/1518/837
f 718/1400/766 785/1433/785 810/1567/857
f 554/949/503 811/1568/561 786/1352/735
f 812/1569/858 555/1120/594 718/1400/766
f 672/1309/571 673/1311/707 735/1434/786
f 555/1120/594 986/1570/859 695/1353/737
f 1012/1571/860 596/1307/634 736/1306/706
f 674/1312/708 596/1188/634 1042/1572/861
f 675/1313/709 557/1123/596 813/1573/862
f 737/1574/787 789/1524/662 739/1439/789
f 676/1314/710 739/1439/789 505/1017/542
f 618/1229/663 738/1438/788 650/1267/597
f 721/1403/768 814/1575/863 677/1315/711
f 485/1576/517 815/1577/864 597/1578/635
f 597/1578/635 815/1577/864 724/1579/770
f 891/1580/548 619/1316/664 1096/1581/865
f 816/1582/792 818/1583/866 817/1584/444
f 817/1585/444 818/1586/866 819/1587/423
f 819/1587/423 818/1586/866 742/1488/793
f 768/1588/772 820/1589/867 725/1529/493
f 578/1160/619 951/1412/773 678/1319/713
f 566/1137/603 771/1494/821 951/1412/773
f 821/1590/868 822/1591/869 823/1592/640
f 823/1593/640 822/1594/869 626/1595/522
f 564/1275/550 824/1596/870 825/1597/796
f 626/1595/522 822/1594/869 826/1598/774
f 564/1275/550 655/1274/687 824/1596/870
f 600/1199/641 972/1533/842 974/1276/688
f 657/1279/689 827/1599/871 655/1274/687
f 1048/1498/824 491/995/525 828/1600/872
f 490/994/524 1051/1534/843 491/995/525
f 1048/1498/824 700/1364/742 513/1039/552
f 494/998/528 1003/1365/743 726/1414/775
f 495/1282/529 775/1500/800 659/1283/692
f 849/1103/585 582/1203/625 876/1601/873
f 581/1166/624 829/1602/874 582/1167/625
f 938/1415/776 830/1603/645 435/1416/439
f 335/667/379 752/1461/802 915/1604/875
f 661/1286/694 831/1605/876 540/1099/581
f 540/1099/581 727/1606/777 606/1208/646
f 583/1168/626 702/1371/747 681/1327/719
f 753/1462/803 832/1607/877 568/1372/607
f 832/1607/877 731/1424/780 568/1372/607
f 833/1608/648 834/1609/878 632/1423/673
f 569/1143/608 731/1424/780 835/1331/722
f 835/1610/722 776/1611/804 836/1612/467
f 777/1504/827 796/1544/847 703/1373/748
f 837/1613/879 900/1506/829 755/1465/805
f 684/1333/724 838/1614/880 732/1425/781
f 797/1545/750 801/1550/806 799/1547/849
f 807/1615/854 705/1376/751 732/1425/781
f 705/1376/751 807/1615/854 804/1552/852
f 800/1549/850 802/1551/851 780/1513/833
f 764/1480/813 780/1513/833 802/1551/851
f 780/1513/833 734/1431/733 839/1616/762
f 715/1396/763 782/1516/835 809/1565/855
f 840/1617/838 841/1618/784 842/1619/881
f 843/1620/882 810/1567/857 785/1433/785
f 673/1311/707 572/1310/614 844/1621/883
f 557/1123/596 737/1437/787 813/1573/862
f 649/1266/684 765/1483/815 738/1438/788
f 696/1354/738 845/1622/884 676/1314/710
f 677/1315/711 814/1575/863 741/1441/791
f 598/1190/636 790/1193/638 888/1486/818
f 1429/1408/771 465/931/492 620/1231/665
f 652/1492/686 846/1623/820 743/1445/794
f 894/1318/712 895/1624/885 623/1235/667
f 951/1412/773 846/1491/820 678/1319/713
f 744/1625/639 743/1626/794 821/1590/868
f 821/1590/868 823/1592/640 744/1625/639
f 625/1627/668 847/1628/886 772/1495/620
f 772/1495/620 847/1628/886 773/1496/822
f 1051/1534/843 828/1600/872 491/995/525
f 699/431/256 698/1629/740 1269/1090/575
f 701/1001/531 848/1630/887 538/1095/578
f 849/1631/585 850/1632/888 680/1633/718
f 515/1047/554 851/1634/889 498/1005/533
f 335/667/379 915/1604/875 605/1288/644
f 581/1166/624 498/1005/533 829/1602/874
f 541/1100/582 603/1204/643 702/1371/747
f 540/1099/581 831/1605/876 727/1606/777
f 632/1423/673 852/1635/890 730/1422/779
f 833/1608/648 853/1636/723 834/1609/878
f 796/1544/847 837/1613/879 755/1465/805
f 798/1546/848 854/1637/891 795/1542/828
f 795/1542/828 854/1637/891 920/1638/892
f 900/1506/829 838/1614/880 684/1333/724
f 838/1639/880 855/1640/893 732/1641/781
f 801/1550/806 856/1642/894 799/1547/849
f 732/1641/781 855/1640/893 857/1643/895
f 732/1641/781 857/1643/895 807/1560/854
f 780/1513/833 858/1644/896 800/1549/850
f 857/1643/895 808/1561/834 807/1560/854
f 808/1561/834 857/1643/895 859/1645/897
f 859/1645/897 782/1646/835 808/1561/834
f 780/1513/833 839/1616/762 860/1647/898
f 809/1648/855 782/1646/835 859/1645/897
f 839/1616/762 783/1649/836 860/1647/898
f 783/1650/836 861/1651/814 862/1652/899
f 861/1651/814 840/1617/838 862/1652/899
f 841/1432/784 958/1653/900 842/1654/881
f 958/1653/900 841/1432/784 786/1350/735
f 863/1655/901 864/1656/902 905/1657/903
f 865/1658/904 866/1659/905 867/1660/906
f 863/1655/901 907/1661/907 868/1662/908
f 863/1655/901 905/1657/903 907/1661/907
f 735/1434/786 673/1311/707 869/1663/909
f 596/1307/634 1012/1571/860 1042/1664/861
f 736/1436/706 886/1665/910 870/1666/911
f 986/1570/859 871/1667/912 695/1353/737
f 868/1662/908 674/1312/708 1042/1572/861
f 872/1668/913 674/1669/708 868/1670/908
f 695/1353/737 871/1667/912 696/1354/738
f 673/1311/707 844/1621/883 869/1663/909
f 674/1669/708 872/1668/913 720/1671/767
f 572/1310/614 787/1522/839 844/1621/883
f 814/1575/863 873/1672/914 741/1441/791
f 518/1061/562 891/1033/548 893/1532/841
f 534/1087/573 1124/1673/915 767/1487/819
f 748/1454/693 700/1674/742 874/1675/916
f 679/1322/716 875/1676/917 775/1455/800
f 749/1456/801 629/1458/671 1128/1677/825
f 830/1207/645 1029/1678/918 515/1047/554
f 829/1602/874 876/1679/873 582/1167/625
f 603/1204/643 877/1680/919 702/1371/747
f 661/1681/694 878/1682/826 831/1683/876
f 633/1246/674 921/1684/920 853/1332/723
f 801/1550/806 858/1644/896 856/1642/894
f 801/1550/806 800/1549/850 858/1644/896
f 856/1642/894 858/1644/896 879/1685/921
f 858/1644/896 860/1647/898 879/1685/921
f 855/1640/893 859/1645/897 857/1643/895
f 780/1513/833 860/1647/898 858/1644/896
f 881/1686/922 783/1650/836 862/1652/899
f 859/1645/897 880/1687/923 809/1648/855
f 881/1688/922 860/1647/898 783/1649/836
f 784/1518/837 809/1565/855 902/1566/856
f 785/1433/785 902/1689/856 843/1620/882
f 958/1690/900 786/1521/735 882/1691/924
f 786/1521/735 735/1434/786 882/1691/924
f 882/1691/924 735/1434/786 883/1692/925
f 867/1693/906 884/1694/926 865/1695/904
f 863/1655/901 885/1696/927 864/1656/902
f 812/1569/858 986/1570/859 555/1120/594
f 866/1659/905 870/1697/911 886/1698/910
f 868/1662/908 885/1696/927 863/1655/901
f 866/1659/905 886/1698/910 867/1660/906
f 885/1696/927 868/1662/908 1042/1572/861
f 886/1665/910 736/1436/706 675/1313/709
f 813/1573/862 887/1699/928 675/1313/709
f 871/1667/912 845/1622/884 696/1354/738
f 650/1267/597 738/1438/788 787/1700/839
f 249/490/288 950/1484/816 949/1031/547
f 722/1404/615 766/1485/817 740/1440/790
f 888/1701/818 967/1702/929 651/1703/685
f 1429/1442/771 1335/1704/930 723/1406/769
f 724/1527/770 889/1705/931 816/1528/792
f 888/1701/818 790/1531/638 967/1702/929
f 619/1316/664 741/1441/791 1096/1581/865
f 790/1531/638 1308/1530/840 890/1706/932
f 891/1707/548 892/1708/933 893/1709/841
f 725/1529/493 820/1589/867 1308/1530/840
f 534/1087/573 893/1532/841 1124/1673/915
f 767/1487/819 1019/1710/934 620/1231/665
f 623/1235/667 895/1624/885 622/1233/666
f 894/1711/712 770/1712/714 895/1713/885
f 846/1491/820 951/1412/773 896/1714/935
f 625/1237/668 968/1448/795 847/1715/886
f 538/1095/578 1363/1716/936 751/1370/746
f 515/1047/554 1029/1678/918 851/1634/889
f 682/1328/720 605/1206/644 878/1502/826
f 702/1371/747 877/1680/919 681/1327/719
f 849/1631/585 876/1717/873 850/1632/888
f 603/1204/643 791/1536/844 877/1680/919
f 498/1005/533 851/1634/889 829/1602/874
f 730/1422/779 852/1635/890 897/1718/937
f 632/1423/673 898/1719/938 852/1635/890
f 704/1374/749 921/1684/920 633/1246/674
f 795/1542/828 920/1638/892 704/1543/749
f 837/1720/879 899/1721/939 900/1722/829
f 900/1722/829 899/1721/939 838/1639/880
f 899/1721/939 855/1640/893 838/1639/880
f 799/1547/849 879/1685/921 798/1546/848
f 856/1642/894 879/1685/921 799/1547/849
f 879/1685/921 860/1647/898 881/1688/922
f 855/1640/893 880/1687/923 859/1645/897
f 901/1723/940 902/1724/856 809/1725/855
f 840/1617/838 1033/1726/941 862/1652/899
f 840/1617/838 842/1619/881 1033/1726/941
f 902/1727/856 903/1728/942 843/1729/882
f 843/1620/882 904/1730/943 810/1567/857
f 718/1400/766 810/1567/857 904/1730/943
f 864/1731/902 1061/1732/944 905/1733/903
f 1061/1732/944 906/1734/945 905/1733/903
f 1012/1571/860 736/1306/706 870/1735/911
f 906/1734/945 868/1670/908 907/1736/907
f 887/1699/928 886/1665/910 675/1313/709
f 908/1737/946 720/1671/767 872/1668/913
f 844/1621/883 909/1738/947 869/1663/909
f 737/1574/787 739/1439/789 910/1739/948
f 1018/1740/949 738/1438/788 765/1483/815
f 845/1622/884 911/1741/950 676/1314/710
f 676/1314/710 911/1741/950 739/1439/789
f 535/1089/574 622/1233/666 968/1448/795
f 968/1448/795 622/1233/666 998/1742/951
f 770/1743/714 825/1597/796 912/1744/952
f 773/1496/822 847/1628/886 913/1745/953
f 656/1277/621 970/1746/954 937/1747/715
f 974/1276/688 970/1746/954 656/1277/621
f 774/1497/823 914/1748/955 657/1279/689
f 748/1454/693 874/1675/916 1003/1365/743
f 605/1206/644 915/1749/875 878/1502/826
f 680/1633/718 850/1632/888 752/1750/802
f 876/1679/873 829/1602/874 916/1751/956
f 728/1419/721 917/1752/957 729/1420/778
f 730/1422/779 917/1752/957 728/1419/721
f 793/1539/846 918/1753/958 753/1754/803
f 852/1635/890 919/1755/959 897/1718/937
f 920/1756/892 921/1757/920 704/1758/749
f 920/1756/892 922/1759/960 921/1757/920
f 923/1760/961 837/1720/879 796/1761/847
f 798/1546/848 879/1685/921 924/1762/962
f 879/1763/921 881/1686/922 924/1764/962
f 809/1648/855 880/1687/923 901/1765/940
f 945/1766/963 903/1728/942 902/1727/856
f 925/1767/964 866/1768/905 865/1695/904
f 735/1434/786 869/1663/909 883/1692/925
f 905/1733/903 906/1734/945 907/1736/907
f 872/1668/913 926/1769/965 927/1770/966
f 1038/1771/967 885/1696/927 1042/1572/861
f 928/1772/968 887/1699/928 929/1773/969
f 867/1660/906 886/1698/910 884/1774/926
f 906/1734/945 872/1668/913 868/1670/908
f 872/1668/913 927/1770/966 908/1737/946
f 720/1402/767 930/1775/970 765/1483/815
f 740/1440/790 931/1776/971 382/757/422
f 815/1577/864 485/1576/517 932/1777/972
f 723/1406/769 1335/1704/930 766/1485/817
f 815/1577/864 889/1778/931 724/1579/770
f 741/1441/791 873/1672/914 1096/1581/865
f 770/1712/714 933/1779/973 895/1713/885
f 771/1494/821 934/1780/974 951/1412/773
f 824/1596/870 935/1781/975 825/1597/796
f 936/1782/976 771/1783/821 937/1784/715
f 657/1279/689 914/1748/955 827/1599/871
f 1269/1785/575 1355/939/497 327/430/255
f 938/1786/776 1029/1678/918 830/1207/645
f 681/1327/719 877/1680/919 1148/1787/977
f 791/1536/844 939/1788/978 877/1680/919
f 727/1417/777 940/1789/979 792/1537/845
f 791/1538/844 729/1420/778 939/1790/978
f 850/1632/888 876/1717/873 941/1791/980
f 730/1422/779 897/1718/937 917/1752/957
f 792/1537/845 918/1753/958 793/1539/846
f 853/1636/723 942/1792/981 834/1609/878
f 921/1684/920 942/1793/981 853/1332/723
f 776/1794/804 943/1795/982 777/1796/827
f 920/1756/892 854/1797/891 922/1759/960
f 923/1760/961 899/1721/939 837/1720/879
f 798/1798/848 944/1799/983 854/1797/891
f 899/1721/939 957/1800/984 855/1640/893
f 880/1687/923 855/1640/893 957/1800/984
f 957/1800/984 901/1765/940 880/1687/923
f 881/1686/922 862/1652/899 924/1764/962
f 901/1723/940 945/1801/963 902/1724/856
f 904/1730/943 812/1569/858 718/1400/766
f 925/1767/964 870/1802/911 866/1768/905
f 864/1656/902 885/1696/927 1038/1771/967
f 929/1773/969 1041/1803/985 928/1772/968
f 929/1773/969 887/1699/928 946/1804/986
f 1077/1805/987 884/1806/926 886/1665/910
f 1077/1805/987 887/1699/928 928/1772/968
f 886/1665/910 887/1699/928 1077/1805/987
f 908/1737/946 930/1807/970 720/1671/767
f 887/1699/928 813/1573/862 947/1808/988
f 844/1621/883 787/1522/839 948/1809/989
f 739/1439/789 911/1741/950 910/1739/948
f 787/1522/839 738/1810/788 948/1809/989
f 382/757/422 931/1776/971 721/1403/768
f 485/1576/517 949/1811/547 932/1777/972
f 949/1811/547 1081/1812/990 932/1777/972
f 949/1811/547 950/1813/816 1081/1812/990
f 1096/1814/865 892/1708/933 891/1707/548
f 1308/1530/840 820/1589/867 1720/1815/991
f 934/1816/974 896/1817/935 951/1818/773
f 912/1744/952 933/1819/973 770/1743/714
f 952/1820/992 913/1745/953 847/1628/886
f 658/1821/690 660/1284/576 1049/1822/993
f 660/1284/576 659/1283/692 1049/1822/993
f 681/1327/719 1148/1787/977 938/1415/776
f 727/1417/777 831/1683/876 940/1789/979
f 792/1537/845 940/1789/979 953/1823/994
f 1031/1824/995 832/1607/877 753/1462/803
f 777/1796/827 943/1795/982 796/1825/847
f 922/1759/960 854/1797/891 954/1826/996
f 854/1797/891 944/1799/983 954/1826/996
f 923/1760/961 957/1800/984 899/1721/939
f 798/1798/848 924/1827/962 944/1799/983
f 924/1827/962 955/1828/997 944/1799/983
f 956/1829/998 901/1723/940 957/1830/984
f 955/1831/997 924/1764/962 862/1652/899
f 842/1619/881 958/1832/900 959/1833/999
f 959/1834/999 958/1690/900 882/1691/924
f 960/1835/1000 925/1767/964 865/1695/904
f 928/1772/968 1041/1803/985 1077/1805/987
f 929/1773/969 961/1836/1001 1041/1803/985
f 926/1769/965 962/1837/1002 963/1838/1003
f 926/1769/965 872/1668/913 962/1837/1002
f 926/1769/965 964/1839/1004 927/1770/966
f 964/1839/1004 908/1737/946 927/1770/966
f 962/1837/1002 872/1668/913 906/1734/945
f 931/1776/971 965/1840/1005 721/1403/768
f 931/1776/971 740/1440/790 966/1841/1006
f 740/1440/790 766/1485/817 966/1841/1006
f 932/1777/972 889/1778/931 815/1577/864
f 950/1813/816 967/1842/929 1081/1812/990
f 950/1843/816 651/1703/685 967/1702/929
f 814/1575/863 721/1403/768 965/1840/1005
f 814/1575/863 965/1840/1005 873/1672/914
f 766/1485/817 1335/1704/930 966/1841/1006
f 968/1844/795 952/1820/992 847/1628/886
f 821/1590/868 969/1845/1007 822/1591/869
f 827/1599/871 824/1596/870 655/1274/687
f 970/1846/954 971/1847/1008 937/1848/715
f 972/1849/842 973/1850/1009 974/1851/688
f 974/1851/688 973/1850/1009 970/1852/954
f 914/1748/955 975/1853/1010 827/1599/871
f 580/1165/623 976/1854/691 1022/1358/739
f 750/1240/670 978/1855/1011 1103/1363/741
f 1048/1498/824 1068/1856/1012 700/1364/742
f 750/1457/670 977/1857/1013 978/1858/1011
f 627/1859/669 1003/1860/743 747/1861/799
f 977/1857/1013 875/1676/917 679/1322/716
f 878/1682/826 915/1862/875 831/1683/876
f 752/1750/802 850/1632/888 979/1863/1014
f 876/1717/873 916/1864/956 941/1791/980
f 942/1792/981 1280/1865/1015 834/1609/878
f 796/1825/847 943/1795/982 923/1866/961
f 943/1795/982 980/1867/1016 923/1866/961
f 923/1866/961 981/1868/1017 957/1830/984
f 957/1830/984 981/1868/1017 956/1829/998
f 945/1801/963 901/1723/940 956/1829/998
f 862/1652/899 1033/1726/941 955/1831/997
f 903/1869/942 982/1870/1018 843/1871/882
f 842/1619/881 959/1833/999 1034/1872/1019
f 843/1871/882 982/1870/1018 904/1873/943
f 983/1874/1020 812/1875/858 904/1873/943
f 882/1691/924 883/1692/925 984/1876/1021
f 985/1877/1022 986/1878/859 812/1875/858
f 960/1835/1000 987/1879/1023 925/1767/964
f 865/1695/904 884/1694/926 960/1835/1000
f 987/1879/1023 870/1802/911 925/1767/964
f 1012/1571/860 1011/1880/1024 1042/1664/861
f 1061/1732/944 988/1881/1025 906/1734/945
f 989/1882/1026 926/1769/965 963/1838/1003
f 989/1882/1026 964/1839/1004 926/1769/965
f 961/1836/1001 929/1773/969 946/1804/986
f 990/1883/1027 991/1884/1028 992/1885/1029
f 990/1883/1027 992/1885/1029 993/1886/1030
f 947/1808/988 994/1887/1031 995/1888/1032
f 887/1699/928 947/1808/988 946/1804/986
f 994/1889/1031 737/1574/787 996/1890/1033
f 737/1437/787 994/1887/1031 813/1573/862
f 871/1667/912 997/1891/1034 845/1622/884
f 845/1622/884 997/1891/1034 911/1741/950
f 889/1705/931 1709/1892/1035 816/1528/792
f 873/1672/914 965/1840/1005 1096/1581/865
f 768/1588/772 1513/1893/1036 820/1589/867
f 895/1624/885 998/1742/951 622/1233/666
f 968/1844/795 998/1894/951 952/1820/992
f 771/1783/821 936/1782/976 934/1895/974
f 999/1896/1037 1000/1897/1038 826/1898/774
f 774/1497/823 773/1496/822 1001/1899/1039
f 827/1599/871 1002/1900/1040 824/1596/870
f 774/1497/823 1001/1899/1039 914/1748/955
f 679/1322/716 746/1452/798 977/1857/1013
f 627/1901/669 726/1902/775 1003/1903/743
f 1003/1860/743 874/1904/916 747/1861/799
f 750/1457/670 749/1456/801 875/1676/917
f 747/1861/799 874/1904/916 1004/1905/744
f 477/1202/510 1643/1906/1041 536/1092/577
f 915/1862/875 940/1789/979 831/1683/876
f 752/1907/802 1005/1908/1042 915/1862/875
f 850/1632/888 941/1791/980 979/1863/1014
f 1006/1909/1043 753/1754/803 918/1753/958
f 852/1635/890 898/1719/938 919/1755/959
f 1007/1910/1044 835/1610/722 1008/1911/1045
f 1007/1910/1044 776/1611/804 835/1610/722
f 1009/1912/1046 921/1757/920 922/1759/960
f 980/1867/1016 981/1868/1017 923/1866/961
f 954/1826/996 944/1799/983 955/1828/997
f 956/1829/998 1010/1913/1047 945/1801/963
f 1033/1726/941 842/1619/881 1034/1872/1019
f 945/1766/963 1010/1914/1047 903/1728/942
f 983/1874/1020 904/1873/943 982/1870/1018
f 984/1876/1021 959/1834/999 882/1691/924
f 1013/1915/1048 1011/1916/1024 1012/1917/860
f 961/1836/1001 1118/1918/1049 1041/1803/985
f 1077/1805/987 1041/1803/985 1117/1919/1050
f 1012/1571/860 870/1735/911 1013/1920/1048
f 961/1836/1001 946/1804/986 1014/1921/1051
f 988/1881/1025 962/1837/1002 906/1734/945
f 1015/1922/1052 1016/1923/1053 995/1888/1032
f 1015/1922/1052 995/1888/1032 994/1887/1031
f 1017/1924/1054 990/1883/1027 993/1886/1030
f 908/1737/946 991/1884/1028 930/1807/970
f 990/1883/1027 930/1807/970 991/1884/1028
f 813/1573/862 994/1887/1031 947/1808/988
f 738/1810/788 1018/1925/949 948/1809/989
f 1140/1926/1055 931/1776/971 966/1841/1006
f 1019/1927/934 1429/1928/771 620/1929/665
f 1020/1930/1056 768/1489/772 742/1488/793
f 912/1744/952 825/1597/796 935/1781/975
f 999/1931/1037 826/1598/774 822/1594/869
f 937/1848/715 971/1847/1008 936/1932/976
f 1000/1897/1038 972/1849/842 826/1898/774
f 827/1599/871 975/1853/1010 1002/1900/1040
f 975/1853/1010 914/1748/955 1101/1933/1057
f 746/1934/798 745/1935/797 1021/1936/1058
f 1199/1937/1059 745/1935/797 658/1938/690
f 726/1902/775 627/1901/669 1022/1939/739
f 1023/1940/1060 698/1535/740 1103/1363/741
f 746/1452/798 978/1858/1011 977/1857/1013
f 1024/1941/1061 1025/1942/1062 659/1943/692
f 1024/1944/1061 659/1283/692 775/1500/800
f 977/1857/1013 750/1457/670 875/1676/917
f 1026/1945/717 1027/1946/1063 477/1947/510
f 1148/1787/977 877/1680/919 939/1788/978
f 1028/1948/1064 915/1862/875 1005/1908/1042
f 1029/1949/918 938/1950/776 1054/1951/1065
f 851/1634/889 1029/1678/918 1030/1952/1066
f 1006/1909/1043 1031/1953/995 753/1754/803
f 1008/1911/1045 835/1610/722 731/1954/780
f 954/1826/996 955/1828/997 1032/1955/1067
f 955/1828/997 1033/1956/941 1032/1955/1067
f 981/1868/1017 1010/1913/1047 956/1829/998
f 1033/1956/941 1034/1957/1019 1032/1955/1067
f 1034/1872/1019 959/1833/999 1058/1958/1068
f 984/1876/1021 1035/1959/1069 959/1834/999
f 983/1874/1020 985/1877/1022 812/1875/858
f 1036/1960/1070 987/1879/1023 960/1835/1000
f 1037/1961/1071 1061/1732/944 864/1731/902
f 1037/1962/1071 864/1963/902 1038/1964/967
f 1039/1965/1072 870/1802/911 987/1879/1023
f 1040/1966/1073 989/1882/1026 963/1838/1003
f 1117/1967/1050 1041/1968/985 1118/1969/1049
f 1011/1916/1024 1038/1964/967 1042/1970/861
f 992/1885/1029 1043/1971/1074 993/1886/1030
f 986/1570/859 1246/1972/1075 871/1667/912
f 1016/1923/1053 947/1808/988 995/1888/1032
f 1016/1923/1053 946/1804/986 947/1808/988
f 930/1807/970 990/1883/1027 1017/1924/1054
f 932/1973/972 1044/1974/1076 889/1975/931
f 846/1976/820 896/1977/935 1209/1978/1077
f 846/1976/820 1045/1979/1078 743/1626/794
f 743/1626/794 1045/1979/1078 821/1590/868
f 824/1596/870 1002/1900/1040 1046/1980/1079
f 1000/1897/1038 973/1850/1009 972/1849/842
f 1001/1899/1039 1101/1933/1057 914/1748/955
f 745/1935/797 1199/1937/1059 1021/1936/1058
f 828/1981/872 1047/1982/1080 1048/1983/824
f 658/1938/690 1049/1984/993 1199/1937/1059
f 726/1902/775 1050/1985/1081 1051/1986/843
f 1022/1939/739 1050/1985/1081 726/1902/775
f 1025/1942/1062 1049/1987/993 659/1943/692
f 1004/1905/744 1052/1988/1082 602/1989/642
f 1129/1368/745 848/1990/887 701/1369/531
f 538/1991/578 1053/1992/1083 1363/1993/936
f 1363/1716/936 1182/1994/1084 751/1370/746
f 938/1415/776 1148/1787/977 1054/1995/1065
f 729/1420/778 917/1752/957 939/1790/978
f 752/1907/802 979/1996/1014 1005/1908/1042
f 851/1634/889 916/1751/956 829/1602/874
f 832/1607/877 1072/1997/1085 731/1424/780
f 942/1792/981 1166/1998/1086 1280/1865/1015
f 981/1868/1017 1055/1999/1087 1010/1913/1047
f 1055/2000/1087 903/1728/942 1010/1914/1047
f 1032/1955/1067 1034/1957/1019 1056/2001/1088
f 1057/2002/1089 982/1870/1018 903/1869/942
f 1056/2001/1088 1034/1957/1019 1058/2003/1068
f 982/1870/1018 1059/2004/1090 983/1874/1020
f 1060/2005/1091 1061/2006/944 1037/1962/1071
f 1061/2006/944 1060/2005/1091 988/2007/1025
f 985/1877/1022 1062/2008/1092 986/1878/859
f 1063/2009/1093 1040/1966/1073 963/1838/1003
f 963/1838/1003 962/1837/1002 1330/2010/1094
f 870/1802/911 1039/1965/1072 1013/2011/1048
f 1118/2012/1049 961/2013/1001 1014/2014/1051
f 962/1837/1002 988/1881/1025 1064/2015/1095
f 1065/2016/1096 1016/1923/1053 1015/1922/1052
f 1043/1971/1074 992/1885/1029 1120/2017/1097
f 1015/1922/1052 1066/2018/1098 1065/2016/1096
f 1043/1971/1074 1017/1924/1054 993/1886/1030
f 1015/1922/1052 994/1887/1031 1067/2019/1099
f 908/1737/946 964/1839/1004 991/1884/1028
f 1017/1924/1054 1173/2020/1100 930/1807/970
f 1173/2021/1100 765/1483/815 930/1775/970
f 994/1889/1031 996/1890/1033 1067/2022/1099
f 871/1667/912 1246/1972/1075 997/1891/1034
f 737/1574/787 910/1739/948 996/1890/1033
f 931/1776/971 1140/1926/1055 965/1840/1005
f 790/1531/638 890/1706/932 967/1702/929
f 818/1586/866 1020/1930/1056 742/1488/793
f 1209/1978/1077 1045/1979/1078 846/1976/820
f 821/1590/868 1045/1979/1078 1211/2023/1101
f 913/1745/953 1001/1899/1039 773/1496/822
f 1048/1983/824 1047/1982/1080 1068/2024/1012
f 875/1676/917 1069/2025/1102 775/1455/800
f 775/2026/800 1069/2027/1102 1024/1941/1061
f 875/1676/917 749/1456/801 1069/2025/1102
f 538/2028/578 848/1990/887 1053/2029/1083
f 897/1718/937 1070/2030/1103 917/1752/957
f 898/1719/938 632/1423/673 1071/2031/1104
f 1072/2032/1085 1008/1911/1045 731/1954/780
f 921/1757/920 1009/1912/1046 1073/2033/1105
f 1009/1912/1046 1074/2034/1106 1073/2033/1105
f 943/1795/982 1133/2035/1107 980/1867/1016
f 954/1826/996 1032/1955/1067 922/1759/960
f 1055/1999/1087 981/1868/1017 980/1867/1016
f 1055/2000/1087 1057/2036/1089 903/1728/942
f 1058/1958/1068 959/1833/999 1035/2037/1069
f 1035/1959/1069 984/1876/1021 1111/2038/1108
f 869/1663/909 1075/2039/1109 883/1692/925
f 1117/2040/1050 1076/2041/1110 1077/2042/987
f 1063/2009/1093 963/1838/1003 1330/2010/1094
f 1040/1966/1073 964/1839/1004 989/1882/1026
f 1078/2043/1111 1065/2016/1096 1066/2018/1098
f 1015/1922/1052 1067/2019/1099 1066/2018/1098
f 946/1804/986 1079/2044/1112 1014/1921/1051
f 1043/1971/1074 1093/2045/1113 1017/1924/1054
f 869/1663/909 909/1738/947 1080/2046/1114
f 1173/2047/1100 1018/1925/949 765/2048/815
f 1081/2049/990 1044/1974/1076 932/1973/972
f 1044/2050/1076 1709/1892/1035 889/1705/931
f 821/1590/868 1211/2023/1101 969/1845/1007
f 912/1744/952 935/1781/975 1082/2051/1115
f 822/2052/869 969/2053/1007 999/1896/1037
f 824/1596/870 1046/1980/1079 935/1781/975
f 913/1745/953 1083/2054/1116 1001/1899/1039
f 970/1846/954 973/2055/1009 971/1847/1008
f 973/2055/1009 1125/2056/1117 1084/2057/1118
f 828/1981/872 1051/1986/843 1085/2058/1119
f 700/2059/742 1086/2060/1120 874/1904/916
f 749/1456/801 1128/1677/825 1359/2061/1121
f 1182/1994/1084 1236/2062/1122 751/1370/746
f 940/1789/979 915/1862/875 1028/1948/1064
f 1148/2063/977 939/1790/978 1087/2064/1123
f 792/1537/845 953/1823/994 918/1753/958
f 1054/1951/1065 1030/2065/1066 1029/1949/918
f 897/1718/937 919/1755/959 1070/2030/1103
f 776/1611/804 1007/1910/1044 1185/2066/1124
f 922/1759/960 1074/2034/1106 1009/1912/1046
f 1056/2001/1088 1058/2003/1068 1088/2067/1125
f 1088/2068/1125 1058/1958/1068 1035/2037/1069
f 1059/2004/1090 985/1877/1022 983/1874/1020
f 1111/2038/1108 984/1876/1021 883/1692/925
f 1089/2069/1126 1037/1962/1071 1090/2070/1127
f 1089/2069/1126 1060/2005/1091 1037/1962/1071
f 1036/1960/1070 960/1835/1000 884/1694/926
f 1330/2010/1094 962/1837/1002 1064/2015/1095
f 1091/2071/1128 1120/2017/1097 1192/2072/1129
f 1120/2017/1097 1092/2073/1130 1043/1971/1074
f 1079/2044/1112 1016/1923/1053 1065/2016/1096
f 1120/2017/1097 992/1885/1029 1192/2072/1129
f 1092/2074/1130 1093/2075/1113 1043/2076/1074
f 992/1885/1029 991/1884/1028 1192/2072/1129
f 1079/2044/1112 946/1804/986 1016/1923/1053
f 991/1884/1028 964/1839/1004 1192/2072/1129
f 1527/2077/1131 948/1809/989 1018/1925/949
f 1094/2078/1132 1081/2049/990 967/2079/929
f 1095/2080/1133 1096/2081/865 965/2082/1005
f 1709/1892/1035 1208/2083/1134 816/1528/792
f 1771/2084/1135 1020/1930/1056 818/1586/866
f 1247/2085/1136 1019/2086/934 1175/2087/1137
f 1097/2088/1138 820/1589/867 1513/1893/1036
f 895/2089/885 933/1819/973 1156/2090/1139
f 1083/2054/1116 1098/2091/1140 1001/1899/1039
f 973/2055/1009 1099/2092/1141 971/1847/1008
f 973/2055/1009 1084/2057/1118 1099/2092/1141
f 1100/2093/1142 975/2094/1010 1101/2095/1057
f 1102/2096/1143 978/2097/1011 746/1934/798
f 978/2097/1011 1023/2098/1060 1103/2099/741
f 1104/2100/1144 1086/2060/1120 700/2059/742
f 1105/2101/1145 1004/1905/744 874/1904/916
f 536/1092/577 1237/2102/1146 1128/1501/825
f 1236/2103/1122 1106/2104/1147 751/2105/746
f 1087/2064/1123 1107/2106/1148 1148/2063/977
f 1325/2107/1149 941/2108/980 916/1751/956
f 832/1607/877 1239/2109/1150 1072/1997/1085
f 834/1609/878 1108/2110/1151 632/1423/673
f 632/1423/673 1108/2110/1151 1071/2031/1104
f 980/1867/1016 1133/2035/1107 1224/2111/1152
f 1224/2111/1152 1055/1999/1087 980/1867/1016
f 1074/2034/1106 922/1759/960 1032/1955/1067
f 1109/2112/1153 1059/2004/1090 1057/2002/1089
f 1110/2113/1154 1056/2001/1088 1088/2067/1125
f 1057/2002/1089 1059/2004/1090 982/1870/1018
f 1035/2114/1069 1111/2115/1108 1088/2116/1125
f 1328/2117/1155 985/1877/1022 1059/2004/1090
f 1112/2118/1156 987/1879/1023 1036/1960/1070
f 1112/2118/1156 1039/1965/1072 987/1879/1023
f 1203/2119/1157 1113/2120/1158 1036/1960/1070
f 1090/2070/1127 1037/1962/1071 1038/1964/967
f 1064/2121/1095 988/2007/1025 1060/2005/1091
f 1170/2122/1159 1040/1966/1073 1063/2009/1093
f 1114/2123/1160 1040/1966/1073 1170/2122/1159
f 1115/2124/1161 1062/2008/1092 985/1877/1022
f 1116/2125/1162 1117/2126/1050 1118/2127/1049
f 1118/2127/1049 1014/2128/1051 1116/2125/1162
f 1078/2043/1111 1119/2129/1163 1065/2016/1096
f 1091/2130/1128 1092/2074/1130 1120/2131/1097
f 1119/2129/1163 1079/2044/1112 1065/2016/1096
f 1078/2043/1111 1066/2018/1098 1067/2019/1099
f 1094/2078/1132 967/2079/929 1121/2132/1164
f 1122/2133/1165 892/2134/933 1096/2081/865
f 1123/2135/1166 1124/2136/915 893/1709/841
f 1020/1930/1056 1513/2137/1036 768/1489/772
f 1045/1979/1078 1209/1978/1077 1211/2023/1101
f 952/1820/992 1083/2054/1116 913/1745/953
f 1000/1897/1038 1125/2138/1117 973/1850/1009
f 1001/1899/1039 1098/2091/1140 1101/1933/1057
f 1102/2096/1143 746/1934/798 1126/2139/1167
f 1047/1982/1080 1127/2140/1168 1068/2024/1012
f 976/2141/691 1050/1985/1081 1022/1939/739
f 1086/2060/1120 1105/2101/1145 874/1904/916
f 1105/2101/1145 1052/1988/1082 1004/1905/744
f 1128/2142/825 1412/2143/1169 1359/2144/1121
f 1052/1988/1082 1129/2145/745 602/1989/642
f 1005/1908/1042 1130/2146/1170 1028/1948/1064
f 851/1634/889 1030/1952/1066 1131/2147/1171
f 979/1863/1014 941/1791/980 1132/2148/1172
f 851/1634/889 1131/2147/1171 916/1751/956
f 898/1719/938 1071/2031/1104 919/1755/959
f 832/1607/877 1031/1824/995 1239/2109/1150
f 921/1757/920 1073/2033/1105 942/2149/981
f 1185/2066/1124 1133/2150/1107 776/1611/804
f 776/1794/804 1133/2035/1107 943/1795/982
f 1032/1955/1067 1134/2151/1173 1074/2034/1106
f 1055/2000/1087 1135/2152/1174 1136/2153/1175
f 1056/2001/1088 1110/2113/1154 1032/1955/1067
f 1055/2000/1087 1136/2153/1175 1057/2036/1089
f 1109/2112/1153 1328/2117/1155 1059/2004/1090
f 1110/2154/1154 1088/2116/1125 1201/2155/1176
f 1036/1960/1070 884/1694/926 1203/2119/1157
f 1116/2125/1162 1137/2156/1177 1117/2126/1050
f 1137/2156/1177 1076/2157/1110 1117/2126/1050
f 1114/2123/1160 1138/2158/1178 1040/1966/1073
f 1138/2158/1178 964/1839/1004 1040/1966/1073
f 1076/2041/1110 884/1694/926 1077/2042/987
f 1062/2159/1092 1246/1972/1075 986/1570/859
f 844/1621/883 948/1809/989 1139/2160/1179
f 1140/2161/1055 1095/2080/1133 965/2082/1005
f 820/1589/867 1097/2088/1138 1720/1815/991
f 895/2089/885 1156/2090/1139 998/2162/951
f 952/1820/992 998/1894/951 1141/2163/1180
f 896/1817/935 934/1816/974 1233/2164/1181
f 935/1781/975 1046/1980/1079 1082/2051/1115
f 1002/1900/1040 1338/2165/1182 1046/1980/1079
f 975/1853/1010 1142/2166/1183 1002/1900/1040
f 1098/2091/1140 1214/2167/1184 1101/1933/1057
f 975/2094/1010 1100/2093/1142 1142/2168/1183
f 1047/1982/1080 828/1981/872 1143/2169/1185
f 828/1981/872 1085/2058/1119 1143/2169/1185
f 1021/1936/1058 1126/2139/1167 746/1934/798
f 700/2059/742 1144/2170/1186 1104/2100/1144
f 1025/1942/1062 1145/2171/1187 1049/1987/993
f 749/2172/801 1359/2173/1121 1069/2027/1102
f 751/2105/746 1106/2104/1147 1026/2174/717
f 1146/2175/1188 1026/2176/717 1147/2177/1189
f 1026/2176/717 1146/2175/1188 1027/2178/1063
f 1148/2179/977 1107/2180/1148 1054/1951/1065
f 1070/2030/1103 939/1790/978 917/1752/957
f 1132/2148/1172 1276/2181/1190 979/1863/1014
f 1074/2034/1106 1149/2182/1191 1073/2033/1105
f 1224/2183/1152 1135/2152/1174 1055/2000/1087
f 1032/1955/1067 1110/2113/1154 1134/2151/1173
f 1136/2153/1175 1109/2184/1153 1057/2036/1089
f 1088/2116/1125 1111/2115/1108 1201/2155/1176
f 1150/2185/1192 1111/2115/1108 883/2186/925
f 1112/2118/1156 1036/1960/1070 1113/2120/1158
f 1170/2122/1159 1063/2009/1093 1330/2010/1094
f 1151/2187/1193 1076/2157/1110 1137/2156/1177
f 1038/1964/967 1011/1916/1024 1090/2070/1127
f 1091/2130/1128 1152/2188/1194 1092/2074/1130
f 1078/2043/1111 1153/2189/1195 1119/2129/1163
f 1192/2072/1129 964/1839/1004 1138/2158/1178
f 1067/2019/1099 1154/2190/1196 1078/2043/1111
f 967/2191/929 890/2192/932 1155/2193/1197
f 1096/2081/865 1095/2080/1133 1122/2133/1165
f 998/1894/951 1156/2194/1139 1141/2163/1180
f 1156/2090/1139 933/1819/973 1157/2195/1198
f 933/1819/973 912/1744/952 1157/2195/1198
f 1158/2196/1199 1142/2168/1183 1100/2093/1142
f 1101/2095/1057 1159/2197/1200 1100/2093/1142
f 1125/2056/1117 1160/2198/1201 1084/2057/1118
f 1102/2096/1143 1023/2098/1060 978/2097/1011
f 1355/2199/497 1520/2200/1202 976/2201/691
f 1086/2060/1120 1161/2202/1203 1105/2101/1145
f 1069/2027/1102 1357/2203/1204 1024/1941/1061
f 1181/2204/1205 1236/2062/1122 1182/1994/1084
f 1106/2104/1147 1147/2205/1189 1026/2174/717
f 940/1789/979 1162/2206/1206 953/1823/994
f 940/1789/979 1028/1948/1064 1162/2206/1206
f 1005/1908/1042 1163/2207/1207 1130/2146/1170
f 1132/2148/1172 941/1791/980 1325/2208/1149
f 1008/1911/1045 1164/2209/1208 1007/1910/1044
f 1007/1910/1044 1165/2210/1209 1185/2066/1124
f 942/2149/981 1073/2033/1105 1166/2211/1086
f 1060/2005/1091 1089/2069/1126 1167/2212/1210
f 1167/2212/1210 1064/2121/1095 1060/2005/1091
f 1168/2213/1211 1169/2214/1212 1170/2215/1159
f 1169/2214/1212 1114/2216/1160 1170/2215/1159
f 1203/2119/1157 884/1694/926 1076/2041/1110
f 1171/2217/1213 1152/2188/1194 1091/2130/1128
f 1153/2189/1195 1078/2043/1111 1154/2190/1196
f 1172/2218/1214 1093/2075/1113 1092/2074/1130
f 1075/2039/1109 869/1663/909 1080/2046/1114
f 1093/2075/1113 1173/2219/1100 1017/2220/1054
f 844/1621/883 1139/2160/1179 909/1738/947
f 1174/2221/1215 911/1741/950 997/1891/1034
f 948/1809/989 1527/2077/1131 1139/2160/1179
f 966/1841/1006 1335/1704/930 1140/1926/1055
f 1081/2049/990 1094/2078/1132 1044/1974/1076
f 893/1709/841 892/1708/933 1123/2135/1166
f 1124/2136/915 1123/2135/1166 767/2222/819
f 767/2223/819 1123/2224/1166 1175/2225/1137
f 1019/2226/934 767/2227/819 1175/2228/1137
f 1209/2229/1077 896/1817/935 1233/2164/1181
f 912/1744/952 1082/2051/1115 1157/2195/1198
f 952/1820/992 1176/2230/1216 1083/2054/1116
f 1083/2054/1116 1404/2231/1217 1098/2091/1140
f 936/1932/976 971/1847/1008 1177/2232/1218
f 999/1896/1037 1178/2233/1219 1000/1897/1038
f 1002/1900/1040 1142/2166/1183 1338/2165/1182
f 1100/2093/1142 1159/2197/1200 1179/2234/1220
f 1160/2198/1201 1217/2235/1221 1084/2057/1118
f 1024/1941/1061 1180/2236/1222 1025/1942/1062
f 1025/1942/1062 1180/2236/1222 1145/2171/1187
f 700/2059/742 1068/2024/1012 1144/2170/1186
f 1181/2237/1205 1182/2238/1084 1183/2239/1223
f 1005/1908/1042 979/1996/1014 1163/2207/1207
f 919/1755/959 1184/2240/1224 1070/2030/1103
f 919/1755/959 1071/2031/1104 1184/2240/1224
f 1164/2209/1208 1008/1911/1045 1072/2032/1085
f 1007/1910/1044 1164/2209/1208 1165/2210/1209
f 1185/2241/1124 1224/2111/1152 1133/2035/1107
f 1134/2151/1173 1149/2182/1191 1074/2034/1106
f 1136/2153/1175 1135/2152/1174 1327/2242/1225
f 1150/2185/1192 883/2186/925 1075/2243/1109
f 1186/2244/1226 1151/2187/1193 1137/2156/1177
f 1187/2245/1227 1169/2214/1212 1168/2213/1211
f 1116/2125/1162 1188/2246/1228 1137/2156/1177
f 1116/2125/1162 1014/2128/1051 1189/2247/1229
f 1190/2248/1230 1152/2188/1194 1171/2217/1213
f 1153/2189/1195 1154/2190/1196 1204/2249/1231
f 1153/2189/1195 1204/2249/1231 1119/2129/1163
f 1190/2248/1230 1172/2218/1214 1152/2188/1194
f 1171/2217/1213 1091/2130/1128 1191/2250/1232
f 1152/2188/1194 1172/2218/1214 1092/2074/1130
f 1138/2251/1178 1191/2250/1232 1192/2252/1129
f 1091/2130/1128 1192/2252/1129 1191/2250/1232
f 1176/2230/1216 1404/2231/1217 1083/2054/1116
f 971/1847/1008 1099/2092/1141 1193/2253/1233
f 1178/2233/1219 1125/2138/1117 1000/1897/1038
f 1099/2092/1141 1084/2057/1118 1194/2254/1234
f 1084/2057/1118 1217/2235/1221 1194/2254/1234
f 1158/2196/1199 1100/2093/1142 1195/2255/1235
f 1196/2256/1236 1217/2235/1221 1160/2198/1201
f 1197/2257/1237 1085/2058/1119 1051/1986/843
f 1049/2258/993 1198/2259/1238 1199/2260/1059
f 1024/1941/1061 1357/2203/1204 1180/2236/1222
f 953/1823/994 1006/1909/1043 918/1753/958
f 1006/1909/1043 1200/2261/1239 1031/1953/995
f 1131/2147/1171 1326/2262/1240 916/1751/956
f 1326/2262/1240 1325/2107/1149 916/1751/956
f 834/1609/878 1280/1865/1015 1281/2263/1241
f 1224/2183/1152 1327/2242/1225 1135/2152/1174
f 1110/2113/1154 1201/2264/1176 1134/2151/1173
f 1112/2118/1156 1113/2120/1158 1202/2265/1242
f 1113/2266/1158 1203/2267/1157 1202/2268/1242
f 1186/2244/1226 1137/2156/1177 1188/2246/1228
f 1112/2118/1156 1371/2269/1243 1039/1965/1072
f 1188/2246/1228 1116/2125/1162 1189/2247/1229
f 1170/2270/1159 1330/2271/1094 1168/2272/1211
f 1169/2214/1212 1138/2251/1178 1114/2216/1160
f 1204/2273/1231 1205/2274/1244 1119/2275/1163
f 1171/2217/1213 1191/2250/1232 1206/2276/1245
f 1171/2217/1213 1206/2276/1245 1190/2248/1230
f 1075/2039/1109 1080/2046/1114 1286/2277/1246
f 1207/2278/1247 910/1739/948 1174/2221/1215
f 911/1741/950 1174/2221/1215 910/1739/948
f 816/1582/792 1208/2279/1134 818/1583/866
f 1209/2280/1077 1210/2281/1248 1211/2282/1101
f 1141/2163/1180 1176/2230/1216 952/1820/992
f 1082/2051/1115 1046/1980/1079 1212/2283/1249
f 936/1932/976 1177/2232/1218 934/2284/974
f 969/2053/1007 1213/2285/1250 999/1896/1037
f 1177/2232/1218 971/1847/1008 1193/2253/1233
f 1142/2168/1183 1158/2196/1199 1431/2286/1251
f 1101/2095/1057 1214/2287/1184 1159/2197/1200
f 1158/2196/1199 1195/2255/1235 1215/2288/1252
f 1100/2093/1142 1179/2234/1220 1195/2255/1235
f 1196/2289/1236 1216/2290/1253 1217/2291/1221
f 1047/1982/1080 1143/2169/1185 1380/2292/1254
f 1047/1982/1080 1380/2292/1254 1127/2140/1168
f 1049/2258/993 1145/2293/1187 1198/2259/1238
f 1104/2100/1144 1144/2170/1186 1086/2060/1120
f 1359/2173/1121 1357/2203/1204 1069/2027/1102
f 1129/1368/745 1592/2294/1255 848/1990/887
f 1218/2295/1256 1219/2296/1257 1363/1993/936
f 1236/2103/1122 1220/2297/1258 1106/2104/1147
f 1107/2106/1148 1087/2064/1123 1221/2298/1259
f 1070/2030/1103 1222/2299/1260 939/1790/978
f 1071/2031/1104 1108/2110/1151 1184/2240/1224
f 1185/2066/1124 1223/2300/1261 1224/2301/1152
f 1136/2153/1175 1327/2242/1225 1109/2184/1153
f 1201/2264/1176 1225/2302/1262 1134/2151/1173
f 1226/2303/1263 1167/2212/1210 1089/2069/1126
f 1369/2304/1264 1115/2305/1161 985/2306/1022
f 1188/2246/1228 1227/2307/1265 1186/2244/1226
f 1202/2268/1242 1203/2267/1157 1416/2308/1266
f 1228/2309/1267 1187/2245/1227 1229/2310/1268
f 1187/2245/1227 1168/2213/1211 1229/2310/1268
f 1330/2311/1094 1243/2312/1269 1168/2313/1211
f 1187/2245/1227 1230/2314/1270 1169/2214/1212
f 1230/2314/1270 1138/2251/1178 1169/2214/1212
f 1206/2276/1245 1191/2250/1232 1231/2315/1271
f 1205/2274/1244 1079/2316/1112 1119/2275/1163
f 1232/2317/1272 1154/2318/1196 1067/2022/1099
f 1115/2305/1161 1482/2319/1273 1062/2320/1092
f 1067/2022/1099 996/1890/1033 1232/2317/1272
f 1375/2321/1274 997/1891/1034 1246/1972/1075
f 1335/1704/930 1429/1442/771 1336/2322/1275
f 1020/1930/1056 1771/2084/1135 1512/2323/1276
f 1233/2324/1181 1210/2281/1248 1209/2280/1077
f 1082/2051/1115 1234/2325/1277 1157/2195/1198
f 1233/2324/1181 934/2284/974 1235/2326/1278
f 1098/2091/1140 1404/2231/1217 1214/2167/1184
f 1195/2255/1235 1256/2327/1279 1215/2288/1252
f 1195/2255/1235 1262/2328/1280 1256/2327/1279
f 1195/2255/1235 1179/2234/1220 1297/2329/1281
f 1195/2255/1235 1297/2329/1281 1262/2328/1280
f 1144/2170/1186 1161/2202/1203 1086/2060/1120
f 1181/2237/1205 1220/2330/1258 1236/2331/1122
f 1128/2142/825 1237/2332/1146 1412/2143/1169
f 1643/1906/1041 1237/2102/1146 536/1092/577
f 1053/1992/1083 1238/2333/1282 1363/1993/936
f 1363/1993/936 1238/2333/1282 1218/2295/1256
f 1087/2064/1123 939/1790/978 1222/2299/1260
f 1162/2206/1206 1028/1948/1064 1130/2146/1170
f 1200/2261/1239 1239/2334/1150 1031/1953/995
f 834/1609/878 1281/2263/1241 1108/2110/1151
f 1328/2335/1155 1109/2184/1153 1327/2242/1225
f 1111/2115/1108 1150/2185/1192 1201/2155/1176
f 1240/2336/1283 1112/2337/1156 1202/2338/1242
f 1241/2339/1284 1186/2244/1226 1227/2307/1265
f 1090/2070/1127 1242/2340/1285 1089/2069/1126
f 1228/2309/1267 1230/2314/1270 1187/2245/1227
f 1168/2341/1211 1243/2342/1269 1229/2343/1268
f 1188/2246/1228 1189/2247/1229 1451/2344/1286
f 1244/2345/1287 1189/2247/1229 1014/2128/1051
f 1205/2274/1244 1244/2345/1287 1079/2316/1112
f 1014/2128/1051 1079/2316/1112 1244/2345/1287
f 1231/2315/1271 1191/2250/1232 1138/2251/1178
f 1204/2273/1231 1154/2346/1196 1245/2347/1288
f 1482/2319/1273 1246/2348/1075 1062/2320/1092
f 996/1890/1033 910/1739/948 1207/2278/1247
f 1173/2047/1100 1527/2077/1131 1018/1925/949
f 997/2349/1034 1375/2350/1274 1174/2351/1215
f 967/2191/929 1155/2193/1197 1121/2352/1164
f 1019/1927/934 1247/2353/1136 1429/1928/771
f 892/2354/933 1248/2355/1289 1123/2224/1166
f 1020/1930/1056 1512/2323/1276 1513/2137/1036
f 1082/2051/1115 1212/2283/1249 1234/2325/1277
f 1046/1980/1079 1338/2165/1182 1212/2283/1249
f 1178/2233/1219 999/1896/1037 1213/2285/1250
f 1404/2231/1217 1340/2356/1290 1214/2167/1184
f 1099/2092/1141 1194/2254/1234 1193/2253/1233
f 1158/2196/1199 1215/2288/1252 1431/2286/1251
f 1215/2288/1252 1256/2327/1279 1249/2357/1291
f 1257/2358/1292 1250/2359/1293 1290/2360/1294
f 1251/2361/1295 1252/2362/1296 1250/2359/1293
f 1253/2363/1297 1254/2364/1298 1292/2365/1299
f 1216/2290/1253 1255/2366/1300 1254/2367/1298
f 1196/2289/1236 1255/2366/1300 1216/2290/1253
f 1256/2368/1279 1262/2369/1280 1257/2370/1292
f 1258/2371/1301 1261/2372/1302 1253/2363/1297
f 1257/2358/1292 1259/2373/1303 1250/2359/1293
f 1258/2374/1301 1251/2361/1295 1260/2375/1304
f 1258/2376/1301 1260/2377/1304 1261/2378/1302
f 1253/2363/1297 1296/2379/1305 1254/2364/1298
f 1250/2359/1293 1259/2373/1303 1251/2361/1295
f 1262/2380/1280 1263/2381/1306 1257/2382/1292
f 1257/2358/1292 1263/2383/1306 1259/2373/1303
f 1251/2361/1295 1259/2373/1303 1260/2375/1304
f 1253/2363/1297 1261/2372/1302 1296/2379/1305
f 1296/2384/1305 1264/2385/1307 1254/2367/1298
f 1254/2367/1298 1264/2385/1307 1216/2290/1253
f 1262/2386/1280 1265/2387/1308 1263/2388/1306
f 1259/2373/1303 1263/2383/1306 1346/2389/1309
f 1263/2383/1306 1265/2390/1308 1266/2391/1310
f 1267/2392/1311 1293/2393/1312 1216/2394/1253
f 1050/1985/1081 1197/2257/1237 1051/1986/843
f 1050/1985/1081 1268/2395/1313 1197/2257/1237
f 1269/2396/575 698/2397/740 1438/2398/1314
f 1270/2399/1315 1271/2400/1316 698/2397/740
f 1068/2024/1012 1127/2140/1168 1144/2170/1186
f 1053/2029/1083 1439/2401/1317 1301/2402/1318
f 1219/2296/1257 1272/2403/1319 1363/1993/936
f 1273/2404/1320 1147/2177/1189 1275/2405/1321
f 1220/2297/1258 1274/2406/1322 1106/2104/1147
f 1106/2104/1147 1275/2407/1321 1147/2205/1189
f 979/1996/1014 1276/2408/1190 1163/2207/1207
f 1132/2148/1172 1443/2409/1323 1276/2181/1190
f 1277/2410/1324 1278/2411/1325 1239/2412/1150
f 1278/2411/1325 1072/2032/1085 1239/2412/1150
f 1166/2211/1086 1279/2413/1326 1280/2414/1015
f 1279/2415/1326 1281/2416/1241 1280/2417/1015
f 1149/2182/1191 1134/2151/1173 1225/2302/1262
f 1225/2418/1262 1201/2155/1176 1150/2185/1192
f 1282/2419/1327 985/2306/1022 1328/2420/1155
f 1283/2421/1328 1240/2422/1283 1202/2423/1242
f 1284/2424/1329 1167/2425/1210 1226/2426/1263
f 1202/2268/1242 1416/2308/1266 1283/2427/1328
f 1112/2337/1156 1240/2336/1283 1371/2428/1243
f 1226/2303/1263 1089/2069/1126 1242/2340/1285
f 1011/1916/1024 1242/2340/1285 1090/2070/1127
f 1188/2246/1228 1451/2344/1286 1227/2307/1265
f 1241/2339/1284 1151/2187/1193 1186/2244/1226
f 1076/2157/1110 1151/2187/1193 1203/2267/1157
f 1332/2429/1330 1331/2430/1331 1206/2276/1245
f 1331/2430/1331 1190/2248/1230 1206/2276/1245
f 1204/2273/1231 1245/2347/1288 1285/2431/1332
f 1115/2305/1161 1425/2432/1333 1482/2319/1273
f 1286/2433/1246 1080/2434/1114 1287/2435/1334
f 1080/2046/1114 909/1738/947 1139/2160/1179
f 1140/2161/1055 1335/2436/930 1288/2437/1335
f 818/1586/866 1208/2438/1134 1670/2439/1336
f 818/1586/866 1670/2439/1336 1771/2084/1135
f 1141/2163/1180 1156/2194/1139 1176/2230/1216
f 1178/2233/1219 1289/2440/1337 1125/2138/1117
f 1125/2138/1117 1289/2440/1337 1160/2441/1201
f 1256/2442/1279 1290/2443/1294 1249/2444/1291
f 1257/2358/1292 1290/2360/1294 1256/2445/1279
f 1291/2446/1338 1290/2360/1294 1250/2359/1293
f 1252/2362/1296 1258/2374/1301 1312/2447/1339
f 1343/2448/1340 1258/2449/1301 1253/2450/1297
f 1292/2451/1299 1343/2448/1340 1253/2450/1297
f 1254/2367/1298 1255/2366/1300 1292/2452/1299
f 1251/2361/1295 1258/2374/1301 1252/2362/1296
f 1216/2290/1253 1293/2453/1312 1217/2291/1221
f 1260/2375/1304 1259/2373/1303 1347/2454/1341
f 1260/2375/1304 1347/2454/1341 1348/2455/1342
f 1266/2391/1310 1346/2389/1309 1263/2383/1306
f 1259/2373/1303 1346/2389/1309 1347/2454/1341
f 1260/2377/1304 1348/2456/1342 1261/2378/1302
f 1296/2379/1305 1261/2372/1302 1294/2457/1343
f 1295/2458/1344 1264/2459/1307 1296/2460/1305
f 1297/2461/1281 1380/2462/1254 1262/2386/1280
f 1143/2463/1185 1352/2464/1345 1262/2386/1280
f 1295/2458/1344 1298/2465/1346 1264/2459/1307
f 1216/2394/1253 1264/2459/1307 1267/2392/1311
f 1262/2386/1280 1380/2462/1254 1143/2463/1185
f 1296/2466/1305 1294/2467/1343 1295/2468/1344
f 1267/2392/1311 1021/1936/1058 1293/2393/1312
f 1143/2169/1185 1085/2058/1119 1352/2469/1345
f 1021/1936/1058 1267/2392/1311 1126/2139/1167
f 698/2397/740 1271/2400/1316 1438/2398/1314
f 1053/2029/1083 1299/2470/1347 1439/2401/1317
f 1218/2295/1256 1238/2333/1282 1300/2471/1348
f 1183/2239/1223 1182/2238/1084 1532/2472/1349
f 1301/2473/1318 1238/2333/1282 1053/1992/1083
f 1146/2474/1188 1302/2475/1350 1027/2476/1063
f 1107/2180/1148 1303/2477/1351 1054/1951/1065
f 1303/2477/1351 1030/2065/1066 1054/1951/1065
f 1184/2240/1224 1108/2110/1151 1304/2478/1352
f 1278/2411/1325 1164/2209/1208 1072/2032/1085
f 1166/2211/1086 1073/2033/1105 1279/2413/1326
f 1165/2210/1209 1223/2300/1261 1185/2066/1124
f 1223/2479/1261 1327/2242/1225 1224/2183/1152
f 1227/2307/1265 1397/2480/1353 1241/2339/1284
f 1284/2424/1329 1305/2481/1354 1167/2425/1210
f 1305/2482/1354 1064/2121/1095 1167/2212/1210
f 1013/2011/1048 1039/1965/1072 1371/2269/1243
f 1306/2483/1355 1011/1916/1024 1013/1915/1048
f 1150/2185/1192 1075/2243/1109 1286/2484/1246
f 1228/2309/1267 1307/2485/1356 1230/2314/1270
f 1203/2267/1157 1151/2187/1193 1241/2339/1284
f 1206/2276/1245 1231/2315/1271 1332/2429/1330
f 1204/2273/1231 1285/2431/1332 1205/2274/1244
f 1205/2274/1244 1285/2431/1332 1399/2486/1357
f 1399/2486/1357 1244/2345/1287 1205/2274/1244
f 1369/2304/1264 1425/2432/1333 1115/2305/1161
f 1331/2430/1331 1172/2218/1214 1190/2248/1230
f 1245/2347/1288 1154/2346/1196 1232/2487/1272
f 1232/2317/1272 996/1890/1033 1207/2278/1247
f 890/2192/932 1308/2488/840 1309/2489/1358
f 1156/2090/1139 1157/2195/1198 1234/2325/1277
f 1210/2281/1248 1310/2490/1359 1211/2282/1101
f 969/2053/1007 1211/2282/1101 1310/2490/1359
f 969/2053/1007 1310/2490/1359 1213/2285/1250
f 934/2284/974 1177/2232/1218 1235/2326/1278
f 1160/2491/1201 1433/2492/1360 1311/2493/1361
f 1160/2491/1201 1311/2493/1361 1196/2289/1236
f 1255/2366/1300 1379/2494/1362 1292/2452/1299
f 1196/2289/1236 1311/2493/1361 1255/2366/1300
f 1250/2359/1293 1252/2362/1296 1291/2446/1338
f 1343/2495/1340 1312/2496/1339 1258/2497/1301
f 1217/2235/1221 1313/2498/1363 1194/2254/1234
f 1217/2291/1221 1293/2453/1312 1313/2499/1363
f 1261/2500/1302 1348/2501/1342 1314/2502/1364
f 1294/2467/1343 1261/2503/1302 1314/2504/1364
f 1262/2386/1280 1352/2464/1345 1265/2387/1308
f 1265/2505/1308 1315/2506/1365 1266/2507/1310
f 1264/2459/1307 1298/2465/1346 1316/2508/1366
f 1264/2459/1307 1316/2508/1366 1267/2392/1311
f 1021/1936/1058 1317/2509/1367 1293/2393/1312
f 1085/2058/1119 1197/2257/1237 1352/2469/1345
f 1126/2139/1167 1316/2508/1366 1102/2096/1143
f 1199/1937/1059 1317/2509/1367 1021/1936/1058
f 1180/2236/1222 1357/2203/1204 1145/2171/1187
f 1566/2510/1368 1161/2202/1203 1144/2170/1186
f 1106/2104/1147 1274/2406/1322 1318/2511/1369
f 848/1990/887 1319/2512/1370 1053/2029/1083
f 1053/2029/1083 1319/2512/1370 1299/2470/1347
f 1218/2295/1256 1320/2513/1371 1219/2296/1257
f 1273/2404/1320 1321/2514/1372 1147/2177/1189
f 1147/2177/1189 1322/2515/1373 1146/2175/1188
f 477/1947/510 1027/1946/1063 1643/2516/1041
f 1087/2064/1123 1222/2299/1260 1221/2298/1259
f 1070/2030/1103 1323/2517/1374 1222/2299/1260
f 1324/2518/1375 1325/2519/1149 1326/2520/1240
f 1108/2110/1151 1281/2263/1241 1304/2478/1352
f 1164/2209/1208 1278/2411/1325 1165/2210/1209
f 1149/2182/1191 1279/2413/1326 1073/2033/1105
f 1327/2521/1225 1223/2300/1261 1328/2522/1155
f 1328/2522/1155 1223/2300/1261 1282/2523/1327
f 1369/2304/1264 985/2306/1022 1282/2419/1327
f 1329/2524/1376 1228/2525/1267 1229/2343/1268
f 1305/2482/1354 1330/2526/1094 1064/2121/1095
f 1305/2481/1354 1243/2342/1269 1330/2527/1094
f 1203/2267/1157 1241/2339/1284 1416/2308/1266
f 1331/2528/1331 1332/2529/1330 1333/2530/1377
f 1138/2251/1178 1230/2314/1270 1231/2315/1271
f 1454/2531/1378 1173/2219/1100 1093/2075/1113
f 1334/2532/1379 1335/2533/930 1336/2534/1275
f 1455/2535/1380 1176/2230/1216 1156/2194/1139
f 1212/2283/1249 1338/2165/1182 1337/2536/1381
f 1213/2285/1250 1289/2440/1337 1178/2233/1219
f 1337/2537/1381 1338/2538/1182 1142/2539/1183
f 1431/2286/1251 1215/2288/1252 1339/2540/1382
f 1340/2541/1290 1341/2542/1383 1214/2287/1184
f 1339/2540/1382 1215/2288/1252 1249/2357/1291
f 1377/2543/1384 1249/2444/1291 1290/2443/1294
f 1379/2494/1362 1255/2366/1300 1311/2493/1361
f 1342/2544/1385 1290/2360/1294 1291/2446/1338
f 1343/2545/1340 1292/2546/1299 1344/2547/1386
f 1214/2287/1184 1341/2542/1383 1159/2197/1200
f 1515/2548/1387 1297/2329/1281 1179/2234/1220
f 1346/2549/1309 1266/2550/1310 1345/2551/1388
f 1346/2552/1309 1353/2553/1389 1347/2554/1341
f 1349/2555/1390 1348/2556/1342 1347/2557/1341
f 1348/2558/1342 1349/2559/1390 1314/2560/1364
f 1314/2504/1364 1350/2561/1391 1294/2467/1343
f 1350/2561/1391 1351/2562/1392 1294/2467/1343
f 1351/2562/1392 1295/2468/1344 1294/2467/1343
f 1197/2563/1237 1265/2505/1308 1352/2564/1345
f 1353/2565/1389 1346/2549/1309 1345/2551/1388
f 1349/2555/1390 1347/2557/1341 1381/2566/1393
f 1126/2139/1167 1267/2392/1311 1316/2508/1366
f 1354/2567/1394 1520/2568/1202 1355/2569/497
f 1354/2570/1394 1355/2571/497 1269/2572/575
f 1356/2573/1395 698/2574/740 1023/2098/1060
f 1199/2260/1059 1198/2259/1238 1317/2575/1367
f 1145/2293/1187 1357/2576/1204 1358/2577/1396
f 1357/2576/1204 1359/2578/1121 1360/2579/1397
f 1361/2580/1398 1218/2295/1256 1300/2471/1348
f 1361/2580/1398 1320/2513/1371 1218/2295/1256
f 1318/2511/1369 1362/2581/1399 1106/2104/1147
f 1592/2294/1255 1319/2512/1370 848/1990/887
f 1363/2582/936 1532/2472/1349 1182/2238/1084
f 1321/2514/1372 1322/2515/1373 1147/2177/1189
f 1364/2583/1400 1200/2261/1239 1006/1909/1043
f 1323/2517/1374 1070/2030/1103 1184/2240/1224
f 1365/2584/1401 1131/2147/1171 1030/1952/1066
f 1324/2585/1375 1132/2148/1172 1325/2208/1149
f 1279/2413/1326 1149/2182/1191 1225/2302/1262
f 1283/2421/1328 1366/2586/1402 1240/2422/1283
f 1366/2586/1402 1367/2587/1403 1240/2422/1283
f 1367/2587/1403 1371/2588/1243 1240/2422/1283
f 1282/2523/1327 1368/2589/1404 1369/2590/1264
f 1329/2524/1376 1229/2343/1268 1370/2591/1405
f 1306/2483/1355 1013/1915/1048 1371/2592/1243
f 1420/2593/1406 1011/1916/1024 1306/2483/1355
f 1397/2480/1353 1227/2307/1265 1451/2344/1286
f 1150/2185/1192 1286/2484/1246 1372/2594/1407
f 1329/2524/1376 1307/2595/1356 1228/2525/1267
f 1451/2344/1286 1189/2247/1229 1244/2345/1287
f 1374/2596/1408 1331/2528/1331 1333/2530/1377
f 1373/2597/1409 1244/2345/1287 1399/2486/1357
f 1307/2485/1356 1231/2315/1271 1230/2314/1270
f 1374/2598/1408 1480/2599/1410 1172/2218/1214
f 1480/2599/1410 1093/2075/1113 1172/2218/1214
f 1480/2599/1410 1454/2531/1378 1093/2075/1113
f 1482/2319/1273 1375/2600/1274 1246/2348/1075
f 1155/2193/1197 890/2192/932 1309/2489/1358
f 1308/2488/840 1720/2601/991 1309/2489/1358
f 1210/2281/1248 1233/2324/1181 1235/2326/1278
f 1176/2230/1216 1537/2602/1411 1404/2231/1217
f 1194/2254/1234 1376/2603/1412 1193/2253/1233
f 1290/2360/1294 1342/2544/1385 1377/2604/1384
f 1252/2362/1296 1378/2605/1413 1291/2446/1338
f 1378/2605/1413 1252/2362/1296 1312/2447/1339
f 1292/2546/1299 1379/2606/1362 1344/2547/1386
f 1380/2607/1254 1297/2329/1281 1515/2548/1387
f 1293/2608/1312 1317/2575/1367 1313/2609/1363
f 1265/2505/1308 1197/2563/1237 1315/2506/1365
f 1315/2506/1365 1345/2610/1388 1266/2507/1310
f 1347/2554/1341 1353/2553/1389 1381/2611/1393
f 1351/2562/1392 1382/2612/1414 1295/2468/1344
f 1295/2458/1344 1382/2613/1414 1298/2465/1346
f 1315/2506/1365 1197/2563/1237 1268/2614/1313
f 1298/2465/1346 1102/2096/1143 1316/2508/1366
f 1050/1985/1081 1383/2615/1415 1268/2395/1313
f 1198/2259/1238 1145/2293/1187 1384/2616/1416
f 1127/2140/1168 1566/2510/1368 1144/2170/1186
f 1145/2293/1187 1358/2577/1396 1384/2616/1416
f 1566/2510/1368 1568/2617/1417 1161/2202/1203
f 1357/2576/1204 1360/2579/1397 1358/2577/1396
f 1439/2401/1317 1299/2470/1347 1385/2618/1418
f 1386/2619/1419 1220/2330/1258 1181/2237/1205
f 1387/2620/1420 1302/2621/1350 1146/2175/1188
f 1300/2471/1348 1238/2333/1282 1388/2622/1421
f 1362/2581/1399 1389/2623/1422 1106/2104/1147
f 1387/2624/1420 1390/2625/1423 1302/2475/1350
f 1389/2623/1422 1275/2407/1321 1106/2104/1147
f 1302/2475/1350 1390/2625/1423 1027/2476/1063
f 953/1823/994 1162/2206/1206 1006/1909/1043
f 1006/1909/1043 1162/2206/1206 1364/2583/1400
f 1107/2106/1148 1391/2626/1424 1303/2627/1351
f 1163/2207/1207 1276/2408/1190 1523/2628/1425
f 1278/2411/1325 1392/2629/1426 1165/2210/1209
f 1165/2210/1209 1392/2629/1426 1223/2300/1261
f 1392/2629/1426 1282/2523/1327 1223/2300/1261
f 1393/2630/1427 1226/2426/1263 1394/2631/1428
f 1393/2630/1427 1284/2424/1329 1226/2426/1263
f 1306/2632/1355 1371/2588/1243 1367/2587/1403
f 1226/2426/1263 1242/2633/1285 1394/2631/1428
f 1395/2634/1429 1396/2635/1430 1397/2636/1353
f 1420/2593/1406 1242/2340/1285 1011/1916/1024
f 1396/2637/1430 1241/2339/1284 1397/2480/1353
f 1229/2343/1268 1243/2342/1269 1370/2591/1405
f 1285/2638/1332 1398/2639/1431 1399/2640/1357
f 1370/2591/1405 1243/2342/1269 1305/2481/1354
f 1400/2641/1432 1401/2642/1433 1333/2530/1377
f 1332/2529/1330 1402/2643/1434 1400/2641/1432
f 1332/2529/1330 1400/2641/1432 1333/2530/1377
f 1402/2644/1434 1231/2315/1271 1307/2485/1356
f 1332/2429/1330 1231/2315/1271 1402/2644/1434
f 1244/2345/1287 1373/2597/1409 1451/2344/1286
f 1374/2598/1408 1172/2218/1214 1331/2430/1331
f 1287/2645/1334 1080/2646/1114 1403/2647/1435
f 1534/2648/1436 1173/2219/1100 1454/2531/1378
f 1080/2046/1114 1139/2160/1179 1403/2649/1435
f 1455/2535/1380 1537/2602/1411 1176/2230/1216
f 1404/2650/1217 1405/2651/1437 1340/2541/1290
f 1249/2444/1291 1377/2543/1384 1406/2652/1438
f 1291/2446/1338 1378/2605/1413 1342/2544/1385
f 1343/2495/1340 1407/2653/1439 1312/2496/1339
f 1343/2545/1340 1344/2547/1386 1407/2654/1439
f 1194/2254/1234 1313/2498/1363 1376/2603/1412
f 1345/2551/1388 1408/2655/1440 1409/2656/1441
f 1353/2565/1389 1345/2551/1388 1409/2656/1441
f 1520/2200/1202 1494/2657/1442 976/2201/691
f 1105/2101/1145 1410/2658/1443 1052/1988/1082
f 1273/2404/1320 1275/2405/1321 1783/2659/1444
f 1273/2404/1320 1411/2660/1445 1321/2514/1372
f 1359/2578/1121 1412/2661/1169 1360/2579/1397
f 1301/2473/1318 1388/2622/1421 1238/2333/1282
f 1163/2207/1207 1413/2662/1446 1130/2146/1170
f 1200/2663/1239 1277/2410/1324 1239/2412/1150
f 1131/2147/1171 1365/2584/1401 1326/2262/1240
f 1443/2664/1323 1132/2665/1172 1414/2666/1447
f 1326/2520/1240 1464/2667/1448 1324/2518/1375
f 1279/2415/1326 1415/2668/1449 1281/2416/1241
f 1279/2415/1326 1225/2669/1262 1415/2668/1449
f 1447/2670/1450 1367/2671/1403 1366/2672/1402
f 1283/2421/1328 1416/2673/1266 1417/2674/1451
f 1370/2591/1405 1418/2675/1452 1329/2524/1376
f 1395/2634/1429 1397/2636/1353 1419/2676/1453
f 1242/2633/1285 1420/2677/1406 1394/2631/1428
f 1421/2678/1454 1307/2595/1356 1329/2524/1376
f 1416/2308/1266 1241/2339/1284 1396/2637/1430
f 1285/2638/1332 1422/2679/1455 1398/2639/1431
f 1398/2680/1431 1373/2681/1409 1399/2682/1357
f 1400/2641/1432 1402/2643/1434 1423/2683/1456
f 1401/2642/1433 1374/2596/1408 1333/2530/1377
f 1372/2684/1407 1286/2433/1246 1424/2685/1457
f 1369/2590/1264 1368/2589/1404 1425/2686/1333
f 1245/2687/1288 1232/2688/1272 1427/2689/1458
f 1232/2690/1272 1426/2691/1459 1427/2692/1458
f 1428/2693/1460 1232/2690/1272 1207/2694/1247
f 1139/2160/1179 1527/2077/1131 1403/2649/1435
f 1429/2695/771 1247/2696/1136 1336/2697/1275
f 1337/2536/1381 1430/2698/1461 1212/2283/1249
f 1142/2539/1183 1431/2699/1251 1432/2700/1462
f 1160/2441/1201 1289/2440/1337 1433/2701/1360
f 1311/2493/1361 1433/2492/1360 1434/2702/1463
f 1249/2444/1291 1406/2652/1438 1339/2703/1382
f 1312/2447/1339 1407/2704/1439 1378/2605/1413
f 1159/2197/1200 1515/2548/1387 1179/2234/1220
f 1349/2705/1390 1435/2706/1464 1314/2707/1364
f 1435/2706/1464 1458/2708/1465 1314/2707/1364
f 1350/2561/1391 1436/2709/1466 1351/2562/1392
f 1436/2709/1466 1437/2710/1467 1351/2562/1392
f 1298/2465/1346 1023/2098/1060 1102/2096/1143
f 976/2141/691 1383/2615/1415 1050/1985/1081
f 976/2711/691 1494/2712/1442 1383/2713/1415
f 1438/2714/1314 1495/2715/1468 1269/2716/575
f 1356/2573/1395 1270/2717/1315 698/2574/740
f 1440/2718/1469 1439/2719/1317 1385/2720/1418
f 1440/2721/1469 1301/2402/1318 1439/2401/1317
f 1441/2722/1470 1363/1993/936 1272/2403/1319
f 1387/2620/1420 1146/2175/1188 1322/2515/1373
f 1442/2723/1471 1219/2296/1257 1320/2513/1371
f 1503/2724/1472 1277/2410/1324 1200/2663/1239
f 1523/2628/1425 1276/2408/1190 1443/2725/1323
f 1365/2726/1401 1464/2667/1448 1326/2520/1240
f 1281/2263/1241 1444/2727/1473 1304/2478/1352
f 1132/2665/1172 1324/2728/1375 1414/2666/1447
f 1415/2668/1449 1225/2669/1262 1445/2729/1474
f 1446/2730/1475 1284/2424/1329 1393/2630/1427
f 1366/2586/1402 1283/2421/1328 1417/2674/1451
f 1306/2632/1355 1367/2587/1403 1447/2731/1450
f 1448/2732/1476 1395/2634/1429 1419/2676/1453
f 1449/2733/1477 1396/2635/1430 1395/2634/1429
f 1305/2481/1354 1284/2424/1329 1446/2730/1475
f 1450/2734/1478 1368/2589/1404 1282/2523/1327
f 1417/2674/1451 1416/2673/1266 1396/2735/1430
f 1419/2676/1453 1397/2636/1353 1451/2736/1286
f 1452/2737/1479 1401/2642/1433 1400/2641/1432
f 1422/2679/1455 1285/2638/1332 1453/2738/1480
f 1285/2638/1332 1245/2687/1288 1453/2738/1480
f 1424/2685/1457 1286/2433/1246 1287/2435/1334
f 1428/2693/1460 1426/2691/1459 1232/2690/1272
f 1454/2739/1378 1614/2740/1481 1534/2741/1436
f 1455/2742/1380 1156/2090/1139 1234/2325/1277
f 1212/2283/1249 1430/2698/1461 1234/2325/1277
f 1193/2253/1233 1376/2603/1412 1456/2743/1482
f 1405/2651/1437 1341/2542/1383 1340/2541/1290
f 1457/2744/1483 1377/2604/1384 1342/2544/1385
f 1515/2548/1387 1159/2197/1200 1341/2542/1383
f 1315/2745/1365 1408/2655/1440 1345/2551/1388
f 1409/2746/1441 1381/2611/1393 1353/2553/1389
f 1381/2566/1393 1435/2747/1464 1349/2555/1390
f 1458/2748/1465 1350/2749/1391 1314/2750/1364
f 1437/2710/1467 1459/2751/1484 1351/2562/1392
f 1382/2613/1414 1460/2752/1485 1298/2465/1346
f 1410/2658/1443 1105/2101/1145 1161/2202/1203
f 1360/2579/1397 1412/2661/1169 1461/2753/1486
f 1645/2754/1487 1130/2146/1170 1413/2662/1446
f 1323/2517/1374 1184/2240/1224 1462/2755/1488
f 1184/2240/1224 1304/2478/1352 1462/2755/1488
f 1303/2477/1351 1506/2756/1489 1030/2065/1066
f 1365/2757/1401 1030/2065/1066 1506/2756/1489
f 1324/2728/1375 1508/2758/1490 1414/2666/1447
f 1324/2518/1375 1464/2667/1448 1463/2759/1491
f 1324/2760/1375 1463/2761/1491 1508/2762/1490
f 1464/2763/1448 1465/2764/1492 1463/2765/1491
f 1415/2668/1449 1445/2729/1474 1466/2766/1493
f 1463/2761/1491 1420/2593/1406 1508/2762/1490
f 1225/2418/1262 1150/2185/1192 1445/2767/1474
f 1508/2768/1490 1306/2632/1355 1447/2731/1450
f 1420/2593/1406 1306/2483/1355 1508/2762/1490
f 1366/2672/1402 1417/2769/1451 1447/2670/1450
f 1393/2630/1427 1394/2631/1428 1446/2730/1475
f 1395/2634/1429 1448/2732/1476 1449/2733/1477
f 1467/2770/1494 1421/2678/1454 1329/2524/1376
f 1418/2675/1452 1467/2770/1494 1329/2524/1376
f 1450/2734/1478 1282/2523/1327 1392/2629/1426
f 1418/2675/1452 1370/2591/1405 1305/2481/1354
f 1452/2737/1479 1400/2641/1432 1423/2683/1456
f 1419/2676/1453 1451/2736/1286 1468/2771/1495
f 1373/2681/1409 1468/2771/1495 1451/2736/1286
f 1423/2683/1456 1402/2643/1434 1307/2772/1356
f 1469/2773/1496 1289/2440/1337 1213/2285/1250
f 1177/2232/1218 1193/2253/1233 1456/2743/1482
f 1470/2774/1497 1344/2547/1386 1379/2606/1362
f 1376/2603/1412 1313/2498/1363 1604/2775/1498
f 1315/2506/1365 1518/2776/1499 1408/2777/1440
f 1408/2778/1440 1518/2779/1499 1519/2780/1500
f 1408/2778/1440 1519/2780/1500 1409/2781/1441
f 1409/2746/1441 1471/2782/1501 1381/2611/1393
f 1435/2747/1464 1381/2566/1393 1472/2783/1502
f 1435/2747/1464 1472/2783/1502 1473/2784/1503
f 1435/2706/1464 1473/2785/1503 1458/2708/1465
f 1458/2786/1465 1517/2787/1504 1350/2561/1391
f 1350/2561/1391 1517/2787/1504 1436/2709/1466
f 1351/2562/1392 1459/2751/1484 1382/2612/1414
f 1382/2612/1414 1459/2751/1484 1492/2788/1505
f 1460/2752/1485 1023/2098/1060 1298/2465/1346
f 1383/2615/1415 1474/2789/1506 1268/2395/1313
f 1269/2572/575 1495/2790/1468 1354/2570/1394
f 1568/2617/1417 1410/2658/1443 1161/2202/1203
f 1410/2658/1443 1475/2791/1507 1052/1988/1082
f 1281/2416/1241 1415/2668/1449 1444/2792/1473
f 1476/2793/1508 1392/2629/1426 1278/2411/1325
f 1465/2764/1492 1394/2631/1428 1463/2765/1491
f 1463/2765/1491 1394/2631/1428 1420/2677/1406
f 1467/2770/1494 1418/2675/1452 1477/2794/1509
f 1476/2793/1508 1450/2734/1478 1392/2629/1426
f 1418/2675/1452 1305/2481/1354 1446/2730/1475
f 1445/2767/1474 1150/2185/1192 1372/2594/1407
f 1417/2769/1451 1396/2635/1430 1449/2733/1477
f 1478/2795/1510 1398/2639/1431 1422/2679/1455
f 1423/2683/1456 1307/2772/1356 1421/2796/1454
f 1398/2680/1431 1468/2771/1495 1373/2681/1409
f 1401/2642/1433 1479/2797/1511 1374/2596/1408
f 1427/2689/1458 1453/2738/1480 1245/2687/1288
f 1374/2596/1408 1598/2798/1512 1480/2799/1410
f 1454/2739/1378 1480/2799/1410 1612/2800/1513
f 1481/2801/1514 1482/2802/1273 1425/2686/1333
f 1287/2645/1334 1403/2647/1435 1483/2803/1515
f 1527/2077/1131 1173/2047/1100 1534/2804/1436
f 1335/2436/930 1334/2805/1379 1288/2437/1335
f 1537/2602/1411 1405/2806/1437 1404/2231/1217
f 1337/2537/1381 1142/2539/1183 1432/2700/1462
f 1457/2744/1483 1406/2807/1438 1377/2604/1384
f 1342/2544/1385 1484/2808/1516 1457/2744/1483
f 1342/2544/1385 1485/2809/1517 1484/2808/1516
f 1378/2605/1413 1485/2809/1517 1342/2544/1385
f 1407/2704/1439 1485/2809/1517 1378/2605/1413
f 1407/2654/1439 1486/2810/1518 1485/2811/1517
f 1344/2547/1386 1486/2810/1518 1407/2654/1439
f 1344/2547/1386 1487/2812/1519 1486/2810/1518
f 1344/2547/1386 1470/2774/1497 1487/2812/1519
f 1311/2493/1361 1470/2813/1497 1379/2494/1362
f 1311/2493/1361 1434/2702/1463 1470/2813/1497
f 1341/2542/1383 1488/2814/1520 1515/2548/1387
f 1317/2575/1367 1489/2815/1521 1313/2609/1363
f 1127/2140/1168 1380/2292/1254 1493/2816/1522
f 1315/2506/1365 1268/2614/1313 1474/2817/1506
f 1519/2780/1500 1490/2818/1523 1409/2781/1441
f 1409/2781/1441 1490/2818/1523 1471/2819/1501
f 1471/2782/1501 1491/2820/1524 1381/2611/1393
f 1381/2566/1393 1491/2821/1524 1472/2783/1502
f 1382/2613/1414 1492/2822/1505 1460/2752/1485
f 1493/2823/1522 1499/2824/1525 1127/2825/1168
f 1494/2826/1442 1516/2827/1526 1383/2828/1415
f 1494/2657/1442 1521/2829/1527 1490/2818/1523
f 1520/2200/1202 1521/2829/1527 1494/2657/1442
f 1354/2570/1394 1491/2821/1524 1520/2830/1202
f 1495/2790/1468 1491/2821/1524 1354/2570/1394
f 1495/2790/1468 1472/2783/1502 1491/2821/1524
f 1495/2790/1468 1473/2784/1503 1472/2783/1502
f 1495/2831/1468 1497/2832/1528 1473/2785/1503
f 1438/2714/1314 1497/2833/1528 1495/2715/1468
f 1438/2398/1314 1496/2834/1529 1497/2835/1528
f 1438/2398/1314 1498/2836/1530 1496/2834/1529
f 1438/2398/1314 1271/2400/1316 1498/2836/1530
f 1271/2400/1316 1459/2751/1484 1437/2710/1467
f 1270/2399/1315 1459/2751/1484 1271/2400/1316
f 1270/2399/1315 1492/2788/1505 1459/2751/1484
f 1356/2573/1395 1492/2822/1505 1270/2717/1315
f 1023/2098/1060 1460/2752/1485 1356/2573/1395
f 1127/2140/1168 1499/2837/1525 1566/2510/1368
f 1183/2239/1223 1500/2838/1531 1181/2237/1205
f 1273/2404/1320 1783/2659/1444 1411/2660/1445
f 1272/2403/1319 1219/2296/1257 1442/2723/1471
f 1272/2403/1319 1442/2723/1471 1441/2722/1470
f 1052/1988/1082 1475/2791/1507 1129/2145/745
f 1130/2146/1170 1501/2839/1532 1162/2206/1206
f 1130/2146/1170 1645/2754/1487 1501/2839/1532
f 1391/2626/1424 1107/2106/1148 1221/2298/1259
f 1222/2299/1260 1323/2517/1374 1502/2840/1533
f 1162/2206/1206 1501/2839/1532 1364/2583/1400
f 1364/2583/1400 1503/2841/1472 1200/2261/1239
f 1462/2755/1488 1304/2478/1352 1504/2842/1534
f 1503/2724/1472 1505/2843/1535 1277/2410/1324
f 1506/2844/1489 1507/2845/1536 1365/2846/1401
f 1365/2846/1401 1507/2845/1536 1464/2763/1448
f 1277/2410/1324 1476/2793/1508 1278/2411/1325
f 1464/2763/1448 1507/2845/1536 1465/2764/1492
f 1466/2766/1493 1444/2792/1473 1415/2668/1449
f 1414/2847/1447 1508/2848/1490 1449/2733/1477
f 1508/2848/1490 1447/2670/1450 1449/2733/1477
f 1466/2766/1493 1445/2729/1474 1509/2849/1537
f 1465/2764/1492 1477/2794/1509 1446/2730/1475
f 1465/2764/1492 1446/2730/1475 1394/2631/1428
f 1419/2676/1453 1449/2733/1477 1448/2732/1476
f 1477/2794/1509 1418/2675/1452 1446/2730/1475
f 1477/2794/1509 1421/2678/1454 1467/2770/1494
f 1447/2670/1450 1417/2769/1451 1449/2733/1477
f 1478/2850/1510 1468/2771/1495 1398/2680/1431
f 1452/2737/1479 1423/2683/1456 1573/2851/1538
f 1478/2795/1510 1422/2679/1455 1453/2738/1480
f 1452/2737/1479 1479/2797/1511 1401/2642/1433
f 1450/2734/1478 1510/2852/1539 1368/2589/1404
f 1598/2798/1512 1612/2800/1513 1480/2799/1410
f 1454/2739/1378 1612/2800/1513 1614/2740/1481
f 1287/2435/1334 1483/2853/1515 1424/2685/1457
f 1140/2161/1055 1288/2437/1335 1511/2854/1540
f 1512/2855/1276 1992/2856/1541 1513/2857/1036
f 1337/2537/1381 1432/2700/1462 1430/2858/1461
f 1177/2232/1218 1456/2743/1482 1235/2326/1278
f 1341/2542/1383 1405/2651/1437 1488/2814/1520
f 1433/2492/1360 1514/2859/1542 1434/2702/1463
f 1515/2860/1387 1493/2861/1522 1380/2862/1254
f 1315/2506/1365 1474/2817/1506 1518/2776/1499
f 1516/2863/1526 1519/2864/1500 1518/2865/1499
f 1473/2785/1503 1497/2832/1528 1458/2708/1465
f 1458/2708/1465 1497/2832/1528 1517/2866/1504
f 1497/2835/1528 1496/2834/1529 1517/2787/1504
f 1517/2787/1504 1498/2836/1530 1436/2709/1466
f 1496/2834/1529 1498/2836/1530 1517/2787/1504
f 1436/2709/1466 1498/2836/1530 1437/2710/1467
f 1317/2575/1367 1605/2867/1543 1489/2815/1521
f 1383/2615/1415 1518/2868/1499 1474/2789/1506
f 1383/2615/1415 1516/2869/1526 1518/2868/1499
f 1494/2870/1442 1519/2871/1500 1516/2872/1526
f 1494/2657/1442 1490/2818/1523 1519/2780/1500
f 1521/2829/1527 1471/2819/1501 1490/2818/1523
f 1520/2873/1202 1471/2782/1501 1521/2874/1527
f 1520/2873/1202 1491/2820/1524 1471/2782/1501
f 1271/2400/1316 1437/2710/1467 1498/2836/1530
f 1356/2573/1395 1460/2752/1485 1492/2822/1505
f 1198/2259/1238 1384/2616/1416 1317/2575/1367
f 1384/2616/1416 1358/2577/1396 1522/2875/1544
f 1220/2330/1258 1386/2619/1419 1570/2876/1545
f 1501/2839/1532 1503/2841/1472 1364/2583/1400
f 1163/2877/1207 1523/2878/1425 1524/2879/1546
f 1304/2478/1352 1444/2727/1473 1504/2842/1534
f 1443/2880/1323 1414/2847/1447 1523/2881/1425
f 1507/2845/1536 1477/2794/1509 1465/2764/1492
f 1573/2851/1538 1479/2797/1511 1452/2737/1479
f 1449/2733/1477 1419/2676/1453 1468/2771/1495
f 1445/2729/1474 1372/2684/1407 1509/2849/1537
f 1478/2795/1510 1453/2738/1480 1525/2882/1547
f 1421/2796/1454 1573/2851/1538 1423/2683/1456
f 1372/2684/1407 1424/2685/1457 1682/2883/1548
f 1368/2589/1404 1510/2852/1539 1425/2686/1333
f 1526/2884/1549 1403/2647/1435 1527/2885/1131
f 1123/2224/1166 1248/2355/1289 1528/2886/1550
f 1234/2325/1277 1430/2698/1461 1455/2742/1380
f 1210/2281/1248 1469/2773/1496 1310/2490/1359
f 1213/2285/1250 1310/2490/1359 1469/2773/1496
f 1431/2699/1251 1339/2887/1382 1432/2700/1462
f 1469/2773/1496 1529/2888/1551 1289/2440/1337
f 1484/2808/1516 1530/2889/1552 1457/2744/1483
f 1317/2575/1367 1384/2616/1416 1605/2867/1543
f 1318/2511/1369 1274/2406/1322 1757/2890/1553
f 1129/2145/745 1475/2791/1507 1531/2891/1554
f 1441/2722/1470 1532/2892/1349 1363/1993/936
f 1222/2299/1260 1502/2840/1533 1221/2298/1259
f 1507/2845/1536 1506/2844/1489 1595/2893/1555
f 1523/2881/1425 1414/2847/1447 1626/2894/1556
f 1414/2847/1447 1449/2733/1477 1626/2894/1556
f 1626/2894/1556 1449/2733/1477 1525/2895/1547
f 1595/2893/1555 1477/2794/1509 1507/2845/1536
f 1477/2794/1509 1595/2893/1555 1421/2678/1454
f 1468/2771/1495 1525/2895/1547 1449/2733/1477
f 1478/2850/1510 1525/2895/1547 1468/2771/1495
f 1479/2797/1511 1598/2798/1512 1374/2596/1408
f 1510/2852/1539 1481/2801/1514 1425/2686/1333
f 1533/2896/1557 1428/2693/1460 1735/2897/1558
f 1735/2897/1558 1428/2693/1460 1207/2694/1247
f 1375/2600/1274 1482/2319/1273 1481/2898/1514
f 1527/2885/1131 1534/2899/1436 1526/2884/1549
f 1511/2854/1540 1095/2080/1133 1140/2161/1055
f 1175/2225/1137 1535/2900/1559 1247/2696/1136
f 1455/2901/1380 1536/2902/1560 1537/2903/1411
f 1235/2326/1278 1456/2743/1482 1538/2904/1561
f 1529/2888/1551 1433/2701/1360 1289/2440/1337
f 1485/2809/1517 1539/2905/1562 1484/2808/1516
f 1486/2906/1518 1539/2907/1562 1485/2908/1517
f 1581/2909/1563 1540/2910/1564 1541/2911/1565
f 1580/2912/1566 1540/2910/1564 1581/2909/1563
f 1540/2910/1564 1542/2913/1567 1541/2911/1565
f 1543/2914/1568 1542/2913/1567 1544/2915/1569
f 1545/2916/1570 1546/2917/1571 1608/2918/1572
f 1546/2919/1571 1547/2920/1573 1548/2921/1574
f 1548/2921/1574 1547/2920/1573 1549/2922/1575
f 1547/2923/1573 1550/2924/1576 1549/2925/1575
f 1549/2925/1575 1550/2924/1576 1637/2926/1577
f 1550/2924/1576 1551/2927/1578 1637/2926/1577
f 1551/2927/1578 1553/2928/1579 1552/2929/1580
f 1553/2930/1579 1555/2931/1581 1554/2932/1582
f 1554/2932/1582 1555/2931/1581 1557/2933/1583
f 1555/2934/1581 1556/2935/1584 1557/2936/1583
f 1558/2937/1585 1620/2938/1586 1559/2939/1587
f 1559/2940/1587 1620/2941/1586 1723/2942/1588
f 1620/2941/1586 1560/2943/1589 1723/2942/1588
f 1723/2944/1588 1560/2945/1589 1561/2946/1590
f 1562/2947/1591 1621/2948/1592 1622/2949/1593
f 1542/2913/1567 1543/2914/1568 1541/2911/1565
f 1544/2915/1569 1582/2950/1594 1543/2914/1568
f 1608/2918/1572 1546/2917/1571 1548/2951/1574
f 1554/2932/1582 1552/2952/1580 1553/2930/1579
f 1556/2935/1584 1563/2953/1595 1564/2954/1596
f 1558/2937/1585 1559/2939/1587 1565/2955/1597
f 1566/2956/1368 1567/2957/1598 1568/2958/1417
f 1358/2577/1396 1360/2579/1397 1461/2753/1486
f 1299/2959/1347 1569/2960/1599 1385/2720/1418
f 1183/2239/1223 1532/2472/1349 1500/2838/1531
f 1319/2961/1370 1569/2960/1599 1299/2959/1347
f 1318/2511/1369 1757/2890/1553 1362/2581/1399
f 1531/2891/1554 1592/2962/1255 1129/2145/745
f 1220/2297/1258 1570/2963/1545 1274/2406/1322
f 1027/2476/1063 1390/2625/1423 1571/2964/1600
f 1163/2965/1207 1524/2966/1546 1413/2967/1446
f 1391/2626/1424 1506/2968/1489 1303/2627/1351
f 1277/2410/1324 1572/2969/1601 1476/2793/1508
f 1573/2970/1538 1421/2678/1454 1595/2893/1555
f 1682/2883/1548 1424/2685/1457 1483/2853/1515
f 1426/2691/1459 1428/2693/1460 1533/2896/1557
f 1375/2971/1274 1481/2801/1514 1574/2972/1602
f 1483/2803/1515 1403/2647/1435 1575/2973/1603
f 1174/2351/1215 1576/2974/1604 1207/2694/1247
f 1247/2696/1136 1684/2975/1605 1336/2697/1275
f 1455/2901/1380 1430/2858/1461 1536/2902/1560
f 1235/2326/1278 1538/2904/1561 1210/2281/1248
f 1210/2281/1248 1538/2904/1561 1469/2773/1496
f 1537/2903/1411 1536/2902/1560 1405/2651/1437
f 1538/2904/1561 1456/2743/1482 1577/2976/1606
f 1339/2887/1382 1578/2977/1607 1432/2700/1462
f 1433/2492/1360 1529/2978/1551 1514/2859/1542
f 1376/2603/1412 1604/2775/1498 1456/2743/1482
f 1530/2889/1552 1579/2979/1608 1457/2744/1483
f 1484/2808/1516 1539/2905/1562 1530/2889/1552
f 1487/2812/1519 1672/2980/1609 1486/2810/1518
f 1621/2948/1592 1562/2947/1591 1580/2981/1566
f 1621/2948/1592 1580/2981/1566 1581/2982/1563
f 1582/2950/1594 1544/2915/1569 1583/2983/1610
f 1582/2984/1594 1583/2985/1610 1545/2916/1570
f 1551/2927/1578 1550/2924/1576 1553/2928/1579
f 1555/2931/1581 1553/2930/1579 1584/2986/1611
f 1556/2935/1584 1585/2987/1612 1563/2953/1595
f 1563/2953/1595 1585/2987/1612 1565/2955/1597
f 1565/2955/1597 1585/2987/1612 1558/2937/1585
f 1620/2988/1586 1586/2989/1613 1560/2945/1589
f 1489/2815/1521 1605/2867/1543 1587/2990/1614
f 1545/2916/1570 1608/2918/1572 1582/2984/1594
f 1548/2951/1574 1588/2991/1615 1608/2918/1572
f 1549/2922/1575 1588/2992/1615 1548/2921/1574
f 1549/2925/1575 1637/2926/1577 1588/2993/1615
f 1551/2927/1578 1552/2929/1580 1637/2926/1577
f 1554/2932/1582 1589/2994/1616 1552/2952/1580
f 1557/2936/1583 1589/2995/1616 1554/2996/1582
f 1556/2935/1584 1564/2954/1596 1557/2936/1583
f 1563/2953/1595 1565/2955/1597 1564/2954/1596
f 1566/2956/1368 1499/2824/1525 1567/2957/1598
f 1500/2838/1531 1386/2619/1419 1181/2237/1205
f 1300/2471/1348 1775/2997/1617 1361/2580/1398
f 1757/2890/1553 1590/2998/1618 1362/2581/1399
f 1387/2624/1420 1591/2999/1619 1390/2625/1423
f 1319/2961/1370 1592/3000/1255 1593/3001/1620
f 1274/2406/1322 1570/2963/1545 1757/2890/1553
f 1027/2476/1063 1571/2964/1600 1643/3002/1041
f 1462/2755/1488 1594/3003/1621 1323/2517/1374
f 1462/2755/1488 1504/2842/1534 1594/3003/1621
f 1277/2410/1324 1505/2843/1535 1572/2969/1601
f 1595/3004/1555 1596/3005/1622 1573/3006/1538
f 1466/2766/1493 1509/2849/1537 1597/3007/1623
f 1479/3008/1511 1573/3006/1538 1596/3005/1622
f 1596/3005/1622 1598/3009/1512 1479/3008/1511
f 1509/2849/1537 1372/2684/1407 1682/2883/1548
f 1599/3010/1624 1426/3011/1459 1533/3012/1557
f 1600/3013/1625 1453/2738/1480 1427/2689/1458
f 1510/2852/1539 1601/3014/1626 1481/2801/1514
f 1575/2973/1603 1403/2647/1435 1526/2884/1549
f 1123/2224/1166 1528/2886/1550 1175/2225/1137
f 1432/2700/1462 1578/2977/1607 1430/2858/1461
f 1405/2651/1437 1536/2902/1560 1488/2814/1520
f 1339/2887/1382 1652/3015/1627 1578/2977/1607
f 1456/2743/1482 1604/2775/1498 1577/2976/1606
f 1406/2652/1438 1652/3016/1627 1339/2703/1382
f 1406/2807/1438 1457/2744/1483 1579/2979/1608
f 1530/2889/1552 1673/3017/1628 1579/2979/1608
f 1530/2889/1552 1539/2905/1562 1689/3018/1629
f 1539/2907/1562 1486/2906/1518 1629/3019/1630
f 1434/2702/1463 1602/3020/1631 1470/2813/1497
f 1488/2814/1520 1603/3021/1632 1515/2548/1387
f 1604/3022/1498 1313/3023/1363 1657/3024/1633
f 1515/2860/1387 1603/3025/1632 1493/2861/1522
f 1587/2990/1614 1657/3026/1633 1489/2815/1521
f 1587/3027/1614 1605/3028/1543 1703/3029/1634
f 1544/2915/1569 1542/2913/1567 1583/2983/1610
f 1545/2916/1570 1583/2985/1610 1546/2917/1571
f 1546/2919/1571 1606/3030/1635 1547/2920/1573
f 1547/2923/1573 1606/3031/1635 1584/3032/1611
f 1547/2923/1573 1584/3032/1611 1550/2924/1576
f 1550/2924/1576 1584/3032/1611 1553/2928/1579
f 1584/2986/1611 1607/3033/1636 1555/2931/1581
f 1555/2934/1581 1607/3034/1636 1556/2935/1584
f 1558/2937/1585 1585/2987/1612 1620/2938/1586
f 1560/2945/1589 1586/2989/1613 1561/2946/1590
f 1582/2950/1594 1608/3035/1572 1636/3036/1637
f 1557/2936/1583 1564/2954/1596 1589/2995/1616
f 1561/2946/1590 1609/3037/1638 1723/2944/1588
f 1499/2824/1525 1610/3038/1639 1567/2957/1598
f 1775/2997/1617 1320/2513/1371 1361/2580/1398
f 1593/3001/1620 1569/2960/1599 1319/2961/1370
f 1362/2581/1399 1590/2998/1618 1389/2623/1422
f 1390/2625/1423 1591/2999/1619 1571/2964/1600
f 1444/2792/1473 1466/2766/1493 1597/3007/1623
f 1476/2793/1508 1510/2852/1539 1450/2734/1478
f 1599/3010/1624 1427/2689/1458 1426/3011/1459
f 1599/3010/1624 1600/3013/1625 1427/2689/1458
f 1453/2738/1480 1600/3013/1625 1525/2882/1547
f 1611/3039/1640 1612/3040/1513 1598/3009/1512
f 1599/3010/1624 1533/3012/1557 1613/3041/1641
f 1612/3040/1513 1611/3039/1640 1614/3042/1481
f 1174/2351/1215 1375/2350/1274 1574/3043/1602
f 1247/2696/1136 1535/2900/1559 1684/2975/1605
f 892/2354/933 1875/3044/1642 1248/2355/1289
f 1578/2977/1607 1536/2902/1560 1430/2858/1461
f 1469/2773/1496 1538/2904/1561 1529/2888/1551
f 1434/2702/1463 1514/2859/1542 1602/3020/1631
f 1604/3022/1498 1657/3024/1633 1577/3045/1606
f 1672/3046/1609 1629/3047/1630 1486/3048/1518
f 1470/2774/1497 1672/2980/1609 1487/2812/1519
f 1470/2813/1497 1602/3020/1631 1672/3049/1609
f 1313/2609/1363 1489/2815/1521 1657/3026/1633
f 1615/3050/1643 1606/3030/1635 1617/3051/1644
f 1606/3031/1635 1615/3052/1643 1618/3053/1645
f 1615/3052/1643 1616/3054/1646 1618/3053/1645
f 1580/2981/1566 1562/2947/1591 1661/3055/1647
f 1540/2910/1564 1583/2983/1610 1542/2913/1567
f 1583/2985/1610 1617/3056/1644 1546/2917/1571
f 1546/2919/1571 1617/3051/1644 1606/3030/1635
f 1584/3032/1611 1606/3031/1635 1618/3053/1645
f 1584/2986/1611 1618/3057/1645 1607/3033/1636
f 1607/3034/1636 1700/3058/1648 1556/2935/1584
f 1556/2935/1584 1700/3058/1648 1585/2987/1612
f 1585/2987/1612 1700/3058/1648 1619/3059/1649
f 1585/2987/1612 1619/3059/1649 1620/2938/1586
f 1620/3060/1586 1619/3061/1649 1586/3062/1613
f 1586/2989/1613 1609/3037/1638 1561/2946/1590
f 1621/3063/1592 1785/3064/1650 1622/3065/1593
f 1621/2948/1592 1581/2982/1563 1785/3066/1650
f 1543/2914/1568 1636/3036/1637 1541/2911/1565
f 1582/2950/1594 1636/3036/1637 1543/2914/1568
f 1386/2619/1419 1726/3067/1651 1570/2876/1545
f 1358/2577/1396 1461/2753/1486 1623/3068/1652
f 1592/3000/1255 1624/3069/1653 1593/3001/1620
f 1237/3070/1146 1461/2753/1486 1412/2661/1169
f 1524/2966/1546 1625/3071/1654 1413/2967/1446
f 1444/2727/1473 1667/3072/1655 1504/2842/1534
f 1506/3073/1489 1741/3074/1656 1595/3004/1555
f 1523/2878/1425 1626/3075/1556 1524/2879/1546
f 1626/3075/1556 1525/2882/1547 1600/3013/1625
f 1509/2849/1537 1627/3076/1657 1597/3007/1623
f 1509/2849/1537 1682/2883/1548 1627/3076/1657
f 1596/3005/1622 1611/3039/1640 1598/3009/1512
f 1572/2969/1601 1510/2852/1539 1476/2793/1508
f 1735/2897/1558 1207/2694/1247 1576/2974/1604
f 1535/2900/1559 1628/3077/1658 1684/2975/1605
f 1538/2904/1561 1577/2976/1606 1529/2888/1551
f 1530/2889/1552 1689/3018/1629 1673/3017/1628
f 1539/3078/1562 1629/3079/1630 1689/3080/1629
f 1602/3081/1631 1630/3082/1659 1631/3083/1660
f 1514/3084/1542 1630/3082/1659 1602/3081/1631
f 1562/2947/1591 1701/3085/1661 1661/3055/1647
f 1580/2981/1566 1661/3055/1647 1632/3086/1662
f 1580/2912/1566 1632/3087/1662 1540/2910/1564
f 1540/2910/1564 1632/3087/1662 1583/2983/1610
f 1583/2983/1610 1632/3087/1662 1633/3088/1663
f 1583/2983/1610 1633/3088/1663 1617/3089/1644
f 1618/3057/1645 1616/3090/1646 1607/3033/1636
f 1607/3034/1636 1616/3091/1646 1700/3058/1648
f 1586/3092/1613 1634/3093/1664 1609/3094/1638
f 1493/2823/1522 1659/3095/1665 1499/2824/1525
f 1562/2947/1591 1622/2949/1593 1701/3085/1661
f 1499/2824/1525 1659/3095/1665 1635/3096/1666
f 1637/3097/1577 1636/3098/1637 1588/3099/1615
f 1714/3100/1667 1636/3101/1637 1637/3102/1577
f 1552/3103/1580 1714/3100/1667 1637/3102/1577
f 1358/2577/1396 1623/3068/1652 1522/2875/1544
f 1500/2838/1531 1726/3067/1651 1386/2619/1419
f 1568/2958/1417 1638/3104/1668 1410/3105/1443
f 1300/2471/1348 1639/3106/1669 1775/2997/1617
f 1442/2723/1471 1640/3107/1670 1441/2722/1470
f 1532/2472/1349 1706/3108/1671 1500/2838/1531
f 1461/2753/1486 1641/3109/1672 1623/3068/1652
f 1321/2514/1372 1642/3110/1673 1322/2515/1373
f 1858/3111/1674 1237/3112/1146 1643/3113/1041
f 1391/2626/1424 1221/2298/1259 1644/3114/1675
f 1221/2298/1259 1502/2840/1533 1644/3114/1675
f 1501/3115/1532 1645/3116/1487 1646/3117/1676
f 1323/2517/1374 1594/3003/1621 1502/2840/1533
f 1626/3075/1556 1600/3013/1625 1524/2879/1546
f 1741/3074/1656 1596/3005/1622 1595/3004/1555
f 1599/3010/1624 1613/3041/1641 1600/3013/1625
f 1596/3005/1622 1647/3118/1677 1611/3039/1640
f 1647/3118/1677 1614/3042/1481 1611/3039/1640
f 1648/3119/1678 1614/3120/1481 1647/3121/1677
f 1648/3119/1678 1534/2899/1436 1614/3120/1481
f 1601/3014/1626 1574/2972/1602 1481/2801/1514
f 1576/2974/1604 1174/2351/1215 1574/3043/1602
f 1094/3122/1132 1649/3123/1679 1044/3124/1076
f 1121/3125/1164 1155/3126/1197 1650/3127/1680
f 1578/2977/1607 1651/3128/1681 1536/2902/1560
f 1578/2977/1607 1652/3015/1627 1651/3128/1681
f 1529/3129/1551 1577/3045/1606 1630/3082/1659
f 1536/2902/1560 1651/3128/1681 1488/2814/1520
f 1652/3130/1627 1654/3131/1682 1653/3132/1683
f 1652/3130/1627 1406/3133/1438 1654/3131/1682
f 1602/3081/1631 1631/3083/1660 1672/3134/1609
f 1579/2979/1608 1654/3135/1682 1406/2807/1438
f 1488/2814/1520 1651/3128/1681 1603/3021/1632
f 1651/3128/1681 1655/3136/1684 1603/3021/1632
f 1655/3137/1684 1656/3138/1685 1603/3025/1632
f 1603/3025/1632 1656/3138/1685 1493/2861/1522
f 1657/3139/1633 1587/3027/1614 1658/3140/1686
f 1493/2861/1522 1656/3138/1685 1659/3141/1665
f 1703/3029/1634 1658/3140/1686 1587/3027/1614
f 1694/3142/1687 1660/3143/1688 1701/3144/1661
f 1660/3143/1688 1661/3145/1647 1701/3144/1661
f 1541/2911/1565 1785/3146/1650 1581/2909/1563
f 1608/3035/1572 1588/3147/1615 1636/3036/1637
f 1589/2994/1616 1812/3148/1689 1552/2952/1580
f 1564/2954/1596 1662/3149/1690 1589/2995/1616
f 1565/2955/1597 1662/3149/1690 1564/2954/1596
f 1565/2955/1597 1559/2939/1587 1662/3149/1690
f 1635/3096/1666 1610/3038/1639 1499/2824/1525
f 1522/2875/1544 1623/3068/1652 1663/3150/1691
f 1300/2471/1348 1388/2622/1421 1639/3106/1669
f 1593/3001/1620 1664/3151/1692 1569/2960/1599
f 1275/2407/1321 1389/2623/1422 1783/3152/1444
f 1571/2964/1600 1591/2999/1619 1665/3153/1693
f 1441/3154/1470 1706/3108/1671 1532/2472/1349
f 1643/3002/1041 1571/2964/1600 1666/3155/1694
f 1501/3115/1532 1505/2843/1535 1503/2724/1472
f 1504/2842/1534 1667/3072/1655 1594/3003/1621
f 1444/2792/1473 1597/3007/1623 1667/3156/1655
f 1524/2879/1546 1600/3013/1625 1680/3157/1695
f 1095/2080/1133 1668/3158/1696 1122/2133/1165
f 1208/3159/1134 1669/3160/1697 1670/3161/1336
f 1122/2133/1165 1803/3162/1698 892/2134/933
f 1529/3129/1551 1630/3082/1659 1514/3084/1542
f 1652/3015/1627 1653/3163/1683 1651/3128/1681
f 1657/3024/1633 1630/3082/1659 1577/3045/1606
f 1651/3128/1681 1653/3163/1683 1655/3136/1684
f 1629/3164/1630 1671/3165/1699 1689/3166/1629
f 1629/3164/1630 1672/3167/1609 1711/3168/1700
f 1672/3167/1609 1631/3169/1660 1711/3168/1700
f 1689/3170/1629 1695/3171/1701 1673/3172/1628
f 1674/3173/1702 1693/3174/1703 1619/3175/1649
f 1693/3176/1703 1586/3092/1613 1619/3177/1649
f 1693/3176/1703 1634/3093/1664 1586/3092/1613
f 1660/3143/1688 1675/3178/1704 1661/3145/1647
f 1632/3179/1662 1661/3145/1647 1675/3178/1704
f 1676/3180/1705 1633/3181/1663 1632/3179/1662
f 1633/3181/1663 1676/3180/1705 1677/3182/1706
f 1617/3183/1644 1633/3181/1663 1677/3182/1706
f 1699/3184/1707 1615/3050/1643 1617/3051/1644
f 1616/3091/1646 1696/3185/1708 1700/3058/1648
f 1700/3058/1648 1674/3186/1702 1619/3059/1649
f 1636/3036/1637 1785/3146/1650 1541/2911/1565
f 1559/2939/1587 1723/3187/1588 1662/3149/1690
f 1640/3107/1670 1752/3188/1709 1441/2722/1470
f 1410/3105/1443 1678/3189/1710 1475/3190/1507
f 1593/3001/1620 1624/3069/1653 1664/3151/1692
f 1391/2626/1424 1679/3191/1711 1506/2968/1489
f 1524/2966/1546 1680/3192/1695 1625/3071/1654
f 1600/3013/1625 1613/3041/1641 1680/3157/1695
f 1572/2969/1601 1681/3193/1712 1510/2852/1539
f 1648/3119/1678 1526/2884/1549 1534/2899/1436
f 1682/3194/1548 1483/2803/1515 1575/2973/1603
f 1121/3195/1164 1897/3196/1713 1094/3122/1132
f 1334/2805/1379 1683/3197/1714 1288/2437/1335
f 1336/2534/1275 1684/3198/1605 1334/2532/1379
f 1535/2900/1559 1175/2225/1137 1528/2886/1550
f 1654/3131/1682 1687/3199/1715 1653/3132/1683
f 1579/2979/1608 1712/3200/1716 1654/3135/1682
f 1579/2979/1608 1673/3017/1628 1712/3200/1716
f 1689/3170/1629 1685/3201/1717 1695/3171/1701
f 1653/3132/1683 1686/3202/1718 1655/3137/1684
f 1654/3135/1682 1712/3200/1716 1687/3203/1715
f 1673/3172/1628 1688/3204/1719 1712/3205/1716
f 1689/3206/1629 1671/3207/1699 1685/3208/1717
f 1629/3164/1630 1711/3168/1700 1671/3165/1699
f 1631/3209/1660 1674/3210/1702 1711/3211/1700
f 1631/3083/1660 1630/3082/1659 1690/3212/1720
f 1687/3199/1715 1686/3202/1718 1653/3132/1683
f 1687/3199/1715 1660/3213/1688 1686/3202/1718
f 1690/3214/1720 1658/3215/1686 1691/3216/1721
f 1630/3082/1659 1658/3217/1686 1690/3212/1720
f 1686/3202/1718 1656/3138/1685 1655/3137/1684
f 1660/3213/1688 1692/3218/1722 1686/3202/1718
f 1631/3219/1660 1690/3220/1720 1674/3221/1702
f 1690/3214/1720 1691/3216/1721 1698/3222/1723
f 1657/3024/1633 1658/3217/1686 1630/3082/1659
f 1660/3143/1688 1687/3223/1715 1675/3178/1704
f 1676/3180/1705 1675/3178/1704 1687/3223/1715
f 1690/3220/1720 1693/3224/1703 1674/3221/1702
f 1690/3214/1720 1698/3222/1723 1693/3225/1703
f 1692/3218/1722 1660/3213/1688 1694/3226/1687
f 1688/3227/1719 1677/3182/1706 1676/3180/1705
f 1699/3228/1707 1677/3182/1706 1695/3229/1701
f 1685/3230/1717 1696/3231/1708 1699/3232/1707
f 1659/3141/1665 1656/3138/1685 1697/3233/1724
f 1676/3180/1705 1632/3179/1662 1675/3178/1704
f 1685/3234/1717 1699/3235/1707 1695/3236/1701
f 1693/3176/1703 1698/3237/1723 1765/3238/1725
f 1617/3183/1644 1677/3182/1706 1699/3228/1707
f 1615/3052/1643 1699/3239/1707 1616/3054/1646
f 1616/3240/1646 1699/3232/1707 1696/3231/1708
f 1700/3241/1648 1696/3231/1708 1674/3242/1702
f 1693/3176/1703 1765/3238/1725 1634/3093/1664
f 1701/3243/1661 1622/3065/1593 1702/3244/1726
f 1703/3245/1634 1605/2867/1543 1704/3246/1727
f 1622/3065/1593 1785/3064/1650 1702/3244/1726
f 1384/2616/1416 1705/3247/1728 1605/2867/1543
f 1522/2875/1544 1705/3247/1728 1384/2616/1416
f 1567/2957/1598 1638/3104/1668 1568/2958/1417
f 1500/2838/1531 1706/3108/1671 1724/3248/1729
f 1592/3000/1255 1531/3249/1554 1624/3069/1653
f 1441/2722/1470 1752/3188/1709 1706/3250/1671
f 1646/3117/1676 1505/2843/1535 1501/3115/1532
f 1741/3074/1656 1707/3251/1730 1596/3005/1622
f 1596/3005/1622 1707/3251/1730 1647/3118/1677
f 1680/3192/1695 1613/3252/1641 1708/3253/1731
f 1613/3041/1641 1533/3012/1557 1708/3254/1731
f 1707/3255/1730 1648/3119/1678 1647/3121/1677
f 1681/3193/1712 1601/3014/1626 1510/2852/1539
f 1208/3159/1134 1709/3256/1035 1710/3257/1732
f 1695/3171/1701 1688/3204/1719 1673/3172/1628
f 1671/3258/1699 1711/3259/1700 1674/3242/1702
f 1712/3260/1716 1676/3180/1705 1687/3223/1715
f 1688/3227/1719 1676/3180/1705 1712/3260/1716
f 1686/3202/1718 1692/3218/1722 1697/3233/1724
f 1692/3218/1722 1713/3261/1733 1697/3233/1724
f 1695/3229/1701 1677/3182/1706 1688/3227/1719
f 1671/3258/1699 1696/3231/1708 1685/3230/1717
f 1696/3231/1708 1671/3258/1699 1674/3242/1702
f 1656/3138/1685 1686/3202/1718 1697/3233/1724
f 1692/3218/1722 1694/3226/1687 1713/3261/1733
f 1658/3215/1686 1703/3262/1634 1691/3216/1721
f 1552/3263/1580 1812/3264/1689 1714/3265/1667
f 1589/2995/1616 1662/3149/1690 1812/3266/1689
f 1605/2867/1543 1705/3247/1728 1704/3246/1727
f 1522/2875/1544 1663/3150/1691 1705/3247/1728
f 1500/2838/1531 1724/3248/1729 1726/3067/1651
f 1442/2723/1471 1715/3267/1734 1640/3107/1670
f 1301/2473/1318 1440/3268/1469 1388/2622/1421
f 1391/2626/1424 1644/3114/1675 1679/3191/1711
f 1645/3116/1487 1625/3071/1654 1716/3269/1735
f 1413/2967/1446 1625/3071/1654 1645/3116/1487
f 1506/3073/1489 1679/3270/1711 1741/3074/1656
f 1505/2843/1535 1717/3271/1736 1572/2969/1601
f 1717/3271/1736 1681/3193/1712 1572/2969/1601
f 1533/2896/1557 1735/2897/1558 1708/3272/1731
f 1682/3194/1548 1575/2973/1603 1718/3273/1737
f 1601/3014/1626 1719/3274/1738 1574/2972/1602
f 1719/3274/1738 1576/3275/1604 1574/2972/1602
f 1668/3158/1696 1803/3162/1698 1122/2133/1165
f 1309/3276/1358 1731/3277/1739 1155/3278/1197
f 1309/3276/1358 1720/3279/991 1721/3280/1740
f 1694/3142/1687 1701/3144/1661 1713/3281/1733
f 1634/3093/1664 1765/3238/1725 1609/3094/1638
f 1659/3141/1665 1697/3233/1724 1635/3282/1666
f 1702/3244/1726 1722/3283/1741 1701/3243/1661
f 1723/3284/1588 1609/3285/1638 1662/3286/1690
f 1724/3287/1729 1725/3288/1742 1726/3289/1651
f 1387/2624/1420 1322/3290/1373 1727/3291/1743
f 1387/2624/1420 1727/3291/1743 1591/2999/1619
f 1664/3151/1692 1728/3292/1744 1569/2960/1599
f 1624/3069/1653 1728/3292/1744 1664/3151/1692
f 1645/3116/1487 1716/3269/1735 1646/3117/1676
f 1505/2843/1535 1646/3117/1676 1717/3271/1736
f 1502/2840/1533 1594/3003/1621 1729/3293/1745
f 1667/3156/1655 1597/3007/1623 1627/3076/1657
f 1730/3294/1746 1526/2884/1549 1648/3119/1678
f 1526/2884/1549 1730/3294/1746 1575/2973/1603
f 1650/3127/1680 1155/3126/1197 1731/3295/1739
f 1713/3261/1733 1744/3296/1747 1697/3233/1724
f 1569/2960/1599 1815/3297/1748 1385/2720/1418
f 1385/2720/1418 1815/3297/1748 1440/2718/1469
f 1640/3107/1670 1732/3298/1749 1752/3188/1709
f 1590/2998/1618 1733/3299/1750 1389/2623/1422
f 1591/2999/1619 1727/3291/1743 1665/3153/1693
f 1389/2623/1422 1734/3300/1751 1783/3152/1444
f 1665/3153/1693 1666/3155/1694 1571/2964/1600
f 1666/3155/1694 1748/3301/1752 1643/3002/1041
f 1502/2840/1533 1729/3293/1745 1644/3114/1675
f 1627/3302/1657 1682/3194/1548 1718/3273/1737
f 1681/3193/1712 1719/3274/1738 1601/3014/1626
f 1735/3303/1558 1576/3275/1604 1708/3253/1731
f 1718/3273/1737 1575/2973/1603 1730/3294/1746
f 1288/2437/1335 1736/3304/1753 1511/2854/1540
f 1288/2437/1335 1683/3197/1714 1736/3304/1753
f 1992/2856/1541 1097/3305/1138 1513/2857/1036
f 1691/3216/1721 1766/3306/1754 1765/3307/1725
f 1691/3216/1721 1765/3307/1725 1698/3222/1723
f 1701/3144/1661 1722/3308/1741 1713/3281/1733
f 1610/3038/1639 1737/3309/1755 1567/2957/1598
f 1737/3309/1755 1638/3104/1668 1567/2957/1598
f 1623/3068/1652 1738/3310/1756 1663/3150/1691
f 1640/3107/1670 1715/3267/1734 1732/3298/1749
f 1706/3311/1671 1753/3312/1757 1724/3287/1729
f 1726/3289/1651 1758/3313/1758 1570/3314/1545
f 1646/3117/1676 1739/3315/1759 1717/3271/1736
f 1644/3114/1675 1740/3316/1760 1679/3191/1711
f 1594/3003/1621 1667/3072/1655 1729/3293/1745
f 1679/3317/1711 1740/3318/1760 1741/3319/1656
f 1680/3192/1695 1742/3320/1761 1625/3071/1654
f 1667/3321/1655 1627/3302/1657 1729/3322/1745
f 1740/3318/1760 1707/3255/1730 1741/3319/1656
f 1707/3255/1730 1730/3294/1746 1648/3119/1678
f 1709/3323/1035 1044/3124/1076 1710/3324/1732
f 1703/3325/1634 1704/3326/1727 1691/3327/1721
f 1793/3328/1762 1610/3038/1639 1635/3096/1666
f 1728/3292/1744 1743/3329/1763 1569/2960/1599
f 1237/3070/1146 1754/3330/1764 1461/2753/1486
f 1646/3117/1676 1716/3269/1735 1739/3315/1759
f 1729/3293/1745 1740/3316/1760 1644/3114/1675
f 1625/3071/1654 1742/3320/1761 1716/3269/1735
f 1680/3192/1695 1708/3253/1731 1742/3320/1761
f 1717/3271/1736 1739/3315/1759 1681/3193/1712
f 1740/3318/1760 1730/3294/1746 1707/3255/1730
f 1681/3193/1712 1739/3315/1759 1719/3274/1738
f 1708/3253/1731 1576/3275/1604 1719/3274/1738
f 1713/3281/1733 1722/3308/1741 1744/3331/1747
f 1322/3290/1373 1642/3332/1673 1727/3291/1743
f 1757/3333/1553 1745/3334/1765 1590/3335/1618
f 1590/3335/1618 1745/3334/1765 1733/3336/1750
f 1321/2514/1372 1411/2660/1445 1746/3337/1766
f 1665/3153/1693 1727/3291/1743 1666/3155/1694
f 1623/3068/1652 1641/3109/1672 1738/3310/1756
f 1639/3106/1669 1388/2622/1421 1810/3338/1767
f 1442/2723/1471 1320/2513/1371 1715/3267/1734
f 1678/3189/1710 1531/3339/1554 1475/3190/1507
f 1531/3249/1554 1747/3340/1768 1624/3069/1653
f 1748/3341/1752 1858/3342/1674 1643/3343/1041
f 1716/3269/1735 1742/3320/1761 1739/3315/1759
f 1718/3273/1737 1729/3322/1745 1627/3302/1657
f 1739/3315/1759 1742/3320/1761 1708/3253/1731
f 1729/3322/1745 1730/3294/1746 1740/3318/1760
f 1729/3322/1745 1718/3273/1737 1730/3294/1746
f 1739/3315/1759 1708/3253/1731 1719/3274/1738
f 1663/3150/1691 1749/3344/1769 1705/3247/1728
f 1783/2659/1444 1782/3345/1770 1411/2660/1445
f 1624/3069/1653 1750/3346/1771 1728/3292/1744
f 1635/3282/1666 1697/3233/1724 1744/3296/1747
f 1780/3347/1772 1609/3094/1638 1765/3238/1725
f 1793/3328/1762 1751/3348/1773 1610/3038/1639
f 1704/3246/1727 1705/3247/1728 1749/3344/1769
f 1743/3329/1763 1815/3297/1748 1569/2960/1599
f 1752/3349/1709 1753/3350/1757 1706/3351/1671
f 1858/3111/1674 1754/3352/1764 1237/3112/1146
f 1649/3123/1679 1094/3122/1132 1897/3196/1713
f 1610/3038/1639 1751/3348/1773 1737/3309/1755
f 1775/2997/1617 1715/3267/1734 1320/2513/1371
f 1624/3069/1653 1747/3340/1768 1750/3346/1771
f 1748/3341/1752 1822/3353/1774 1858/3342/1674
f 1461/2753/1486 1754/3330/1764 1641/3109/1672
f 1044/3124/1076 1649/3123/1679 1755/3354/1775
f 1097/3355/1138 1824/3356/1776 1720/3357/991
f 1702/3244/1726 1781/3358/1777 1722/3283/1741
f 1785/3064/1650 1781/3358/1777 1702/3244/1726
f 1815/3297/1748 1756/3359/1778 1440/2718/1469
f 1411/2660/1445 1782/3345/1770 1746/3337/1766
f 1727/3291/1743 1795/3360/1779 1666/3155/1694
f 1795/3360/1779 1801/3361/1780 1666/3155/1694
f 1750/3346/1771 1743/3329/1763 1728/3292/1744
f 1570/3362/1545 1758/3363/1758 1757/3364/1553
f 1757/3333/1553 1758/3365/1758 1745/3334/1765
f 1321/2514/1372 1746/3337/1766 1642/3110/1673
f 1666/3155/1694 1801/3361/1780 1748/3301/1752
f 1531/3249/1554 1759/3366/1781 1747/3340/1768
f 1044/3124/1076 1755/3354/1775 1710/3324/1732
f 1095/2080/1133 1760/3367/1782 1668/3158/1696
f 1528/2886/1550 1248/2355/1289 1761/3368/1783
f 1992/3369/1541 1824/3356/1776 1097/3355/1138
f 1636/3036/1637 1762/3370/1784 1785/3146/1650
f 1737/3309/1755 1763/3371/1785 1638/3104/1668
f 1733/3336/1750 1764/3372/1786 1389/3373/1422
f 1440/3268/1469 1756/3374/1778 1388/2622/1421
f 1389/3373/1422 1764/3372/1786 1734/3375/1751
f 1638/3104/1668 1678/3189/1710 1410/3105/1443
f 1208/3159/1134 1710/3257/1732 1669/3160/1697
f 892/2134/933 1803/3162/1698 1875/3376/1642
f 1720/3279/991 1824/3377/1776 1721/3280/1740
f 1765/3378/1725 1766/3379/1754 1780/3380/1772
f 1810/3338/1767 1767/3381/1787 1639/3106/1669
f 1639/3106/1669 1767/3381/1787 1775/2997/1617
f 1727/3291/1743 1768/3382/1788 1795/3360/1779
f 1752/3383/1709 1769/3384/1789 1753/3312/1757
f 1638/3104/1668 1770/3385/1790 1678/3189/1710
f 1748/3341/1752 1801/3386/1780 1814/3387/1791
f 1650/3127/1680 1897/3388/1713 1121/3125/1164
f 1771/3389/1135 1670/3161/1336 1772/3390/1792
f 1771/3389/1135 1772/3390/1792 1512/3391/1276
f 1691/3216/1721 1704/3392/1727 1766/3306/1754
f 1663/3150/1691 1738/3310/1756 1773/3393/1793
f 1767/3394/1787 1774/3395/1794 1775/3396/1617
f 1715/3397/1734 1776/3398/1795 1732/3399/1749
f 1724/3287/1729 1753/3312/1757 1777/3400/1796
f 1715/3267/1734 1775/2997/1617 1776/3401/1795
f 1733/3336/1750 1778/3402/1797 1764/3372/1786
f 1744/3331/1747 1722/3308/1741 1779/3403/1798
f 1609/3285/1638 1780/3404/1772 1662/3286/1690
f 1724/3287/1729 1777/3400/1796 1725/3288/1742
f 1727/3291/1743 1642/3332/1673 1768/3382/1788
f 1750/3346/1771 1829/3405/1799 1743/3329/1763
f 1388/2622/1421 1831/3406/1800 1810/3338/1767
f 1531/3339/1554 1896/3407/1801 1759/3408/1781
f 1095/2080/1133 1511/2854/1540 1760/3367/1782
f 1635/3282/1666 1744/3296/1747 1797/3409/1802
f 1785/3410/1650 1878/3411/1803 1781/3412/1777
f 1782/3413/1770 1783/3414/1444 1734/3375/1751
f 1769/3384/1789 1752/3383/1709 1732/3399/1749
f 1747/3340/1768 1829/3405/1799 1750/3346/1771
f 1831/3415/1800 1388/3416/1421 1756/3417/1778
f 1784/3418/1804 1738/3310/1756 1641/3109/1672
f 1822/3353/1774 1748/3341/1752 1814/3387/1791
f 1772/3390/1792 1670/3161/1336 1669/3160/1697
f 1878/3419/1803 1785/3420/1650 1762/3421/1784
f 1663/3150/1691 1786/3422/1805 1749/3344/1769
f 1787/3423/1806 1763/3371/1785 1737/3309/1755
f 1763/3371/1785 1788/3424/1807 1638/3104/1668
f 1778/3402/1797 1733/3336/1750 1745/3334/1765
f 2016/3425/1808 1896/3407/1801 1678/3189/1710
f 2040/3426/1809 1334/2532/1379 1684/3198/1605
f 1782/3413/1770 1789/3427/1810 1746/3428/1766
f 1790/3429/1811 1791/3430/1812 1746/3428/1766
f 1746/3428/1766 1791/3430/1812 1642/3431/1673
f 1678/3189/1710 1896/3407/1801 1531/3339/1554
f 1641/3109/1672 1754/3330/1764 1792/3432/1813
f 1511/2854/1540 1736/3304/1753 1839/3433/1814
f 1635/3282/1666 1797/3409/1802 1793/3434/1762
f 1704/3246/1727 1749/3344/1769 1794/3435/1815
f 1773/3393/1793 1786/3422/1805 1663/3150/1691
f 1795/3436/1779 1796/3437/1816 1801/3438/1780
f 1744/3331/1747 1779/3403/1798 1797/3439/1802
f 1737/3309/1755 1751/3348/1773 1787/3423/1806
f 1732/3399/1749 1776/3398/1795 1798/3440/1817
f 1732/3399/1749 1798/3440/1817 1769/3384/1789
f 1764/3372/1786 1799/3441/1818 1734/3375/1751
f 1768/3442/1788 1642/3431/1673 1800/3443/1819
f 1789/3427/1810 1790/3429/1811 1746/3428/1766
f 1801/3444/1780 1796/3445/1816 1814/3446/1791
f 1641/3109/1672 1792/3432/1813 1784/3418/1804
f 1334/2805/1379 2040/3447/1809 1683/3197/1714
f 1668/3448/1696 1802/3449/1820 1803/3450/1698
f 1725/3288/1742 1804/3451/1821 1726/3289/1651
f 1782/3413/1770 1734/3375/1751 1805/3452/1822
f 1775/3396/1617 1774/3395/1794 1776/3398/1795
f 1760/3453/1782 1802/3449/1820 1668/3448/1696
f 1766/3454/1754 1704/3455/1727 1806/3456/1823
f 1777/3400/1796 1807/3457/1824 1808/3458/1825
f 1777/3400/1796 1808/3458/1825 1725/3288/1742
f 1777/3400/1796 1753/3312/1757 1807/3457/1824
f 1738/3310/1756 1784/3418/1804 1773/3393/1793
f 1642/3431/1673 1791/3430/1812 1800/3443/1819
f 1795/3436/1779 1768/3442/1788 1796/3437/1816
f 1714/3459/1667 1762/3460/1784 1636/3461/1637
f 1786/3422/1805 1809/3462/1826 1749/3344/1769
f 1808/3458/1825 1804/3451/1821 1725/3288/1742
f 1743/3329/1763 1829/3405/1799 1815/3297/1748
f 1901/3463/1827 1810/3464/1767 1831/3465/1800
f 1747/3340/1768 1850/3466/1828 1828/3467/1829
f 1747/3340/1768 1828/3467/1829 1829/3405/1799
f 1759/3366/1781 1850/3466/1828 1747/3340/1768
f 1814/3387/1791 1811/3468/1830 1822/3353/1774
f 1511/2854/1540 1839/3433/1814 1760/3367/1782
f 1781/3469/1777 1878/3470/1803 1910/3471/1831
f 1662/3472/1690 1885/3473/1832 1812/3474/1689
f 1662/3472/1690 1780/3475/1772 1885/3473/1832
f 1778/3402/1797 1813/3476/1833 1764/3372/1786
f 1810/3464/1767 1901/3463/1827 1767/3394/1787
f 1788/3424/1807 1770/3385/1790 1638/3104/1668
f 1796/3477/1816 1811/3478/1830 1814/3479/1791
f 1678/3189/1710 1770/3385/1790 2016/3425/1808
f 1815/3480/1748 1816/3481/1834 1817/3482/1835
f 1815/3480/1748 1817/3482/1835 1756/3483/1778
f 1726/3289/1651 1804/3451/1821 1758/3313/1758
f 1800/3443/1819 1818/3484/1836 1768/3442/1788
f 1774/3395/1794 1819/3485/1837 1776/3398/1795
f 1778/3402/1797 1745/3334/1765 1813/3476/1833
f 1768/3442/1788 1820/3486/1838 1796/3437/1816
f 1815/3297/1748 1829/3405/1799 1816/3487/1834
f 1796/3477/1816 1820/3488/1838 1811/3478/1830
f 1811/3478/1830 1821/3489/1839 1822/3490/1774
f 1755/3354/1775 1649/3123/1679 1823/3491/1840
f 1992/3492/1541 2057/3493/1841 1824/3494/1776
f 1781/3469/1777 1910/3471/1831 1825/3495/1842
f 1818/3484/1836 1820/3486/1838 1768/3442/1788
f 1763/3371/1785 1826/3496/1843 1788/3424/1807
f 1817/3482/1835 1827/3497/1844 1756/3483/1778
f 1782/3413/1770 1805/3452/1822 1789/3427/1810
f 1828/3498/1829 1816/3481/1834 1829/3499/1799
f 1769/3384/1789 1807/3457/1824 1753/3312/1757
f 1830/3500/1845 1821/3489/1839 1811/3478/1830
f 1710/3324/1732 1755/3354/1775 1874/3501/1846
f 1827/3497/1844 1831/3502/1800 1756/3483/1778
f 1901/3463/1827 1832/3503/1847 1767/3394/1787
f 1813/3476/1833 1799/3441/1818 1764/3372/1786
f 1820/3488/1838 1830/3500/1845 1811/3478/1830
f 1704/3455/1727 1794/3504/1815 1806/3456/1823
f 1767/3394/1787 1832/3503/1847 1774/3395/1794
f 1734/3375/1751 1799/3441/1818 1805/3452/1822
f 1850/3466/1828 1833/3505/1848 1828/3467/1829
f 1769/3384/1789 1798/3440/1817 1834/3506/1849
f 1820/3488/1838 1818/3507/1836 1830/3500/1845
f 1830/3500/1845 1818/3507/1836 1835/3508/1850
f 1830/3500/1845 1835/3508/1850 1821/3489/1839
f 1759/3366/1781 1892/3509/1851 1850/3466/1828
f 1803/3510/1698 2017/3511/1852 1875/3512/1642
f 1797/3439/1802 1779/3403/1798 1836/3513/1853
f 1749/3344/1769 1809/3462/1826 1794/3435/1815
f 1787/3423/1806 1826/3496/1843 1763/3371/1785
f 1832/3503/1847 1819/3485/1837 1774/3395/1794
f 1813/3476/1833 1745/3334/1765 1837/3514/1854
f 1828/3498/1829 1833/3515/1848 1816/3481/1834
f 1759/3408/1781 1896/3407/1801 1892/3516/1851
f 1649/3123/1679 1905/3517/1855 1823/3491/1840
f 1760/3453/1782 1855/3518/1856 1802/3449/1820
f 1684/3198/1605 1838/3519/1857 2040/3426/1809
f 1684/2975/1605 1628/3077/1658 1838/3520/1857
f 1788/3424/1807 1826/3496/1843 1770/3385/1790
f 1839/3521/1814 1840/3522/1858 1760/3523/1782
f 1248/2355/1289 1875/3044/1642 1841/3524/1859
f 1528/2886/1550 1761/3368/1783 1535/2900/1559
f 1806/3525/1823 1842/3526/1860 1766/3379/1754
f 1842/3526/1860 1780/3380/1772 1766/3379/1754
f 1714/3459/1667 1932/3527/1861 1762/3460/1784
f 1812/3264/1689 1932/3528/1861 1714/3265/1667
f 1885/3529/1832 1932/3528/1861 1812/3264/1689
f 1780/3530/1772 1843/3531/1862 1885/3532/1832
f 1844/3533/1863 1798/3440/1817 1776/3398/1795
f 1845/3534/1864 1816/3481/1834 1833/3515/1848
f 1804/3451/1821 1854/3535/1865 1758/3313/1758
f 1846/3536/1866 1835/3508/1850 1818/3507/1836
f 1807/3457/1824 1769/3384/1789 1834/3506/1849
f 1854/3535/1865 1745/3537/1765 1758/3313/1758
f 1847/3538/1867 1822/3490/1774 1821/3489/1839
f 1731/3277/1739 1309/3276/1358 1861/3539/1868
f 1309/3276/1358 1721/3280/1740 1861/3539/1868
f 1669/3160/1697 1953/3540/1869 1772/3390/1792
f 1781/3541/1777 1779/3403/1798 1722/3308/1741
f 1786/3422/1805 1848/3542/1870 1809/3462/1826
f 1844/3533/1863 1776/3398/1795 1849/3543/1871
f 1819/3485/1837 1849/3543/1871 1776/3398/1795
f 1892/3544/1851 1833/3515/1848 1850/3545/1828
f 1835/3508/1850 1847/3538/1867 1821/3489/1839
f 1897/3388/1713 1650/3127/1680 2045/3546/1872
f 1797/3409/1802 1851/3547/1873 1793/3434/1762
f 1779/3403/1798 1781/3541/1777 1825/3548/1842
f 1787/3423/1806 1852/3549/1874 1928/3550/1875
f 1798/3440/1817 1844/3533/1863 1834/3506/1849
f 1800/3443/1819 1791/3430/1812 1853/3551/1876
f 1854/3552/1865 1948/3553/1877 1745/3334/1765
f 1754/3554/1764 1858/3555/1674 1873/3556/1878
f 1760/3523/1782 1840/3522/1858 1855/3557/1856
f 1803/3450/1698 1802/3449/1820 2017/3558/1852
f 1797/3409/1802 1836/3559/1853 1851/3547/1873
f 1751/3348/1773 1852/3549/1874 1787/3423/1806
f 1813/3476/1833 1856/3560/1879 1799/3441/1818
f 1804/3451/1821 1857/3561/1880 1854/3535/1865
f 1833/3515/1848 1893/3562/1881 1845/3534/1864
f 1892/3544/1851 1893/3562/1881 1833/3515/1848
f 1847/3538/1867 1858/3563/1674 1822/3490/1774
f 1847/3538/1867 1859/3564/1882 1858/3563/1674
f 1826/3496/1843 2015/3565/1883 1770/3385/1790
f 1754/3330/1764 1860/3566/1884 1792/3432/1813
f 1731/3295/1739 1861/3567/1868 1650/3127/1680
f 1793/3328/1762 1851/3568/1873 1751/3348/1773
f 1813/3476/1833 1837/3514/1854 1856/3560/1879
f 1805/3452/1822 1862/3569/1885 1789/3427/1810
f 1789/3427/1810 1862/3569/1885 1790/3429/1811
f 1792/3432/1813 1860/3566/1884 1784/3418/1804
f 1649/3123/1679 1897/3196/1713 1905/3517/1855
f 1710/3257/1732 1863/3570/1886 1669/3160/1697
f 1836/3513/1853 1779/3403/1798 1864/3571/1887
f 1779/3403/1798 1825/3548/1842 1864/3571/1887
f 1842/3526/1860 1843/3572/1862 1780/3380/1772
f 1818/3484/1836 1800/3443/1819 1865/3573/1888
f 1745/3334/1765 1948/3553/1877 1837/3514/1854
f 1893/3562/1881 1866/3574/1889 1845/3534/1864
f 1755/3354/1775 1823/3491/1840 1874/3501/1846
f 2040/3426/1809 1838/3519/1857 1867/3575/1890
f 1851/3568/1873 1852/3549/1874 1751/3348/1773
f 1786/3422/1805 1773/3393/1793 1848/3542/1870
f 1865/3576/1888 1868/3577/1891 1818/3507/1836
f 1805/3452/1822 1799/3441/1818 1869/3578/1892
f 1846/3536/1866 1847/3538/1867 1835/3508/1850
f 2016/3425/1808 2039/3579/1893 1896/3407/1801
f 1754/3580/1764 1870/3581/1894 1860/3582/1884
f 1535/2900/1559 2053/3583/1895 1628/3077/1658
f 1809/3584/1826 1871/3585/1896 1794/3586/1815
f 1773/3587/1793 1872/3588/1897 1848/3589/1870
f 1773/3393/1793 1784/3418/1804 1872/3590/1897
f 1816/3481/1834 1845/3534/1864 1817/3482/1835
f 1799/3441/1818 1856/3560/1879 1869/3578/1892
f 1859/3591/1882 1873/3592/1878 1858/3593/1674
f 1863/3594/1886 1710/3595/1732 1874/3596/1846
f 2033/3597/1898 1802/3449/1820 1855/3518/1856
f 2045/3546/1872 1650/3127/1680 1861/3567/1868
f 1841/3598/1859 1875/3599/1642 2017/3600/1852
f 1806/3525/1823 1876/3601/1899 1842/3526/1860
f 1877/3602/1900 1878/3603/1803 1762/3604/1784
f 1876/3605/1899 1806/3606/1823 1794/3586/1815
f 1871/3585/1896 1809/3584/1826 1848/3589/1870
f 1879/3607/1901 1827/3497/1844 1817/3482/1835
f 1880/3608/1902 1819/3485/1837 1832/3503/1847
f 1881/3609/1903 1856/3560/1879 1837/3514/1854
f 1862/3569/1885 1805/3452/1822 1869/3578/1892
f 1853/3551/1876 1865/3573/1888 1800/3443/1819
f 1880/3608/1902 1849/3543/1871 1819/3485/1837
f 2015/3565/1883 2016/3425/1808 1770/3385/1790
f 1721/3610/1740 1824/3494/1776 2051/3611/1904
f 1794/3586/1815 1871/3585/1896 1876/3605/1899
f 1837/3514/1854 1948/3553/1877 1881/3609/1903
f 1935/3612/1905 1853/3551/1876 1791/3430/1812
f 1847/3538/1867 1882/3613/1906 1859/3564/1882
f 1896/3407/1801 1883/3614/1907 1892/3516/1851
f 1772/3390/1792 1884/3615/1908 1512/3391/1276
f 1836/3559/1853 1938/3616/1909 1851/3547/1873
f 1885/3617/1832 1886/3618/1910 1932/3619/1861
f 1862/3569/1885 1887/3620/1911 1790/3429/1811
f 1844/3533/1863 1888/3621/1912 1834/3506/1849
f 1818/3507/1836 1868/3577/1891 1846/3536/1866
f 1791/3430/1812 1790/3429/1811 1935/3612/1905
f 1846/3536/1866 1868/3577/1891 1889/3622/1913
f 1846/3536/1866 1889/3622/1913 1847/3538/1867
f 1893/3562/1881 1894/3623/1914 1866/3574/1889
f 1772/3390/1792 1953/3540/1869 1884/3615/1908
f 1841/3524/1859 1993/3624/1915 1248/2355/1289
f 1248/2355/1289 1993/3624/1915 1761/3368/1783
f 1761/3368/1783 2053/3583/1895 1535/2900/1559
f 1851/3568/1873 1938/3625/1909 1852/3549/1874
f 1817/3482/1835 1845/3534/1864 1879/3607/1901
f 1853/3551/1876 1935/3612/1905 1865/3573/1888
f 1894/3623/1914 1890/3626/1916 1866/3574/1889
f 1847/3538/1867 1889/3622/1913 1882/3613/1906
f 1883/3627/1907 1891/3628/1917 1892/3629/1851
f 1892/3629/1851 1891/3628/1917 1893/3630/1881
f 1893/3630/1881 1891/3628/1917 1894/3631/1914
f 2039/3632/1893 1895/3633/1918 1896/3634/1801
f 1897/3635/1713 2045/3636/1872 2065/3637/1919
f 1863/3570/1886 1898/3638/1920 1669/3160/1697
f 1669/3160/1697 1898/3638/1920 1953/3540/1869
f 1836/3513/1853 1864/3571/1887 1938/3639/1909
f 1995/3640/1921 1886/3618/1910 1885/3617/1832
f 1843/3531/1862 1957/3641/1922 1885/3532/1832
f 1787/3423/1806 1962/3642/1923 1826/3496/1843
f 1866/3574/1889 1899/3643/1924 1845/3534/1864
f 1808/3458/1825 1807/3457/1824 1900/3644/1925
f 1890/3626/1916 1899/3643/1924 1866/3574/1889
f 1901/3645/1827 1831/3502/1800 1902/3646/1926
f 1784/3647/1804 1860/3582/1884 1872/3588/1897
f 1761/3368/1783 2078/3648/1927 2053/3583/1895
f 1848/3589/1870 1903/3649/1928 1871/3585/1896
f 1808/3458/1825 1900/3644/1925 1804/3451/1821
f 1899/3643/1924 1879/3607/1901 1845/3534/1864
f 1831/3502/1800 1827/3497/1844 1904/3650/1929
f 1831/3502/1800 1904/3650/1929 1902/3646/1926
f 1882/3613/1906 1914/3651/1930 1859/3564/1882
f 1897/3635/1713 2065/3637/1919 1905/3652/1855
f 1861/3653/1868 1721/3610/1740 1906/3654/1931
f 1825/3495/1842 1907/3655/1932 1864/3656/1887
f 1938/3657/1909 1927/3658/1933 1852/3659/1874
f 1849/3543/1871 1888/3621/1912 1844/3533/1863
f 1887/3620/1911 1935/3612/1905 1790/3429/1811
f 1736/3304/1753 1683/3197/1714 1908/3660/1934
f 2033/3597/1898 2017/3558/1852 1802/3449/1820
f 1909/3661/1935 1842/3526/1860 1876/3601/1899
f 1910/3662/1831 1878/3603/1803 1877/3602/1900
f 1911/3663/1936 1899/3643/1924 1890/3626/1916
f 1834/3506/1849 1912/3664/1937 1807/3457/1824
f 1891/3628/1917 1913/3665/1938 1894/3631/1914
f 1913/3665/1938 1891/3628/1917 1883/3627/1907
f 1914/3666/1930 1915/3667/1939 1859/3591/1882
f 1895/3633/1918 1883/3627/1907 1896/3634/1801
f 2045/3546/1872 1861/3567/1868 1906/3668/1931
f 1916/3669/1940 1864/3656/1887 1907/3655/1932
f 1916/3670/1940 1938/3639/1909 1864/3571/1887
f 1842/3526/1860 1957/3671/1922 1843/3572/1862
f 1957/3641/1922 1995/3672/1921 1885/3532/1832
f 1911/3663/1936 1879/3607/1901 1899/3643/1924
f 1832/3503/1847 1901/3463/1827 1917/3673/1941
f 1879/3607/1901 1904/3650/1929 1827/3497/1844
f 1901/3645/1827 1902/3646/1926 1917/3674/1941
f 1868/3577/1891 1918/3675/1942 1889/3622/1913
f 1887/3620/1911 1974/3676/1943 1935/3612/1905
f 1913/3677/1938 1890/3626/1916 1894/3623/1914
f 1883/3627/1907 1895/3633/1918 1919/3678/1944
f 2040/3447/1809 1908/3660/1934 1683/3197/1714
f 1842/3526/1860 1909/3661/1935 1957/3671/1922
f 1762/3604/1784 1932/3679/1861 1877/3602/1900
f 1938/3657/1909 1979/3680/1945 1927/3658/1933
f 1832/3503/1847 1917/3673/1941 1880/3608/1902
f 1879/3607/1901 1920/3681/1946 1904/3650/1929
f 1913/3677/1938 1923/3682/1947 1890/3626/1916
f 1889/3622/1913 1914/3651/1930 1882/3613/1906
f 1859/3591/1882 1915/3667/1939 1873/3592/1878
f 1928/3550/1875 1962/3642/1923 1787/3423/1806
f 1900/3644/1925 1857/3561/1880 1804/3451/1821
f 1879/3607/1901 1911/3663/1936 1921/3683/1948
f 1868/3577/1891 1922/3684/1949 1918/3675/1942
f 1890/3626/1916 1923/3682/1947 1911/3663/1936
f 1913/3665/1938 1919/3678/1944 1923/3685/1947
f 1883/3627/1907 1919/3678/1944 1913/3665/1938
f 1895/3633/1918 2039/3632/1893 2105/3686/1950
f 1876/3605/1899 1924/3687/1951 1909/3688/1935
f 1935/3612/1905 1974/3676/1943 2001/3689/1952
f 1889/3622/1913 1925/3690/1953 1914/3651/1930
f 1721/3610/1740 2051/3611/1904 1906/3654/1931
f 1825/3495/1842 1910/3471/1831 1907/3655/1932
f 1932/3679/1861 1926/3691/1954 1877/3602/1900
f 1852/3692/1874 1927/3693/1933 1928/3694/1875
f 1920/3681/1946 1879/3607/1901 1921/3683/1948
f 1888/3621/1912 1849/3543/1871 1929/3695/1955
f 1807/3457/1824 1912/3664/1937 1900/3644/1925
f 1854/3535/1865 1857/3561/1880 1930/3696/1956
f 1918/3675/1942 1925/3690/1953 1889/3622/1913
f 1886/3697/1910 1931/3698/1957 1932/3699/1861
f 1876/3605/1899 1871/3585/1896 1924/3687/1951
f 1848/3589/1870 1933/3700/1958 1903/3649/1928
f 1869/3578/1892 1975/3701/1959 1862/3569/1885
f 1911/3663/1936 1934/3702/1960 1921/3683/1948
f 1865/3576/1888 1935/3703/1905 2001/3704/1952
f 1880/3608/1902 1991/3705/1961 1849/3543/1871
f 1923/3682/1947 1934/3702/1960 1911/3663/1936
f 1754/3580/1764 1873/3592/1878 1870/3581/1894
f 1840/3706/1858 1936/3707/1962 1855/3708/1856
f 1863/3594/1886 1937/3709/1963 1898/3710/1920
f 1628/3077/1658 2052/3711/1964 1838/3520/1857
f 1628/3077/1658 2053/3583/1895 2052/3711/1964
f 1938/3712/1909 1916/3669/1940 1939/3713/1965
f 1903/3649/1928 1924/3687/1951 1871/3585/1896
f 1982/3714/1966 1881/3609/1903 1948/3553/1877
f 1987/3715/1967 1856/3560/1879 1881/3609/1903
f 1940/3716/1968 1922/3684/1949 1868/3577/1891
f 1987/3715/1967 1869/3578/1892 1856/3560/1879
f 1925/3690/1953 1918/3675/1942 1922/3684/1949
f 1925/3690/1953 1915/3717/1939 1914/3651/1930
f 1919/3678/1944 1895/3633/1918 1941/3718/1969
f 1905/3652/1855 2065/3637/1919 1955/3719/1970
f 2032/3720/1971 1874/3501/1846 1823/3491/1840
f 1992/3721/1541 1512/3391/1276 1884/3615/1908
f 1939/3713/1965 1979/3722/1945 1938/3712/1909
f 1909/3723/1935 1924/3724/1951 1942/3725/1972
f 1848/3589/1870 1872/3588/1897 1933/3700/1958
f 1887/3620/1911 1862/3569/1885 1974/3676/1943
f 1962/3642/1923 1944/3726/1973 1826/3496/1843
f 1872/3588/1897 1860/3582/1884 1943/3727/1974
f 1919/3678/1944 1941/3718/1969 1967/3728/1975
f 1944/3729/1973 2015/3730/1883 1826/3731/1843
f 1870/3581/1894 2166/3732/1976 1860/3582/1884
f 1860/3582/1884 2166/3732/1976 1943/3727/1974
f 1840/3706/1858 1839/3733/1814 1945/3734/1977
f 1838/3735/1857 2052/3736/1964 1867/3737/1890
f 1907/3655/1932 1946/3738/1978 1939/3713/1965
f 1910/3471/1831 1946/3738/1978 1907/3655/1932
f 1932/3679/1861 1931/3739/1957 1926/3691/1954
f 1917/3673/1941 1991/3705/1961 1880/3608/1902
f 1865/3576/1888 1940/3716/1968 1868/3577/1891
f 1849/3543/1871 1947/3740/1979 1929/3695/1955
f 1888/3621/1912 2027/3741/1980 1834/3506/1849
f 1991/3705/1961 1947/3740/1979 1849/3543/1871
f 1930/3696/1956 1948/3742/1877 1854/3535/1865
f 1967/3728/1975 1949/3743/1981 1919/3678/1944
f 1949/3744/1981 1923/3682/1947 1919/3745/1944
f 1915/3717/1939 1925/3690/1953 1965/3746/1982
f 1840/3706/1858 1945/3734/1977 1936/3707/1962
f 1736/3304/1753 1908/3660/1934 1839/3433/1814
f 1907/3655/1932 1939/3713/1965 1916/3669/1940
f 1921/3683/1948 1934/3702/1960 1950/3747/1983
f 1948/3553/1877 1999/3748/1984 1982/3714/1966
f 1923/3682/1947 1949/3744/1981 1934/3702/1960
f 1951/3749/1985 1952/3750/1986 1922/3684/1949
f 1902/3646/1926 1904/3650/1929 1920/3681/1946
f 1948/3742/1877 1930/3696/1956 1999/3751/1984
f 1922/3684/1949 1952/3750/1986 1925/3690/1953
f 1956/3752/1987 1953/3753/1869 1898/3754/1920
f 1995/3672/1921 1957/3641/1922 1954/3755/1988
f 1974/3676/1943 1862/3569/1885 1975/3701/1959
f 1949/3744/1981 1950/3747/1983 1934/3702/1960
f 1922/3684/1949 1940/3716/1968 1951/3749/1985
f 1857/3561/1880 2034/3756/1989 1930/3696/1956
f 1987/3715/1967 1975/3701/1959 1869/3578/1892
f 1834/3506/1849 2027/3741/1980 1912/3664/1937
f 1952/3750/1986 1965/3746/1982 1925/3690/1953
f 1905/3517/1855 1955/3757/1970 1823/3491/1840
f 1898/3758/1920 1937/3759/1963 1956/3760/1987
f 1909/3723/1935 1942/3725/1972 1957/3761/1922
f 1910/3471/1831 1958/3762/1990 1946/3738/1978
f 1942/3763/1972 1924/3687/1951 1959/3764/1991
f 1928/3694/1875 1927/3693/1933 1960/3765/1992
f 1928/3694/1875 1961/3766/1993 1962/3767/1923
f 1872/3588/1897 1943/3727/1974 1933/3700/1958
f 1888/3621/1912 1929/3695/1955 2027/3741/1980
f 1900/3644/1925 1963/3768/1994 1857/3561/1880
f 1881/3609/1903 1982/3714/1966 1987/3715/1967
f 1949/3744/1981 1964/3769/1995 1950/3747/1983
f 1951/3749/1985 1989/3770/1996 1952/3750/1986
f 1952/3750/1986 1989/3770/1996 1965/3746/1982
f 1965/3771/1982 1966/3772/1997 1915/3667/1939
f 1915/3667/1939 1966/3772/1997 1873/3592/1878
f 2186/3773/1998 2033/3774/1898 1855/3708/1856
f 1951/3749/1985 1984/3775/1999 1989/3770/1996
f 1967/3776/1975 1964/3769/1995 1949/3744/1981
f 1967/3728/1975 1941/3718/1969 2008/3777/2000
f 2057/3493/1841 1968/3778/2001 1824/3494/1776
f 1877/3779/1900 1958/3762/1990 1910/3471/1831
f 1886/3697/1910 1969/3780/2002 1931/3698/1957
f 1928/3694/1875 1960/3765/1992 1961/3766/1993
f 1961/3766/1993 1970/3781/2003 1962/3767/1923
f 1963/3768/1994 2034/3756/1989 1857/3561/1880
f 1900/3644/1925 1912/3664/1937 1963/3768/1994
f 1971/3782/2004 1975/3701/1959 1987/3715/1967
f 2008/3783/2000 1964/3769/1995 1967/3776/1975
f 1895/3633/1918 1972/3784/2005 1941/3718/1969
f 1973/3785/2006 1940/3716/1968 1865/3576/1888
f 1940/3716/1968 1984/3775/1999 1951/3749/1985
f 1974/3786/1943 1975/3787/1959 1976/3788/2007
f 1986/3789/2008 1989/3770/1996 1984/3775/1999
f 1963/3768/1994 1912/3664/1937 2013/3790/2009
f 2008/3783/2000 2020/3791/2010 1964/3769/1995
f 1972/3784/2005 2008/3777/2000 1941/3718/1969
f 1966/3772/1997 1965/3771/1982 1989/3792/1996
f 1977/3793/2011 1979/3722/1945 1939/3713/1965
f 1978/3794/2012 1927/3693/1933 1979/3795/1945
f 1903/3649/1928 1933/3700/1958 2127/3796/2013
f 1987/3715/1967 1982/3714/1966 1980/3797/2014
f 1902/3646/1926 2022/3798/2015 1917/3674/1941
f 1902/3646/1926 1920/3681/1946 2022/3798/2015
f 1989/3792/1996 1988/3799/2016 1966/3772/1997
f 1966/3772/1997 2090/3800/2017 1873/3592/1878
f 1908/3801/1934 1981/3802/2018 1839/3733/1814
f 1924/3687/1951 1903/3649/1928 1959/3764/1991
f 1865/3576/1888 2001/3704/1952 1973/3785/2006
f 1962/3767/1923 1970/3781/2003 1944/3729/1973
f 1950/3747/1983 2011/3803/2019 1921/3683/1948
f 1940/3716/1968 1973/3785/2006 1984/3775/1999
f 1917/3674/1941 2022/3798/2015 2075/3804/2020
f 1982/3805/1966 1983/3806/2021 1980/3807/2014
f 1964/3769/1995 2020/3791/2010 1950/3747/1983
f 1984/3808/1999 1985/3809/2022 1986/3810/2008
f 1991/3705/1961 1997/3811/2023 1947/3740/1979
f 1980/3807/2014 1971/3812/2004 1987/3813/1967
f 1986/3810/2008 1988/3814/2016 1989/3815/1996
f 1895/3633/1918 1990/3816/2024 1972/3784/2005
f 1863/3594/1886 1874/3596/1846 1937/3709/1963
f 1979/3722/1945 1977/3793/2011 2142/3817/2025
f 1950/3747/1983 2012/3818/2026 2011/3803/2019
f 1920/3681/1946 1921/3683/1948 2011/3803/2019
f 1917/3674/1941 2075/3804/2020 1991/3819/1961
f 2020/3791/2010 2012/3818/2026 1950/3747/1983
f 1943/3727/1974 2152/3820/2027 1933/3700/1958
f 1841/3821/1859 2055/3822/2028 1993/3823/1915
f 1884/3824/1908 2198/3825/2029 1992/3826/1541
f 1993/3827/1915 1994/3828/2030 1761/3829/1783
f 1761/3830/1783 1994/3831/2030 2078/3832/1927
f 1886/3697/1910 1995/3833/1921 1969/3780/2002
f 1973/3834/2006 1996/3835/2031 1984/3808/1999
f 1984/3808/1999 1996/3835/2031 1985/3809/2022
f 1992/3826/1541 2198/3825/2029 2057/3836/1841
f 1979/3722/1945 2142/3817/2025 1978/3837/2012
f 1991/3819/1961 2075/3804/2020 1997/3838/2023
f 1947/3740/1979 1998/3839/2032 1929/3695/1955
f 1930/3696/1956 2034/3756/1989 2036/3840/2033
f 1929/3695/1955 1998/3839/2032 2027/3741/1980
f 1982/3805/1966 1999/3841/1984 1983/3806/2021
f 1947/3842/1979 1997/3843/2023 2000/3844/2034
f 2001/3845/1952 1974/3846/1943 2023/3847/2035
f 1986/3810/2008 2002/3848/2036 1988/3814/2016
f 1972/3784/2005 2003/3849/2037 2008/3777/2000
f 1895/3633/1918 2105/3686/1950 1990/3816/2024
f 1873/3592/1878 2090/3800/2017 2091/3850/2038
f 1978/3794/2012 1960/3765/1992 1927/3693/1933
f 2004/3851/2039 1970/3781/2003 1961/3766/1993
f 2005/3852/2040 2006/3853/2041 1970/3781/2003
f 1970/3781/2003 2006/3853/2041 1944/3729/1973
f 1974/3786/1943 1976/3788/2007 2007/3854/2042
f 2001/3845/1952 2023/3847/2035 1973/3834/2006
f 2008/3855/2000 2003/3856/2037 2009/3857/2043
f 2020/3791/2010 2008/3783/2000 2009/3858/2043
f 1943/3727/1974 2166/3732/1976 2152/3820/2027
f 2046/3859/2044 2045/3546/1872 1906/3668/1931
f 1977/3793/2011 1939/3713/1965 1946/3738/1978
f 1959/3764/1991 1903/3649/1928 2127/3796/2013
f 2010/3860/2045 2011/3861/2019 2012/3862/2026
f 2014/3863/2046 2034/3756/1989 1963/3768/1994
f 1976/3788/2007 1975/3787/1959 1971/3812/2004
f 1963/3864/1994 2013/3865/2009 2014/3866/2046
f 2021/3867/2047 1920/3681/1946 2011/3803/2019
f 2013/3790/2009 1912/3664/1937 2027/3741/1980
f 2036/3840/2033 1999/3751/1984 1930/3696/1956
f 2015/3868/1883 2039/3869/1893 2016/3870/1808
f 2045/3871/1872 2223/3872/2048 2065/3873/1919
f 1855/3708/1856 1936/3707/1962 2186/3773/1998
f 2055/3822/2028 1841/3821/1859 2017/3874/1852
f 1877/3779/1900 2018/3875/2049 1958/3762/1990
f 1877/3602/1900 1926/3691/1954 2018/3876/2049
f 1933/3700/1958 2150/3877/2050 2127/3796/2013
f 1976/3788/2007 1971/3812/2004 2019/3878/2051
f 2009/3857/2043 2012/3862/2026 2020/3879/2010
f 1998/3880/2032 1947/3842/1979 2000/3844/2034
f 2021/3881/2047 2022/3882/2015 1920/3883/1946
f 1974/3786/1943 2007/3854/2042 2023/3884/2035
f 1985/3809/2022 2002/3848/2036 1986/3810/2008
f 1972/3784/2005 1990/3816/2024 2024/3885/2052
f 2025/3886/2053 1972/3784/2005 2024/3885/2052
f 2025/3886/2053 2003/3849/2037 1972/3784/2005
f 2026/3887/2054 1966/3772/1997 1988/3799/2016
f 1981/3802/2018 1945/3734/1977 1839/3733/1814
f 2033/3888/1898 2055/3822/2028 2017/3874/1852
f 2010/3860/2045 2021/3881/2047 2011/3861/2019
f 2027/3889/1980 2028/3890/2055 2013/3865/2009
f 1980/3807/2014 2029/3891/2056 1971/3812/2004
f 2031/3892/2057 2026/3887/2054 1988/3799/2016
f 1944/3729/1973 2006/3853/2041 2030/3893/2058
f 2002/3848/2036 2031/3894/2057 1988/3814/2016
f 1944/3729/1973 2030/3893/2058 2015/3730/1883
f 1873/3592/1878 2091/3850/2038 1870/3581/1894
f 1870/3581/1894 2167/3895/2059 2166/3732/1976
f 1823/3896/1840 1955/3897/1970 2032/3898/1971
f 2186/3899/1998 2147/3900/2060 2033/3901/1898
f 1960/3765/1992 2004/3851/2039 1961/3766/1993
f 2034/3902/1989 2014/3866/2046 2035/3903/2061
f 2034/3902/1989 2035/3903/2061 2036/3904/2033
f 2043/3905/2062 2012/3862/2026 2009/3857/2043
f 1985/3809/2022 2037/3906/2063 2002/3848/2036
f 1996/3835/2031 2037/3906/2063 1985/3809/2022
f 2009/3857/2043 2003/3856/2037 2043/3905/2062
f 2037/3906/2063 2031/3894/2057 2002/3848/2036
f 1971/3812/2004 2029/3891/2056 2019/3878/2051
f 2026/3887/2054 2038/3907/2064 2090/3800/2017
f 2026/3887/2054 2090/3800/2017 1966/3772/1997
f 2015/3730/1883 2071/3908/2065 2039/3909/1893
f 1908/3801/1934 2040/3910/1809 2041/3911/2066
f 1980/3807/2014 1983/3806/2021 2029/3891/2056
f 2036/3904/2033 2035/3903/2061 2042/3912/2067
f 2025/3886/2053 2043/3913/2062 2003/3849/2037
f 1998/3880/2032 2028/3890/2055 2027/3889/1980
f 2031/3892/2057 2038/3907/2064 2026/3887/2054
f 2024/3885/2052 1990/3816/2024 2044/3914/2068
f 2045/3915/1872 2046/3916/2044 2223/3917/2048
f 1942/3725/1972 2047/3918/2069 1957/3761/1922
f 2012/3862/2026 2048/3919/2070 2010/3860/2045
f 2049/3920/2071 1976/3788/2007 2019/3878/2051
f 1999/3841/1984 2050/3921/2072 1983/3806/2021
f 2036/3904/2033 2042/3912/2067 1999/3922/1984
f 2024/3885/2052 2044/3914/2068 2025/3886/2053
f 2015/3730/1883 2030/3893/2058 2071/3908/2065
f 2105/3686/1950 2044/3914/2068 1990/3816/2024
f 2051/3923/1904 2193/3924/2073 1906/3925/1931
f 2052/3926/1964 2053/3927/1895 2054/3928/2074
f 1993/3827/1915 2055/3929/2028 2056/3930/2075
f 2057/3931/1841 2198/3932/2029 1968/3933/2001
f 2004/3851/2039 2005/3852/2040 1970/3781/2003
f 2023/3847/2035 2058/3934/2076 1973/3834/2006
f 1997/3843/2023 2094/3935/2077 2000/3844/2034
f 2031/3894/2057 2037/3906/2063 2063/3936/2078
f 2025/3886/2053 2097/3937/2079 2043/3913/2062
f 2038/3938/2064 2031/3894/2057 2063/3936/2078
f 2127/3796/2013 2150/3877/2050 2059/3939/2080
f 1933/3700/1958 2152/3820/2027 2150/3877/2050
f 2048/3919/2070 2012/3862/2026 2043/3905/2062
f 2060/3940/2081 2029/3891/2056 1983/3806/2021
f 2061/3941/2082 1976/3788/2007 2049/3920/2071
f 2014/3866/2046 2013/3865/2009 2062/3942/2083
f 2060/3940/2081 1983/3806/2021 2050/3921/2072
f 2028/3890/2055 2062/3942/2083 2013/3865/2009
f 2042/3912/2067 2050/3943/2072 1999/3922/1984
f 2097/3937/2079 2025/3886/2053 2044/3914/2068
f 2088/3944/2084 2038/3907/2064 2063/3945/2078
f 2090/3800/2017 2038/3907/2064 2088/3944/2084
f 2064/3946/2085 1955/3897/1970 2065/3947/1919
f 2064/3946/2085 2065/3947/1919 2223/3948/2048
f 1937/3759/1963 2205/3949/2086 1956/3760/1987
f 2033/3901/1898 2147/3900/2060 2055/3950/2028
f 2078/3832/1927 1994/3831/2030 2174/3951/2087
f 2047/3918/2069 1954/3952/1988 1957/3761/1922
f 1960/3765/1992 2195/3953/2088 2004/3851/2039
f 2075/3954/2020 2094/3935/2077 1997/3843/2023
f 2066/3955/2089 2037/3906/2063 1996/3835/2031
f 2097/3956/2079 2102/3957/2090 2043/3905/2062
f 2048/3919/2070 2043/3905/2062 2102/3957/2090
f 2067/3958/2091 1998/3880/2032 2000/3844/2034
f 1998/3880/2032 2067/3958/2091 2028/3890/2055
f 2068/3959/2092 2000/3844/2034 2094/3935/2077
f 2007/3854/2042 2069/3960/2093 2023/3884/2035
f 2070/3961/2094 2071/3908/2065 2030/3893/2058
f 2039/3632/1893 2071/3962/2065 2105/3686/1950
f 1908/3801/1934 2041/3911/2066 1981/3802/2018
f 1942/3725/1972 2072/3963/2095 2047/3918/2069
f 1946/3738/1978 2073/3964/2096 1977/3793/2011
f 1959/3965/1991 2072/3963/2095 1942/3725/1972
f 1973/3834/2006 2058/3934/2076 1996/3835/2031
f 2048/3919/2070 2102/3957/2090 2074/3966/2097
f 2075/3967/2020 2022/3882/2015 2181/3968/2098
f 2029/3891/2056 2060/3940/2081 2076/3969/2099
f 2029/3891/2056 2076/3969/2099 2019/3878/2051
f 2066/3955/2089 2063/3936/2078 2037/3906/2063
f 2040/3970/1809 2077/3971/2100 2041/3972/2066
f 2078/3973/1927 2054/3928/2074 2053/3927/1895
f 1978/3794/2012 2195/3953/2088 1960/3765/1992
f 2021/3881/2047 2010/3860/2045 2079/3974/2101
f 1976/3788/2007 2061/3941/2082 2007/3854/2042
f 1955/3897/1970 2213/3975/2102 2032/3898/1971
f 1867/3976/1890 2077/3971/2100 2040/3970/1809
f 2056/3930/2075 1994/3828/2030 1993/3827/1915
f 1954/3952/1988 2080/3977/2103 1995/3833/1921
f 2088/3944/2084 2081/3978/2104 2090/3800/2017
f 1874/3979/1846 2191/3980/2105 1937/3759/1963
f 1867/3976/1890 2052/3981/1964 2215/3982/2106
f 1953/3753/1869 1956/3752/1987 1884/3983/1908
f 2078/3984/1927 2174/3985/2087 2054/3986/2074
f 2047/3918/2069 2082/3987/2107 1954/3952/1988
f 1946/3738/1978 1958/3762/1990 2083/3988/2108
f 2010/3860/2045 2048/3919/2070 2084/3989/2109
f 2066/3955/2089 1996/3835/2031 2085/3990/2110
f 2010/3860/2045 2084/3989/2109 2079/3974/2101
f 2014/3866/2046 2062/3942/2083 2086/3991/2111
f 2023/3847/2035 2069/3992/2093 2058/3934/2076
f 2021/3881/2047 2087/3993/2112 2022/3882/2015
f 2066/3955/2089 2088/3994/2084 2063/3936/2078
f 2081/3995/2104 2089/3996/2113 2090/3997/2017
f 2090/3997/2017 2089/3996/2113 2091/3998/2038
f 2071/3908/2065 2092/3999/2114 2105/4000/1950
f 1874/3979/1846 2032/4001/1971 2191/3980/2105
f 1906/3925/1931 2193/3924/2073 2046/4002/2044
f 1931/3698/1957 1969/3780/2002 2093/4003/2115
f 2181/3968/2098 2094/4004/2077 2075/3967/2020
f 2014/3866/2046 2086/3991/2111 2035/3903/2061
f 2102/3957/2090 2095/4005/2116 2074/3966/2097
f 2000/3844/2034 2068/3959/2092 2067/3958/2091
f 2021/3881/2047 2079/3974/2101 2087/3993/2112
f 2044/4006/2068 2096/4007/2117 2097/4008/2079
f 1824/3494/1776 1968/3778/2001 2051/3611/1904
f 1946/3738/1978 2083/3988/2108 2073/3964/2096
f 2098/4009/2118 2083/3988/2108 1958/3762/1990
f 1958/3762/1990 2018/3875/2049 2098/4009/2118
f 1969/3780/2002 2080/3977/2103 2099/4010/2119
f 1995/3833/1921 2080/3977/2103 1969/3780/2002
f 2035/3903/2061 2100/4011/2120 2042/3912/2067
f 2067/3958/2091 2101/4012/2121 2028/3890/2055
f 2097/4008/2079 2096/4007/2117 2102/4013/2090
f 2102/3957/2090 2103/4014/2122 2095/4005/2116
f 2030/3893/2058 2104/4015/2123 2070/3961/2094
f 2044/4006/2068 2105/4016/1950 2106/4017/2124
f 1945/3734/1977 2107/4018/2125 1936/3707/1962
f 1867/3976/1890 2215/3982/2106 2077/3971/2100
f 2074/3966/2097 2108/4019/2126 2048/3919/2070
f 2058/3934/2076 2085/3990/2110 1996/3835/2031
f 2074/3966/2097 2095/4005/2116 2108/4019/2126
f 2058/4020/2076 2069/3960/2093 2109/4021/2127
f 2067/3958/2091 2068/3959/2092 2101/4012/2121
f 2096/4007/2117 2103/4022/2122 2102/4013/2090
f 2108/4019/2126 2084/3989/2109 2048/3919/2070
f 2086/3991/2111 2100/4011/2120 2035/3903/2061
f 2096/4007/2117 2110/4023/2128 2103/4022/2122
f 2111/4024/2129 2076/3969/2099 2060/3940/2081
f 2066/3955/2089 2085/3990/2110 2112/4025/2130
f 2066/3955/2089 2112/4025/2130 2088/3994/2084
f 2079/3974/2101 2113/4026/2131 2087/3993/2112
f 2028/3890/2055 2114/4027/2132 2062/3942/2083
f 2088/4028/2084 2115/4029/2133 2081/3995/2104
f 2109/4030/2127 2085/3990/2110 2058/3934/2076
f 2084/3989/2109 2113/4026/2131 2079/3974/2101
f 2094/3935/2077 2116/4031/2134 2068/3959/2092
f 2112/4032/2130 2115/4029/2133 2088/4028/2084
f 2096/4007/2117 2117/4033/2135 2110/4023/2128
f 2096/4007/2117 2106/4017/2124 2117/4033/2135
f 2044/4006/2068 2106/4017/2124 2096/4007/2117
f 2071/3908/2065 2118/4034/2136 2092/3999/2114
f 1977/3793/2011 2073/3964/2096 2142/3817/2025
f 1969/3780/2002 2099/4010/2119 2093/4003/2115
f 2082/3987/2107 2119/4035/2137 1954/3952/1988
f 1959/4036/1991 2120/4037/2138 2072/4038/2095
f 1978/3837/2012 2121/4039/2139 2195/4040/2088
f 2004/3851/2039 2122/4041/2140 2005/3852/2040
f 2110/4023/2128 2123/4042/2141 2137/4043/2142
f 2110/4023/2128 2137/4043/2142 2103/4022/2122
f 2022/3882/2015 2087/3993/2112 2181/3968/2098
f 2117/4033/2135 2123/4042/2141 2110/4023/2128
f 2062/3942/2083 2114/4027/2132 2124/4044/2143
f 2007/3854/2042 2125/4045/2144 2069/3960/2093
f 1955/3897/1970 2064/3946/2085 2213/3975/2102
f 2051/3923/1904 1968/4046/2001 2126/4047/2145
f 2198/3932/2029 2180/4048/2146 1968/3933/2001
f 1954/3952/1988 2119/4035/2137 2080/3977/2103
f 1959/4036/1991 2127/4049/2013 2120/4037/2138
f 2127/4049/2013 2059/4050/2080 2128/4051/2147
f 2108/4019/2126 2113/4026/2131 2084/3989/2109
f 2085/3990/2110 2129/4052/2148 2130/4053/2149
f 2085/3990/2110 2130/4053/2149 2112/4025/2130
f 2112/4032/2130 2131/4054/2150 2115/4029/2133
f 2028/3890/2055 2101/4012/2121 2114/4027/2132
f 2117/4033/2135 2106/4017/2124 2132/4055/2151
f 2115/4029/2133 2131/4054/2150 2081/3995/2104
f 1956/4056/1987 2205/4057/2086 2133/4058/2152
f 2083/4059/2108 2134/4060/2153 2073/4061/2096
f 2093/4062/2115 2135/4063/2154 1931/3739/1957
f 2080/3977/2103 2119/4035/2137 2136/4064/2155
f 2109/4030/2127 2129/4052/2148 2085/3990/2110
f 2103/4014/2122 2137/4065/2142 2095/4005/2116
f 2006/3853/2041 2104/4015/2123 2030/3893/2058
f 2061/3941/2082 2125/4045/2144 2007/3854/2042
f 2112/4032/2130 2130/4066/2149 2131/4054/2150
f 2042/3912/2067 2154/4067/2156 2050/3943/2072
f 2117/4033/2135 2132/4055/2151 2123/4042/2141
f 2123/4042/2141 2132/4055/2151 2138/4068/2157
f 2131/4054/2150 2139/4069/2158 2081/3995/2104
f 2140/4070/2159 2118/4034/2136 2071/3908/2065
f 2046/3916/2044 2141/4071/2160 2223/3917/2048
f 2142/4072/2025 2073/4061/2096 2143/4073/2161
f 2047/3918/2069 2072/3963/2095 2082/3987/2107
f 2004/3851/2039 2195/3953/2088 2122/4041/2140
f 2095/4005/2116 2137/4065/2142 2108/4019/2126
f 2086/3991/2111 2144/4074/2162 2100/4011/2120
f 2068/3959/2092 2145/4075/2163 2101/4012/2121
f 2062/3942/2083 2124/4044/2143 2086/3991/2111
f 2131/4054/2150 2130/4066/2149 2139/4069/2158
f 2104/4015/2123 2146/4076/2164 2070/3961/2094
f 2071/3908/2065 2070/3961/2094 2140/4070/2159
f 2105/4016/1950 2092/4077/2114 2106/4017/2124
f 2147/4078/2060 2148/4079/2165 2055/4080/2028
f 2051/3923/1904 2126/4047/2145 2193/3924/2073
f 2056/4081/2075 2149/4082/2166 1994/4083/2030
f 1931/3739/1957 2135/4063/2154 1926/3691/1954
f 2127/4049/2013 2128/4051/2147 2120/4037/2138
f 2150/4084/2050 2151/4085/2167 2059/4050/2080
f 2150/4084/2050 2152/4086/2027 2151/4085/2167
f 2086/3991/2111 2124/4044/2143 2144/4074/2162
f 2130/4053/2149 2129/4052/2148 2183/4087/2168
f 2153/4088/2169 2137/4043/2142 2123/4042/2141
f 2050/3921/2072 2154/4089/2156 2060/3940/2081
f 2068/3959/2092 2116/4031/2134 2145/4075/2163
f 2130/4053/2149 2183/4087/2168 2139/4090/2158
f 2123/4042/2141 2138/4068/2157 2153/4088/2169
f 2042/3912/2067 2155/4091/2170 2154/4067/2156
f 2146/4076/2164 2140/4070/2159 2070/3961/2094
f 1926/3691/1954 2201/4092/2171 2018/3876/2049
f 2005/3852/2040 2156/4093/2172 2006/3853/2041
f 2100/4011/2120 2144/4074/2162 2155/4091/2170
f 2100/4011/2120 2155/4091/2170 2042/3912/2067
f 2060/3940/2081 2154/4089/2156 2111/4024/2129
f 2153/4094/2169 2157/4095/2173 2137/4065/2142
f 2137/4065/2142 2157/4095/2173 2108/4019/2126
f 2113/4026/2131 2158/4096/2174 2087/3993/2112
f 2125/4045/2144 2159/4097/2175 2069/3960/2093
f 2081/3995/2104 2139/4069/2158 2089/3996/2113
f 1870/3581/1894 2091/3850/2038 2167/3895/2059
f 2046/4098/2044 2224/4099/2176 2141/4100/2160
f 2046/4002/2044 2193/3924/2073 2224/4101/2176
f 2052/3981/1964 2217/4102/2177 2215/3982/2106
f 1884/4103/1908 1956/4104/1987 2179/4105/2178
f 2134/4060/2153 2143/4073/2161 2073/4061/2096
f 2005/3852/2040 2122/4041/2140 2156/4093/2172
f 2108/4019/2126 2160/4106/2179 2113/4026/2131
f 2157/4095/2173 2160/4106/2179 2108/4019/2126
f 2049/3920/2071 2161/4107/2180 2061/3941/2082
f 2125/4045/2144 2061/3941/2082 2161/4107/2180
f 2076/3969/2099 2162/4108/2181 2019/3878/2051
f 2019/3878/2051 2162/4108/2181 2049/3920/2071
f 2089/3996/2113 2163/4109/2182 2091/3998/2038
f 1978/3837/2012 2142/3817/2025 2121/4039/2139
f 1926/3691/1954 2135/4063/2154 2201/4092/2171
f 2145/4075/2163 2114/4027/2132 2101/4012/2121
f 2049/3920/2071 2162/4108/2181 2161/4107/2180
f 2106/4017/2124 2092/4077/2114 2132/4055/2151
f 2139/4069/2158 2164/4110/2183 2089/3996/2113
f 2165/4111/2184 2166/4112/1976 2167/4113/2059
f 2052/4114/1964 2054/3986/2074 2217/4115/2177
f 1884/4103/1908 2179/4105/2178 2198/4116/2029
f 2082/3987/2107 2168/4117/2185 2119/4035/2137
f 2083/4059/2108 2171/4118/2186 2134/4060/2153
f 2006/3853/2041 2169/4119/2187 2104/4015/2123
f 2145/4075/2163 2116/4031/2134 2170/4120/2188
f 2183/4121/2168 2164/4110/2183 2139/4069/2158
f 2166/4112/1976 2151/4085/2167 2152/4086/2027
f 2164/4110/2183 2163/4109/2182 2089/3996/2113
f 2083/4122/2108 2098/4123/2118 2171/4124/2186
f 2156/4093/2172 2169/4119/2187 2006/3853/2041
f 2087/3993/2112 2172/4125/2189 2181/3968/2098
f 2155/4091/2170 2144/4074/2162 2124/4044/2143
f 2153/4088/2169 2138/4068/2157 2157/4126/2173
f 2111/4024/2129 2154/4089/2156 2076/3969/2099
f 2069/3960/2093 2159/4097/2175 2109/4021/2127
f 2041/4127/2066 2173/4128/2190 1981/4129/2018
f 2186/3899/1998 2178/4130/2191 2147/3900/2060
f 2149/4082/2166 2174/4131/2087 1994/4083/2030
f 2195/3953/2088 2175/4132/2192 2122/4041/2140
f 2129/4133/2148 2109/4021/2127 2159/4097/2175
f 2104/4015/2123 2169/4119/2187 2146/4076/2164
f 2094/3935/2077 2176/4134/2193 2116/4031/2134
f 2091/3998/2038 2177/4135/2194 2167/4113/2059
f 1936/3707/1962 2107/4018/2125 2186/3773/1998
f 2147/4078/2060 2178/4136/2191 2148/4079/2165
f 2133/4058/2152 2179/4137/2178 1956/4056/1987
f 2180/4138/2146 2126/4139/2145 1968/4140/2001
f 2093/4062/2115 2210/4141/2195 2135/4063/2154
f 2181/3968/2098 2172/4125/2189 2176/4142/2193
f 2181/4143/2098 2176/4134/2193 2094/3935/2077
f 2129/4133/2148 2159/4097/2175 2182/4144/2196
f 2129/4145/2148 2182/4146/2196 2196/4147/2197
f 2129/4145/2148 2196/4147/2197 2183/4148/2168
f 2176/4134/2193 2170/4120/2188 2116/4031/2134
f 2145/4075/2163 2170/4120/2188 2114/4027/2132
f 2114/4027/2132 2184/4149/2198 2124/4044/2143
f 2076/3969/2099 2154/4089/2156 2162/4108/2181
f 2183/4148/2168 2196/4147/2197 2164/4150/2183
f 2138/4068/2157 2132/4055/2151 2185/4151/2199
f 2091/3998/2038 2163/4109/2182 2177/4135/2194
f 2186/4152/1998 2187/4153/2200 2178/4154/2191
f 2018/4155/2049 2188/4156/2201 2098/4123/2118
f 2018/4155/2049 2189/4157/2202 2188/4156/2201
f 2087/3993/2112 2158/4096/2174 2172/4125/2189
f 2164/4110/2183 2220/4158/2203 2163/4109/2182
f 2032/4159/1971 2190/4160/2204 2191/4161/2105
f 2126/4139/2145 2192/4162/2205 2193/4163/2073
f 2082/3987/2107 2072/3963/2095 2194/4164/2206
f 2142/4072/2025 2143/4073/2161 2121/4165/2139
f 2195/4166/2088 2121/4165/2139 2175/4167/2192
f 2113/4026/2131 2160/4106/2179 2158/4096/2174
f 2176/4134/2193 2172/4168/2189 2170/4120/2188
f 2138/4068/2157 2185/4151/2199 2157/4126/2173
f 2161/4107/2180 2162/4108/2181 2125/4045/2144
f 2196/4169/2197 2220/4158/2203 2164/4110/2183
f 2114/4027/2132 2170/4120/2188 2184/4149/2198
f 2155/4091/2170 2197/4170/2207 2154/4067/2156
f 2092/4077/2114 2254/4171/2208 2132/4055/2151
f 2132/4055/2151 2254/4171/2208 2185/4151/2199
f 2167/4113/2059 2177/4135/2194 2165/4111/2184
f 2041/4127/2066 2077/4172/2100 2173/4128/2190
f 2198/4173/2029 2199/4174/2209 2180/4138/2146
f 2082/3987/2107 2194/4164/2206 2168/4117/2185
f 2134/4060/2153 2200/4175/2210 2143/4073/2161
f 2119/4035/2137 2168/4117/2185 2136/4064/2155
f 2201/4176/2171 2189/4157/2202 2018/4155/2049
f 2059/4050/2080 2202/4177/2211 2128/4051/2147
f 2160/4106/2179 2157/4095/2173 2203/4178/2212
f 2185/4151/2199 2203/4179/2212 2157/4126/2173
f 2125/4045/2144 2162/4108/2181 2204/4180/2213
f 2125/4045/2144 2204/4180/2213 2159/4097/2175
f 2186/4152/1998 2107/4181/2125 2187/4153/2200
f 1937/3759/1963 2191/3980/2105 2205/3949/2086
f 2205/4182/2086 2191/4161/2105 2206/4183/2214
f 2205/4182/2086 2206/4183/2214 2133/4184/2152
f 2171/4124/2186 2098/4123/2118 2207/4185/2215
f 2160/4106/2179 2203/4178/2212 2158/4096/2174
f 2182/4146/2196 2208/4186/2216 2196/4147/2197
f 2159/4097/2175 2208/4187/2216 2182/4144/2196
f 2158/4096/2174 2184/4188/2198 2172/4125/2189
f 2172/4168/2189 2184/4149/2198 2170/4120/2188
f 2155/4091/2170 2124/4044/2143 2197/4170/2207
f 2166/4112/1976 2165/4111/2184 2151/4085/2167
f 2179/4189/2178 2199/4174/2209 2198/4173/2029
f 2143/4073/2161 2200/4175/2210 2209/4190/2217
f 2134/4060/2153 2171/4118/2186 2200/4175/2210
f 2093/4003/2115 2099/4010/2119 2210/4191/2195
f 2122/4041/2140 2175/4132/2192 2211/4192/2218
f 1981/4193/2018 2212/4194/2219 1945/4195/1977
f 2213/4196/2102 2190/4160/2204 2032/4159/1971
f 2171/4118/2186 2207/4197/2215 2200/4175/2210
f 2059/4050/2080 2151/4085/2167 2214/4198/2220
f 2124/4044/2143 2184/4149/2198 2197/4170/2207
f 2154/4089/2156 2197/4199/2207 2162/4108/2181
f 2162/4108/2181 2197/4199/2207 2204/4180/2213
f 2159/4097/2175 2204/4180/2213 2208/4187/2216
f 2254/4171/2208 2203/4179/2212 2185/4151/2199
f 2140/4070/2159 2357/4200/2221 2118/4034/2136
f 1981/4129/2018 2173/4128/2190 2212/4201/2219
f 2215/4202/2106 2216/4203/2222 2077/4172/2100
f 2215/4202/2106 2217/4204/2177 2216/4203/2222
f 2122/4041/2140 2218/4205/2223 2156/4093/2172
f 2203/4178/2212 2219/4206/2224 2158/4096/2174
f 2220/4207/2203 2196/4147/2197 2208/4186/2216
f 2220/4158/2203 2208/4208/2216 2163/4109/2182
f 2165/4111/2184 2221/4209/2225 2151/4085/2167
f 2146/4076/2164 2222/4210/2226 2140/4070/2159
f 1945/4195/1977 2212/4194/2219 2107/4181/2125
f 2223/4211/2048 2141/4100/2160 2064/4212/2085
f 2077/4172/2100 2216/4203/2222 2173/4128/2190
f 2193/4163/2073 2192/4162/2205 2224/4213/2176
f 2055/4080/2028 2148/4079/2165 2056/4081/2075
f 2056/4081/2075 2148/4079/2165 2149/4082/2166
f 2135/4063/2154 2210/4141/2195 2225/4214/2227
f 2168/4117/2185 2226/4215/2228 2136/4064/2155
f 2122/4041/2140 2211/4192/2218 2218/4205/2223
f 2059/4050/2080 2214/4198/2220 2202/4177/2211
f 2200/4175/2210 2207/4197/2215 2227/4216/2229
f 2128/4051/2147 2228/4217/2230 2120/4037/2138
f 2128/4051/2147 2202/4177/2211 2228/4217/2230
f 2190/4160/2204 2229/4218/2231 2230/4219/2232
f 2229/4220/2231 2213/4221/2102 2231/4222/2233
f 2212/4194/2219 2233/4223/2234 2232/4224/2235
f 2212/4201/2219 2173/4128/2190 2233/4225/2234
f 2229/4218/2231 2190/4160/2204 2213/4196/2102
f 2064/4212/2085 2231/4222/2233 2213/4221/2102
f 2232/4224/2235 2234/4226/2236 2187/4153/2200
f 2212/4194/2219 2232/4224/2235 2107/4181/2125
f 2173/4128/2190 2216/4203/2222 2235/4227/2237
f 2064/4212/2085 2141/4100/2160 2231/4222/2233
f 2107/4181/2125 2232/4224/2235 2187/4153/2200
f 2231/4222/2233 2141/4100/2160 2236/4228/2238
f 2235/4227/2237 2216/4203/2222 2237/4229/2239
f 2190/4160/2204 2206/4183/2214 2191/4161/2105
f 2190/4160/2204 2230/4219/2232 2206/4183/2214
f 2293/4230/2240 2206/4183/2214 2230/4219/2232
f 2234/4226/2236 2239/4231/2241 2187/4153/2200
f 2141/4100/2160 2238/4232/2242 2236/4228/2238
f 2239/4231/2241 2178/4154/2191 2187/4153/2200
f 2293/4230/2240 2133/4184/2152 2206/4183/2214
f 2239/4233/2241 2148/4079/2165 2178/4136/2191
f 2239/4233/2241 2240/4234/2243 2148/4079/2165
f 2141/4100/2160 2224/4099/2176 2238/4232/2242
f 2293/4230/2240 2243/4235/2244 2133/4184/2152
f 2217/4204/2177 2241/4236/2245 2216/4203/2222
f 2216/4203/2222 2241/4236/2245 2237/4229/2239
f 2224/4099/2176 2242/4237/2246 2238/4232/2242
f 2133/4184/2152 2243/4235/2244 2179/4238/2178
f 2224/4213/2176 2192/4162/2205 2242/4239/2246
f 2217/4115/2177 2054/3986/2074 2241/4240/2245
f 2148/4079/2165 2240/4234/2243 2149/4082/2166
f 2054/3986/2074 2248/4241/2247 2241/4240/2245
f 2179/4189/2178 2243/4242/2244 2244/4243/2248
f 2126/4139/2145 2180/4138/2146 2192/4162/2205
f 2242/4239/2246 2192/4162/2205 2245/4244/2249
f 2180/4138/2146 2245/4244/2249 2192/4162/2205
f 2174/3985/2087 2248/4241/2247 2054/3986/2074
f 2244/4243/2248 2246/4245/2250 2179/4189/2178
f 2179/4189/2178 2246/4245/2250 2199/4174/2209
f 2199/4174/2209 2245/4244/2249 2180/4138/2146
f 2240/4234/2243 2247/4246/2251 2149/4082/2166
f 2149/4082/2166 2248/4247/2247 2174/4131/2087
f 2199/4174/2209 2246/4245/2250 2245/4244/2249
f 2149/4082/2166 2247/4246/2251 2248/4247/2247
f 2136/4064/2155 2249/4248/2252 2080/3977/2103
f 2169/4119/2187 2222/4210/2226 2146/4076/2164
f 2203/4179/2212 2254/4171/2208 2219/4249/2224
f 2235/4227/2237 2233/4225/2234 2173/4128/2190
f 2239/4233/2241 2250/4250/2253 2240/4234/2243
f 2226/4215/2228 2251/4251/2254 2136/4064/2155
f 2156/4093/2172 2218/4205/2223 2169/4119/2187
f 2204/4180/2213 2252/4252/2255 2208/4187/2216
f 2163/4109/2182 2208/4208/2216 2252/4253/2255
f 2242/4239/2246 2245/4244/2249 2290/4254/2256
f 2201/4092/2171 2135/4063/2154 2225/4214/2227
f 2098/4123/2118 2227/4255/2229 2207/4185/2215
f 2188/4156/2201 2227/4255/2229 2098/4123/2118
f 2211/4192/2218 2253/4256/2257 2218/4205/2223
f 2158/4096/2174 2219/4206/2224 2184/4188/2198
f 2283/4257/2258 2254/4258/2208 2092/3999/2114
f 2233/4223/2234 2300/4259/2259 2232/4224/2235
f 2235/4227/2237 2237/4229/2239 2255/4260/2260
f 2236/4228/2238 2238/4232/2242 2256/4261/2261
f 2237/4229/2239 2241/4236/2245 2366/4262/2262
f 2200/4175/2210 2257/4263/2263 2258/4264/2264
f 2200/4175/2210 2227/4216/2229 2257/4263/2263
f 2210/4141/2195 2259/4265/2265 2225/4214/2227
f 2136/4064/2155 2251/4251/2254 2260/4266/2266
f 2120/4037/2138 2228/4217/2230 2261/4267/2267
f 2221/4209/2225 2327/4268/2268 2151/4085/2167
f 2197/4170/2207 2184/4149/2198 2262/4269/2269
f 2230/4219/2232 2285/4270/2270 2293/4230/2240
f 2120/4271/2138 2261/4272/2267 2072/3963/2095
f 2151/4085/2167 2327/4268/2268 2214/4198/2220
f 2252/4253/2255 2177/4135/2194 2163/4109/2182
f 2118/4034/2136 2357/4200/2221 2283/4257/2258
f 2231/4222/2233 2263/4273/2271 2229/4220/2231
f 2293/4274/2240 2267/4275/2272 2243/4276/2244
f 2239/4233/2241 2620/4277/2273 2250/4250/2253
f 2143/4073/2161 2209/4190/2217 2121/4165/2139
f 2200/4175/2210 2258/4264/2264 2209/4190/2217
f 2225/4214/2227 2259/4265/2265 2264/4278/2274
f 2080/3977/2103 2249/4248/2252 2099/4010/2119
f 2136/4064/2155 2260/4266/2266 2249/4248/2252
f 2211/4192/2218 2265/4279/2275 2253/4256/2257
f 2283/4257/2258 2092/3999/2114 2118/4034/2136
f 2232/4224/2235 2266/4280/2276 2234/4226/2236
f 2232/4224/2235 2300/4259/2259 2266/4280/2276
f 2230/4219/2232 2229/4218/2231 2285/4270/2270
f 2238/4232/2242 2242/4237/2246 2256/4261/2261
f 2241/4236/2245 2343/4281/2277 2366/4262/2262
f 2250/4250/2253 2339/4282/2278 2240/4234/2243
f 2243/4242/2244 2267/4283/2272 2244/4243/2248
f 2247/4246/2251 2268/4284/2279 2248/4247/2247
f 2227/4216/2229 2269/4285/2280 2257/4263/2263
f 2201/4092/2171 2281/4286/2281 2189/4287/2202
f 2140/4070/2159 2222/4210/2226 2357/4200/2221
f 2229/4220/2231 2263/4273/2271 2360/4288/2282
f 2235/4227/2237 2314/4289/2283 2233/4225/2234
f 2293/4274/2240 2270/4290/2284 2267/4275/2272
f 2620/4277/2273 2470/4291/2285 2250/4250/2253
f 2244/4243/2248 2329/4292/2286 2246/4245/2250
f 2201/4092/2171 2225/4214/2227 2281/4286/2281
f 2271/4293/2287 2259/4294/2265 2210/4191/2195
f 2226/4215/2228 2272/4295/2288 2251/4251/2254
f 2249/4248/2252 2273/4296/2289 2099/4010/2119
f 2251/4251/2254 2272/4295/2288 2260/4266/2266
f 2175/4167/2192 2274/4297/2290 2211/4298/2218
f 2239/4299/2241 2275/4300/2291 2620/4301/2273
f 2240/4234/2243 2276/4302/2292 2247/4246/2251
f 2099/4010/2119 2271/4293/2287 2210/4191/2195
f 2261/4272/2267 2326/4303/2293 2072/3963/2095
f 2253/4256/2257 2277/4304/2294 2218/4205/2223
f 2240/4234/2243 2339/4282/2278 2276/4302/2292
f 2246/4245/2250 2278/4305/2295 2245/4244/2249
f 2168/4117/2185 2279/4306/2296 2226/4215/2228
f 2269/4285/2280 2280/4307/2297 2257/4263/2263
f 2189/4157/2202 2281/4308/2281 2307/4309/2298
f 2169/4119/2187 2282/4310/2299 2222/4210/2226
f 2197/4199/2207 2303/4311/2300 2204/4180/2213
f 2254/4171/2208 2283/4312/2258 2219/4249/2224
f 2235/4227/2237 2255/4260/2260 2314/4289/2283
f 2237/4229/2239 2366/4262/2262 2255/4260/2260
f 2267/4283/2272 2330/4313/2301 2244/4243/2248
f 2241/4314/2245 2248/4247/2247 2333/4315/2302
f 2278/4305/2295 2415/4316/2303 2245/4244/2249
f 2258/4264/2264 2257/4263/2263 2280/4307/2297
f 2226/4215/2228 2279/4306/2296 2272/4295/2288
f 2225/4214/2227 2264/4278/2274 2281/4286/2281
f 2227/4255/2229 2188/4156/2201 2269/4317/2280
f 2277/4304/2294 2282/4310/2299 2218/4205/2223
f 2218/4205/2223 2282/4310/2299 2169/4119/2187
f 2327/4268/2268 2221/4209/2225 2284/4318/2304
f 2262/4269/2269 2303/4319/2300 2197/4170/2207
f 2229/4220/2231 2360/4288/2282 2285/4320/2270
f 2239/4231/2241 2234/4226/2236 2286/4321/2305
f 2286/4322/2305 2275/4300/2291 2239/4299/2241
f 2209/4190/2217 2258/4264/2264 2287/4323/2306
f 2072/3963/2095 2326/4303/2293 2194/4164/2206
f 2264/4278/2274 2288/4324/2307 2289/4325/2308
f 2259/4265/2265 2288/4324/2307 2264/4278/2274
f 2099/4010/2119 2273/4296/2289 2271/4293/2287
f 2189/4157/2202 2307/4309/2298 2188/4156/2201
f 2121/4165/2139 2274/4297/2290 2175/4167/2192
f 2204/4180/2213 2303/4311/2300 2305/4326/2309
f 2204/4180/2213 2305/4326/2309 2252/4252/2255
f 2236/4228/2238 2263/4273/2271 2231/4222/2233
f 2242/4237/2246 2290/4327/2256 2385/4328/2310
f 2245/4244/2249 2415/4316/2303 2290/4254/2256
f 2271/4293/2287 2291/4329/2311 2259/4294/2265
f 2280/4307/2297 2269/4285/2280 2292/4330/2312
f 2188/4156/2201 2292/4331/2312 2269/4317/2280
f 2177/4135/2194 2346/4332/2313 2165/4111/2184
f 2293/4333/2240 2285/4320/2270 2270/4334/2284
f 2250/4250/2253 2470/4291/2285 2339/4282/2278
f 2258/4264/2264 2294/4335/2314 2287/4323/2306
f 2168/4117/2185 2194/4164/2206 2279/4306/2296
f 2281/4286/2281 2264/4278/2274 2301/4336/2315
f 2260/4266/2266 2337/4337/2316 2249/4248/2252
f 2214/4198/2220 2324/4338/2317 2202/4177/2211
f 2266/4280/2276 2286/4321/2305 2234/4226/2236
f 2241/4314/2245 2333/4315/2302 2343/4339/2277
f 2246/4245/2250 2329/4292/2286 2278/4305/2295
f 2259/4294/2265 2291/4329/2311 2288/4340/2307
f 2188/4156/2201 2307/4309/2298 2292/4331/2312
f 2261/4267/2267 2228/4217/2230 2324/4338/2317
f 2202/4177/2211 2324/4338/2317 2228/4217/2230
f 2268/4284/2279 2333/4315/2302 2248/4247/2247
f 2273/4296/2289 2295/4341/2318 2271/4293/2287
f 2271/4293/2287 2295/4341/2318 2291/4329/2311
f 2260/4266/2266 2272/4295/2288 2337/4337/2316
f 2214/4198/2220 2341/4342/2319 2324/4338/2317
f 2282/4310/2299 2313/4343/2320 2222/4210/2226
f 2263/4273/2271 2236/4228/2238 2296/4344/2321
f 2329/4292/2286 2244/4243/2248 2330/4313/2301
f 2264/4278/2274 2289/4325/2308 2301/4336/2315
f 2236/4228/2238 2256/4261/2261 2296/4344/2321
f 2242/4237/2246 2385/4328/2310 2297/4345/2322
f 2121/4165/2139 2209/4190/2217 2369/4346/2323
f 2280/4307/2297 2355/4347/2324 2258/4264/2264
f 2121/4165/2139 2369/4346/2323 2274/4297/2290
f 2249/4248/2252 2322/4348/2325 2273/4296/2289
f 2274/4297/2290 2265/4349/2275 2211/4298/2218
f 2265/4279/2275 2298/4350/2326 2253/4256/2257
f 2311/4351/2327 2184/4188/2198 2219/4206/2224
f 2221/4209/2225 2165/4111/2184 2284/4318/2304
f 2233/4352/2234 2299/4353/2328 2300/4354/2259
f 2247/4246/2251 2276/4302/2292 2268/4284/2279
f 2281/4355/2281 2301/4356/2315 2302/4357/2329
f 2303/4358/2300 2304/4359/2330 2305/4360/2309
f 2283/4312/2258 2405/4361/2331 2219/4249/2224
f 2242/4237/2246 2297/4345/2322 2256/4261/2261
f 2355/4347/2324 2294/4335/2314 2258/4264/2264
f 2288/4324/2307 2401/4362/2332 2289/4325/2308
f 2288/4324/2307 2306/4363/2333 2401/4362/2332
f 2291/4329/2311 2306/4364/2333 2288/4340/2307
f 2291/4329/2311 2353/4365/2334 2306/4364/2333
f 2295/4341/2318 2273/4296/2289 2321/4366/2335
f 2281/4355/2281 2302/4357/2329 2307/4367/2298
f 2280/4307/2297 2292/4330/2312 2308/4368/2336
f 2292/4331/2312 2307/4309/2298 2308/4369/2336
f 2253/4256/2257 2298/4350/2326 2309/4370/2337
f 2253/4256/2257 2310/4371/2338 2277/4304/2294
f 2184/4149/2198 2311/4372/2327 2335/4373/2339
f 2184/4149/2198 2335/4373/2339 2262/4269/2269
f 2219/4249/2224 2405/4361/2331 2311/4374/2327
f 2358/4375/2340 2405/4376/2331 2283/4377/2258
f 2194/4164/2206 2352/4378/2341 2279/4306/2296
f 2295/4341/2318 2353/4365/2334 2291/4329/2311
f 2265/4349/2275 2274/4297/2290 2298/4379/2326
f 2214/4198/2220 2327/4268/2268 2341/4342/2319
f 2262/4269/2269 2335/4373/2339 2303/4319/2300
f 2282/4380/2299 2312/4381/2342 2313/4382/2320
f 2357/4200/2221 2358/4383/2340 2283/4257/2258
f 2233/4352/2234 2314/4384/2283 2299/4353/2328
f 2270/4290/2284 2383/4385/2343 2267/4275/2272
f 2289/4325/2308 2315/4386/2344 2301/4336/2315
f 2301/4356/2315 2315/4387/2344 2302/4357/2329
f 2353/4365/2334 2295/4341/2318 2316/4388/2345
f 2249/4248/2252 2337/4337/2316 2322/4348/2325
f 2279/4306/2296 2338/4389/2346 2272/4295/2288
f 2272/4295/2288 2338/4389/2346 2337/4337/2316
f 2285/4320/2270 2317/4390/2347 2270/4334/2284
f 2289/4325/2308 2401/4362/2332 2315/4386/2344
f 2315/4387/2344 2318/4391/2348 2302/4357/2329
f 2321/4366/2335 2316/4388/2345 2295/4341/2318
f 2280/4307/2297 2308/4368/2336 2355/4347/2324
f 2261/4267/2267 2324/4338/2317 2326/4392/2293
f 2277/4304/2294 2310/4371/2338 2282/4310/2299
f 2305/4393/2309 2319/4394/2349 2252/4253/2255
f 2346/4395/2313 2320/4396/2350 2165/4397/2184
f 2363/4398/2351 2307/4367/2298 2302/4357/2329
f 2321/4366/2335 2273/4296/2289 2322/4348/2325
f 2321/4399/2335 2322/4400/2325 2323/4401/2352
f 2334/4402/2353 2308/4369/2336 2307/4309/2298
f 2324/4403/2317 2325/4404/2354 2326/4405/2293
f 2327/4406/2268 2284/4407/2304 2328/4408/2355
f 2319/4394/2349 2177/4135/2194 2252/4253/2255
f 2329/4409/2286 2330/4410/2301 2331/4411/2356
f 2268/4412/2279 2332/4413/2357 2333/4414/2302
f 2287/4323/2306 2369/4346/2323 2209/4190/2217
f 2355/4347/2324 2308/4368/2336 2334/4415/2353
f 2363/4398/2351 2334/4416/2353 2307/4367/2298
f 2253/4256/2257 2309/4370/2337 2310/4371/2338
f 2303/4358/2300 2335/4417/2339 2304/4359/2330
f 2336/4418/2358 2263/4419/2271 2296/4420/2321
f 2279/4421/2296 2352/4422/2341 2349/4423/2359
f 2337/4424/2316 2338/4425/2346 2322/4400/2325
f 2360/4288/2282 2317/4390/2347 2285/4320/2270
f 2339/4426/2278 2340/4427/2360 2276/4428/2292
f 2302/4357/2329 2318/4391/2348 2363/4398/2351
f 2328/4408/2355 2341/4429/2319 2327/4406/2268
f 2222/4210/2226 2342/4430/2361 2357/4200/2221
f 2333/4414/2302 2741/4431/2362 2343/4432/2277
f 2310/4433/2338 2309/4434/2337 2344/4435/2363
f 2310/4433/2338 2345/4436/2364 2282/4380/2299
f 2282/4380/2299 2345/4436/2364 2312/4381/2342
f 2177/4437/2194 2319/4438/2349 2346/4439/2313
f 2165/4397/2184 2320/4396/2350 2284/4407/2304
f 2270/4440/2284 2347/4441/2365 2383/4442/2343
f 2329/4292/2286 2348/4443/2366 2278/4305/2295
f 2315/4386/2344 2401/4362/2332 2361/4444/2367
f 2321/4399/2335 2323/4401/2352 2316/4445/2345
f 2279/4306/2296 2349/4446/2359 2338/4389/2346
f 2349/4447/2359 2322/4400/2325 2338/4425/2346
f 2310/4433/2338 2344/4435/2363 2345/4436/2364
f 2335/4448/2339 2350/4449/2368 2304/4450/2330
f 2305/4360/2309 2438/4451/2369 2319/4452/2349
f 2270/4440/2284 2317/4453/2347 2347/4441/2365
f 2401/4362/2332 2306/4363/2333 2400/4454/2370
f 2287/4323/2306 2294/4335/2314 2351/4455/2371
f 2194/4164/2206 2326/4303/2293 2352/4378/2341
f 2287/4323/2306 2351/4455/2371 2369/4346/2323
f 2352/4456/2341 2423/4457/2372 2349/4458/2359
f 2353/4459/2334 2316/4460/2345 2354/4461/2373
f 2349/4447/2359 2323/4401/2352 2322/4400/2325
f 2355/4462/2324 2334/4463/2353 2356/4464/2374
f 2222/4210/2226 2313/4343/2320 2342/4430/2361
f 2357/4465/2221 2342/4466/2361 2358/4467/2340
f 2353/4365/2334 2388/4468/2375 2306/4364/2333
f 2323/4401/2352 2359/4469/2376 2316/4445/2345
f 2405/4470/2331 2404/4471/2377 2311/4472/2327
f 2360/4473/2282 2263/4419/2271 2336/4418/2358
f 2329/4409/2286 2331/4411/2356 2348/4474/2366
f 2315/4475/2344 2361/4476/2367 2362/4477/2378
f 2363/4478/2351 2318/4479/2348 2364/4480/2379
f 2334/4463/2353 2363/4478/2351 2356/4464/2374
f 2341/4429/2319 2328/4408/2355 2365/4481/2380
f 2366/4482/2262 2716/4483/2381 2255/4484/2260
f 2276/4428/2292 2367/4485/2382 2268/4412/2279
f 2315/4475/2344 2362/4477/2378 2318/4486/2348
f 2355/4462/2324 2368/4487/2383 2294/4488/2314
f 2355/4462/2324 2356/4464/2374 2368/4487/2383
f 2323/4401/2352 2481/4489/2384 2359/4469/2376
f 2369/4490/2323 2370/4491/2385 2274/4492/2290
f 2274/4492/2290 2370/4491/2385 2298/4493/2326
f 2341/4429/2319 2325/4404/2354 2324/4403/2317
f 2394/4494/2386 2371/4495/2387 2372/4496/2388
f 2373/4497/2389 2380/4498/2390 2407/4499/2391
f 2407/4500/2391 2381/4501/2392 2374/4502/2393
f 2394/4503/2386 2375/4504/2394 2376/4505/2395
f 2394/4503/2386 2376/4505/2395 2371/4506/2387
f 2371/4506/2387 2376/4505/2395 2378/4507/2396
f 2371/4508/2387 2378/4509/2396 2377/4510/2397
f 2377/4511/2397 2378/4512/2396 2379/4513/2398
f 2380/4514/2390 2381/4515/2392 2407/4516/2391
f 2381/4501/2392 2382/4517/2399 2374/4502/2393
f 2380/4514/2390 2412/4518/2400 2381/4515/2392
f 2383/4519/2343 2384/4520/2401 2267/4521/2272
f 2385/4522/2310 2290/4523/2256 2386/4524/2402
f 2306/4525/2333 2387/4526/2403 2400/4527/2370
f 2387/4526/2403 2306/4525/2333 2388/4528/2375
f 2388/4528/2375 2353/4459/2334 2354/4461/2373
f 2351/4529/2371 2389/4530/2404 2369/4490/2323
f 2352/4456/2341 2326/4405/2293 2423/4457/2372
f 2349/4447/2359 2481/4489/2384 2323/4401/2352
f 2298/4493/2326 2370/4491/2385 2390/4531/2405
f 2341/4429/2319 2365/4481/2380 2325/4404/2354
f 2311/4472/2327 2404/4471/2377 2335/4448/2339
f 2335/4448/2339 2404/4471/2377 2350/4449/2368
f 2305/4360/2309 2304/4359/2330 2438/4451/2369
f 2313/4382/2320 2312/4381/2342 2342/4466/2361
f 2374/4502/2393 2391/4532/2406 2407/4500/2391
f 2374/4502/2393 2392/4533/2407 2391/4532/2406
f 2371/4508/2387 2377/4510/2397 2372/4534/2388
f 2393/4535/2408 2395/4536/2409 2394/4537/2386
f 2395/4538/2409 2375/4504/2394 2394/4503/2386
f 2377/4511/2397 2379/4513/2398 2409/4539/2410
f 2373/4497/2389 2396/4540/2411 2380/4498/2390
f 2445/4541/2412 2375/4504/2394 2395/4538/2409
f 2375/4504/2394 2445/4541/2412 2376/4505/2395
f 2376/4542/2395 2445/4543/2412 2397/4544/2413
f 2378/4507/2396 2376/4505/2395 2397/4545/2413
f 2378/4512/2396 2398/4546/2414 2379/4513/2398
f 2381/4501/2392 2412/4547/2400 2399/4548/2415
f 2384/4520/2401 2330/4410/2301 2267/4521/2272
f 2400/4549/2370 2361/4476/2367 2401/4550/2332
f 2351/4529/2371 2294/4551/2314 2402/4552/2416
f 2326/4405/2293 2325/4404/2354 2403/4553/2417
f 2449/4554/2418 2404/4555/2377 2405/4556/2331
f 2406/4557/2419 2373/4497/2389 2407/4499/2391
f 2406/4558/2419 2407/4559/2391 2391/4560/2406
f 2408/4561/2420 2393/4562/2408 2394/4494/2386
f 2372/4534/2388 2377/4510/2397 2409/4563/2410
f 2379/4513/2398 2410/4564/2421 2409/4539/2410
f 2374/4502/2393 2382/4517/2399 2411/4565/2422
f 2412/4566/2400 2380/4498/2390 2396/4540/2411
f 2381/4501/2392 2399/4548/2415 2382/4517/2399
f 2399/4548/2415 2413/4567/2423 2382/4517/2399
f 2398/4568/2414 2378/4569/2396 2397/4570/2413
f 2414/4571/2424 2360/4473/2282 2336/4418/2358
f 2414/4571/2424 2317/4453/2347 2360/4473/2282
f 2290/4523/2256 2415/4572/2303 2386/4524/2402
f 2330/4410/2301 2384/4520/2401 2331/4411/2356
f 2356/4464/2374 2363/4478/2351 2364/4480/2379
f 2369/4490/2323 2389/4530/2404 2370/4491/2385
f 2298/4493/2326 2390/4531/2405 2309/4434/2337
f 2350/4573/2368 2553/4574/2425 2304/4359/2330
f 2304/4359/2330 2553/4574/2425 2416/4575/2426
f 2391/4560/2406 2417/4576/2427 2406/4558/2419
f 2374/4502/2393 2411/4565/2422 2392/4533/2407
f 2372/4496/2388 2408/4561/2420 2394/4494/2386
f 2393/4535/2408 2418/4577/2428 2395/4536/2409
f 2379/4513/2398 2398/4546/2414 2419/4578/2429
f 2420/4579/2430 2421/4580/2431 2412/4566/2400
f 2412/4581/2400 2421/4582/2431 2399/4583/2415
f 2445/4543/2412 2422/4584/2432 2397/4544/2413
f 2340/4427/2360 2367/4485/2382 2276/4428/2292
f 2332/4413/2357 2741/4431/2362 2333/4414/2302
f 2318/4486/2348 2362/4477/2378 2364/4585/2379
f 2354/4586/2373 2316/4445/2345 2359/4469/2376
f 2423/4587/2372 2481/4489/2384 2349/4447/2359
f 2356/4464/2374 2364/4480/2379 2368/4487/2383
f 2326/4405/2293 2403/4553/2417 2424/4588/2433
f 2304/4359/2330 2416/4575/2426 2438/4451/2369
f 2406/4557/2419 2425/4589/2434 2373/4497/2389
f 2392/4533/2407 2426/4590/2435 2391/4532/2406
f 2372/4534/2388 2439/4591/2436 2427/4592/2437
f 2409/4563/2410 2439/4591/2436 2372/4534/2388
f 2411/4565/2422 2382/4517/2399 2428/4593/2438
f 2429/4594/2439 2430/4595/2440 2431/4596/2441
f 2379/4513/2398 2419/4578/2429 2410/4564/2421
f 2373/4497/2389 2432/4597/2442 2396/4540/2411
f 2441/4598/2443 2434/4599/2444 2433/4600/2445
f 2433/4601/2445 2434/4602/2444 2430/4595/2440
f 2434/4602/2444 2431/4596/2441 2430/4595/2440
f 2435/4603/2446 2434/4599/2444 2441/4598/2443
f 2434/4602/2444 2446/4604/2447 2431/4596/2441
f 2422/4584/2432 2436/4605/2448 2397/4544/2413
f 2397/4570/2413 2436/4606/2448 2398/4568/2414
f 2268/4412/2279 2367/4485/2382 2332/4413/2357
f 2309/4434/2337 2437/4607/2449 2344/4435/2363
f 2319/4438/2349 2438/4608/2369 2506/4609/2450
f 2358/4610/2340 2449/4554/2418 2405/4556/2331
f 2319/4438/2349 2506/4609/2450 2346/4439/2313
f 2393/4535/2408 2408/4611/2420 2418/4577/2428
f 2409/4539/2410 2410/4564/2421 2439/4612/2436
f 2411/4565/2422 2428/4593/2438 2440/4613/2451
f 2441/4614/2443 2433/4601/2445 2464/4615/2452
f 2433/4601/2445 2442/4616/2453 2464/4615/2452
f 2429/4594/2439 2464/4615/2452 2430/4595/2440
f 2435/4603/2446 2441/4598/2443 2443/4617/2454
f 2395/4536/2409 2444/4618/2455 2445/4619/2412
f 2435/4603/2446 2446/4620/2447 2434/4599/2444
f 2420/4579/2430 2412/4566/2400 2396/4540/2411
f 2366/4482/2262 2343/4432/2277 2716/4483/2381
f 2447/4621/2456 2400/4527/2370 2387/4526/2403
f 2354/4586/2373 2359/4469/2376 2493/4622/2457
f 2389/4530/2404 2351/4529/2371 2402/4552/2416
f 2402/4623/2416 2294/4488/2314 2368/4487/2383
f 2437/4607/2449 2309/4434/2337 2390/4531/2405
f 2350/4449/2368 2404/4471/2377 2448/4624/2458
f 2344/4435/2363 2312/4381/2342 2345/4436/2364
f 2483/4625/2459 2404/4471/2377 2449/4626/2418
f 2320/4396/2350 2328/4408/2355 2284/4407/2304
f 2442/4616/2453 2433/4601/2445 2430/4595/2440
f 2442/4616/2453 2430/4595/2440 2464/4615/2452
f 2450/4627/2460 2395/4536/2409 2418/4577/2428
f 2451/4628/2461 2395/4536/2409 2450/4627/2460
f 2440/4613/2451 2428/4593/2438 2452/4629/2462
f 2429/4594/2439 2431/4596/2441 2453/4630/2463
f 2432/4597/2442 2454/4631/2464 2396/4540/2411
f 2453/4630/2463 2431/4596/2441 2455/4632/2465
f 2456/4633/2466 2420/4579/2430 2396/4540/2411
f 2444/4618/2455 2422/4634/2432 2445/4619/2412
f 2361/4476/2367 2400/4549/2370 2447/4635/2456
f 2387/4526/2403 2388/4528/2375 2457/4636/2467
f 2354/4461/2373 2457/4636/2467 2388/4528/2375
f 2645/4637/2468 2364/4585/2379 2362/4477/2378
f 2326/4405/2293 2424/4588/2433 2423/4457/2372
f 2403/4553/2417 2325/4404/2354 2365/4481/2380
f 2342/4466/2361 2312/4381/2342 2458/4638/2469
f 2320/4396/2350 2459/4639/2470 2328/4408/2355
f 2406/4557/2419 2460/4640/2471 2425/4589/2434
f 2392/4533/2407 2411/4565/2422 2426/4590/2435
f 2427/4641/2437 2408/4561/2420 2372/4496/2388
f 2461/4642/2472 2443/4617/2454 2462/4643/2473
f 2462/4643/2473 2443/4617/2454 2463/4644/2474
f 2462/4643/2473 2463/4644/2474 2475/4645/2475
f 2475/4645/2475 2463/4644/2474 2464/4646/2452
f 2464/4615/2452 2429/4594/2439 2465/4647/2476
f 2465/4647/2476 2466/4648/2477 2467/4649/2478
f 2463/4644/2474 2441/4598/2443 2464/4646/2452
f 2440/4650/2451 2452/4651/2462 2461/4642/2472
f 2465/4647/2476 2429/4594/2439 2466/4648/2477
f 2467/4649/2478 2451/4652/2461 2450/4653/2460
f 2429/4594/2439 2453/4630/2463 2466/4648/2477
f 2466/4648/2477 2451/4652/2461 2467/4649/2478
f 2463/4644/2474 2443/4617/2454 2441/4598/2443
f 2435/4603/2446 2443/4617/2454 2548/4654/2479
f 2454/4631/2464 2456/4633/2466 2396/4540/2411
f 2451/4628/2461 2444/4618/2455 2395/4536/2409
f 2382/4517/2399 2413/4567/2423 2428/4593/2438
f 2398/4546/2414 2468/4655/2480 2419/4578/2429
f 2435/4603/2446 2547/4656/2481 2446/4620/2447
f 2255/4484/2260 2469/4657/2482 2314/4658/2283
f 2255/4484/2260 2716/4483/2381 2469/4657/2482
f 2470/4659/2285 2652/4660/2483 2339/4426/2278
f 2387/4526/2403 2457/4636/2467 2447/4621/2456
f 2471/4661/2484 2361/4476/2367 2447/4635/2456
f 2359/4469/2376 2472/4662/2485 2493/4622/2457
f 2359/4469/2376 2481/4489/2384 2472/4662/2485
f 2368/4487/2383 2473/4663/2486 2402/4623/2416
f 2416/4575/2426 2474/4664/2487 2438/4451/2369
f 2344/4435/2363 2458/4638/2469 2312/4381/2342
f 2358/4467/2340 2555/4665/2488 2449/4666/2418
f 2406/4558/2419 2417/4576/2427 2460/4667/2471
f 2391/4532/2406 2521/4668/2489 2417/4669/2427
f 2391/4532/2406 2426/4590/2435 2521/4668/2489
f 2440/4613/2451 2426/4590/2435 2411/4565/2422
f 2408/4611/2420 2592/4670/2490 2418/4577/2428
f 2465/4647/2476 2475/4671/2475 2464/4615/2452
f 2467/4649/2478 2476/4672/2491 2465/4647/2476
f 2461/4642/2472 2452/4651/2462 2443/4617/2454
f 2466/4648/2477 2477/4673/2492 2451/4652/2461
f 2453/4630/2463 2455/4632/2465 2478/4674/2493
f 2453/4630/2463 2478/4674/2493 2466/4648/2477
f 2413/4567/2423 2479/4675/2494 2428/4593/2438
f 2428/4593/2438 2479/4675/2494 2452/4629/2462
f 2431/4596/2441 2446/4604/2447 2455/4632/2465
f 2750/4676/2495 2348/4474/2366 2331/4411/2356
f 2610/4677/2496 2415/4678/2303 2278/4679/2295
f 2480/4680/2497 2368/4487/2383 2364/4480/2379
f 2481/4681/2384 2423/4457/2372 2495/4682/2498
f 2495/4682/2498 2423/4457/2372 2424/4588/2433
f 2482/4683/2499 2370/4491/2385 2389/4530/2404
f 2370/4491/2385 2482/4683/2499 2390/4531/2405
f 2613/4684/2500 2483/4685/2459 2449/4686/2418
f 2438/4608/2369 2474/4687/2487 2506/4609/2450
f 2474/4687/2487 2484/4688/2501 2506/4609/2450
f 2555/4665/2488 2358/4467/2340 2342/4466/2361
f 2476/4672/2491 2467/4649/2478 2485/4689/2502
f 2485/4689/2502 2467/4649/2478 2450/4653/2460
f 2486/4690/2503 2408/4691/2420 2516/4692/2504
f 2516/4693/2504 2408/4561/2420 2427/4641/2437
f 2487/4694/2505 2454/4631/2464 2432/4597/2442
f 2452/4651/2462 2488/4695/2506 2443/4617/2454
f 2443/4617/2454 2488/4695/2506 2548/4654/2479
f 2478/4674/2493 2477/4673/2492 2466/4648/2477
f 2547/4696/2481 2455/4632/2465 2446/4604/2447
f 2420/4579/2430 2489/4697/2507 2421/4580/2431
f 2421/4698/2431 2489/4699/2507 2490/4700/2508
f 2421/4701/2431 2490/4702/2508 2399/4548/2415
f 2548/4654/2479 2547/4656/2481 2435/4603/2446
f 2299/4353/2328 2314/4384/2283 2739/4703/2509
f 2343/4432/2277 2741/4431/2362 2491/4704/2510
f 2750/4676/2495 2742/4705/2511 2348/4474/2366
f 2471/4661/2484 2362/4477/2378 2361/4476/2367
f 2354/4461/2373 2492/4706/2512 2457/4636/2467
f 2354/4461/2373 2493/4707/2457 2494/4708/2513
f 2495/4709/2498 2496/4710/2514 2481/4489/2384
f 2437/4607/2449 2390/4531/2405 2482/4683/2499
f 2403/4553/2417 2365/4481/2380 2497/4711/2515
f 2600/4712/2516 2350/4449/2368 2448/4624/2458
f 2498/4713/2517 2404/4471/2377 2483/4625/2459
f 2346/4395/2313 2499/4714/2518 2320/4396/2350
f 2499/4714/2518 2459/4639/2470 2320/4396/2350
f 2417/4576/2427 2566/4715/2519 2460/4667/2471
f 2440/4613/2451 2500/4716/2520 2426/4590/2435
f 2450/4653/2460 2501/4717/2521 2485/4689/2502
f 2418/4577/2428 2501/4718/2521 2450/4627/2460
f 2486/4690/2503 2592/4719/2490 2408/4691/2420
f 2410/4564/2421 2419/4578/2429 2502/4720/2522
f 2454/4631/2464 2715/4721/2523 2456/4633/2466
f 2479/4722/2494 2488/4695/2506 2452/4651/2462
f 2477/4673/2492 2503/4723/2524 2451/4652/2461
f 2419/4578/2429 2468/4655/2480 2502/4720/2522
f 2547/4696/2481 2478/4674/2493 2455/4632/2465
f 2451/4628/2461 2503/4724/2524 2444/4618/2455
f 2436/4725/2448 2468/4655/2480 2398/4546/2414
f 2457/4636/2467 2504/4726/2525 2447/4621/2456
f 2354/4461/2373 2494/4708/2513 2492/4706/2512
f 2389/4530/2404 2402/4552/2416 2505/4727/2526
f 2403/4553/2417 2497/4711/2515 2424/4588/2433
f 2404/4471/2377 2498/4713/2517 2448/4624/2458
f 2458/4638/2469 2555/4665/2488 2342/4466/2361
f 2346/4395/2313 2506/4728/2450 2499/4714/2518
f 2373/4497/2389 2425/4589/2434 2432/4597/2442
f 2425/4589/2434 2460/4640/2471 2508/4729/2527
f 2460/4730/2471 2507/4731/2528 2508/4732/2527
f 2417/4576/2427 2509/4733/2529 2566/4715/2519
f 2461/4642/2472 2510/4734/2530 2440/4650/2451
f 2462/4643/2473 2510/4734/2530 2461/4642/2472
f 2475/4645/2475 2511/4735/2531 2462/4643/2473
f 2475/4671/2475 2465/4647/2476 2511/4736/2531
f 2485/4689/2502 2511/4736/2531 2476/4672/2491
f 2439/4612/2436 2512/4737/2532 2572/4738/2533
f 2410/4564/2421 2513/4739/2534 2439/4612/2436
f 2410/4564/2421 2700/4740/2535 2513/4739/2534
f 2425/4589/2434 2508/4729/2527 2514/4741/2536
f 2427/4742/2437 2515/4743/2537 2516/4744/2504
f 2486/4690/2503 2516/4692/2504 2524/4745/2538
f 2439/4591/2436 2517/4746/2539 2427/4592/2437
f 2439/4612/2436 2572/4738/2533 2517/4747/2539
f 2512/4737/2532 2439/4612/2436 2525/4748/2540
f 2518/4749/2541 2519/4750/2542 2520/4751/2543
f 2516/4744/2504 2515/4743/2537 2582/4752/2544
f 2427/4742/2437 2517/4753/2539 2515/4743/2537
f 2572/4754/2533 2525/4755/2545 2517/4756/2539
f 2521/4757/2489 2522/4758/2546 2417/4759/2427
f 2521/4757/2489 2523/4760/2547 2522/4758/2546
f 2518/4749/2541 2522/4758/2546 2523/4760/2547
f 2516/4761/2504 2582/4762/2544 2524/4763/2538
f 2517/4753/2539 2582/4752/2544 2515/4743/2537
f 2525/4764/2545 2526/4765/2548 2517/4766/2539
f 2566/4715/2519 2527/4767/2549 2507/4768/2528
f 2417/4759/2427 2522/4758/2546 2509/4769/2529
f 2524/4763/2538 2582/4762/2544 2528/4770/2550
f 2507/4768/2528 2527/4767/2549 2529/4771/2551
f 2509/4733/2529 2527/4767/2549 2566/4715/2519
f 2520/4751/2543 2530/4772/2552 2518/4749/2541
f 2520/4751/2543 2531/4773/2553 2530/4772/2552
f 2574/4774/2554 2532/4775/2555 2533/4776/2556
f 2529/4777/2551 2534/4778/2557 2597/4779/2558
f 2529/4771/2551 2527/4767/2549 2534/4780/2557
f 2518/4749/2541 2530/4772/2552 2522/4758/2546
f 2532/4775/2555 2535/4781/2559 2533/4776/2556
f 2517/4753/2539 2536/4782/2560 2582/4752/2544
f 2526/4765/2548 2537/4783/2561 2517/4766/2539
f 2517/4753/2539 2537/4784/2561 2536/4782/2560
f 2509/4733/2529 2538/4785/2562 2527/4767/2549
f 2509/4733/2529 2539/4786/2563 2538/4785/2562
f 2522/4758/2546 2539/4787/2563 2509/4769/2529
f 2528/4770/2550 2535/4781/2559 2532/4775/2555
f 2540/4788/2564 2535/4781/2559 2528/4770/2550
f 2582/4762/2544 2540/4788/2564 2528/4770/2550
f 2522/4758/2546 2541/4789/2565 2539/4787/2563
f 2522/4758/2546 2530/4772/2552 2541/4789/2565
f 2533/4790/2556 2535/4791/2559 2542/4792/2566
f 2536/4782/2560 2543/4793/2567 2582/4752/2544
f 2536/4782/2560 2544/4794/2568 2543/4793/2567
f 2536/4782/2560 2537/4784/2561 2544/4794/2568
f 2527/4767/2549 2545/4795/2569 2534/4780/2557
f 2538/4785/2562 2545/4795/2569 2527/4767/2549
f 2538/4785/2562 2546/4796/2570 2545/4795/2569
f 2540/4797/2564 2542/4792/2566 2535/4791/2559
f 2547/4798/2481 2548/4799/2479 2549/4800/2571
f 2314/4658/2283 2469/4657/2482 2739/4801/2509
f 2385/4522/2310 2550/4802/2572 2297/4803/2322
f 2343/4432/2277 2491/4704/2510 2716/4483/2381
f 2348/4474/2366 2742/4705/2511 2278/4679/2295
f 2362/4477/2378 2471/4661/2484 2551/4804/2573
f 2551/4804/2573 2645/4637/2468 2362/4477/2378
f 2364/4480/2379 2645/4805/2468 2480/4680/2497
f 2496/4710/2514 2552/4806/2574 2481/4489/2384
f 2350/4449/2368 2600/4712/2516 2553/4807/2425
f 2553/4574/2425 2634/4808/2575 2416/4575/2426
f 2437/4607/2449 2458/4638/2469 2344/4435/2363
f 2328/4408/2355 2554/4809/2576 2365/4481/2380
f 2554/4809/2576 2328/4408/2355 2459/4639/2470
f 2555/4810/2488 2613/4684/2500 2449/4686/2418
f 2592/4719/2490 2486/4690/2503 2556/4811/2577
f 2439/4612/2436 2513/4739/2534 2557/4812/2578
f 2514/4741/2536 2558/4813/2579 2425/4589/2434
f 2521/4668/2489 2559/4814/2580 2569/4815/2581
f 2426/4590/2435 2559/4814/2580 2521/4668/2489
f 2426/4590/2435 2560/4816/2582 2559/4814/2580
f 2486/4690/2503 2561/4817/2583 2556/4811/2577
f 2486/4690/2503 2562/4818/2584 2561/4817/2583
f 2525/4748/2540 2439/4612/2436 2557/4812/2578
f 2486/4690/2503 2524/4745/2538 2562/4818/2584
f 2563/4819/2585 2577/4820/2586 2564/4821/2587
f 2564/4821/2587 2565/4822/2588 2563/4819/2585
f 2572/4823/2533 2512/4824/2532 2565/4822/2588
f 2566/4825/2519 2567/4826/2589 2568/4827/2590
f 2521/4757/2489 2569/4828/2581 2523/4760/2547
f 2523/4760/2547 2519/4750/2542 2518/4749/2541
f 2574/4774/2554 2573/4829/2591 2532/4775/2555
f 2532/4775/2555 2573/4829/2591 2528/4770/2550
f 2528/4770/2550 2573/4829/2591 2524/4763/2538
f 2562/4818/2584 2524/4745/2538 2577/4830/2586
f 2562/4818/2584 2577/4830/2586 2570/4831/2592
f 2507/4832/2528 2567/4826/2589 2566/4825/2519
f 2568/4827/2590 2567/4826/2589 2571/4833/2593
f 2571/4834/2593 2523/4760/2547 2569/4828/2581
f 2525/4764/2545 2572/4835/2533 2526/4765/2548
f 2597/4779/2558 2507/4836/2528 2529/4777/2551
f 2567/4826/2589 2507/4832/2528 2597/4837/2558
f 2598/4838/2594 2523/4760/2547 2571/4834/2593
f 2598/4838/2594 2519/4750/2542 2523/4760/2547
f 2573/4839/2591 2574/4840/2554 2575/4841/2595
f 2573/4839/2591 2576/4842/2596 2524/4843/2538
f 2524/4843/2538 2576/4842/2596 2577/4844/2586
f 2564/4821/2587 2577/4820/2586 2581/4845/2597
f 2578/4846/2598 2565/4822/2588 2564/4821/2587
f 2520/4751/2543 2519/4750/2542 2531/4773/2553
f 2574/4840/2554 2533/4790/2556 2579/4847/2599
f 2531/4773/2553 2595/4848/2600 2530/4772/2552
f 2533/4790/2556 2575/4841/2595 2579/4847/2599
f 2539/4787/2563 2546/4849/2570 2538/4850/2562
f 2539/4787/2563 2541/4789/2565 2546/4849/2570
f 2541/4789/2565 2530/4772/2552 2580/4851/2601
f 2533/4790/2556 2542/4792/2566 2575/4841/2595
f 2575/4841/2595 2542/4792/2566 2576/4842/2596
f 2576/4842/2596 2542/4792/2566 2581/4852/2597
f 2543/4793/2567 2581/4845/2597 2582/4752/2544
f 2540/4797/2564 2581/4852/2597 2542/4792/2566
f 2582/4853/2544 2581/4852/2597 2540/4797/2564
f 2399/4548/2415 2490/4702/2508 2413/4567/2423
f 2471/4661/2484 2447/4635/2456 2583/4854/2602
f 2493/4622/2457 2472/4662/2485 2552/4806/2574
f 2480/4680/2497 2473/4663/2486 2368/4487/2383
f 2472/4662/2485 2481/4489/2384 2552/4806/2574
f 2402/4623/2416 2473/4663/2486 2584/4855/2603
f 2505/4727/2526 2482/4683/2499 2389/4530/2404
f 2424/4588/2433 2497/4711/2515 2585/4856/2604
f 2586/4857/2605 2474/4664/2487 2416/4575/2426
f 2365/4481/2380 2554/4809/2576 2587/4858/2606
f 2474/4687/2487 2586/4859/2605 2588/4860/2607
f 2425/4589/2434 2558/4813/2579 2589/4861/2608
f 2500/4716/2520 2590/4862/2609 2426/4590/2435
f 2462/4643/2473 2511/4735/2531 2591/4863/2610
f 2418/4577/2428 2594/4864/2611 2501/4718/2521
f 2592/4670/2490 2594/4864/2611 2418/4577/2428
f 2592/4865/2490 2593/4866/2612 2594/4867/2611
f 2593/4866/2612 2592/4865/2490 2606/4868/2613
f 2558/4813/2579 2514/4741/2536 2589/4861/2608
f 2514/4741/2536 2508/4729/2527 2589/4861/2608
f 2556/4869/2577 2606/4868/2613 2592/4865/2490
f 2410/4564/2421 2502/4720/2522 2704/4870/2614
f 2578/4846/2598 2572/4823/2533 2565/4822/2588
f 2567/4826/2589 2598/4871/2594 2571/4833/2593
f 2519/4750/2542 2598/4838/2594 2580/4872/2601
f 2580/4872/2601 2531/4773/2553 2519/4750/2542
f 2531/4848/2553 2595/4773/2615 2596/4873/2616
f 2575/4841/2595 2576/4842/2596 2573/4839/2591
f 2576/4842/2596 2581/4852/2597 2577/4844/2586
f 2581/4845/2597 2578/4846/2598 2564/4821/2587
f 2597/4874/2558 2534/4780/2557 2567/4875/2589
f 2534/4780/2557 2545/4795/2569 2567/4875/2589
f 2567/4875/2589 2545/4795/2569 2598/4876/2594
f 2598/4877/2594 2541/4789/2565 2580/4851/2601
f 2574/4840/2554 2579/4847/2599 2575/4841/2595
f 2578/4846/2598 2581/4845/2597 2543/4793/2567
f 2578/4846/2598 2544/4794/2568 2572/4823/2533
f 2572/4823/2533 2544/4794/2568 2537/4784/2561
f 2572/4835/2533 2537/4783/2561 2526/4765/2548
f 2598/4876/2594 2545/4795/2569 2546/4796/2570
f 2598/4877/2594 2546/4849/2570 2541/4789/2565
f 2580/4851/2601 2530/4772/2552 2595/4848/2600
f 2578/4846/2598 2543/4793/2567 2544/4794/2568
f 2479/4675/2494 2413/4567/2423 2650/4878/2617
f 2503/4724/2524 2609/4879/2618 2444/4618/2455
f 2444/4618/2455 2609/4879/2618 2422/4634/2432
f 2547/4696/2481 2710/4880/2619 2478/4674/2493
f 2347/4441/2365 2317/4453/2347 2728/4881/2620
f 2278/4679/2295 2742/4705/2511 2610/4677/2496
f 2482/4683/2499 2599/4882/2621 2437/4607/2449
f 2600/4883/2516 2634/4808/2575 2553/4574/2425
f 2416/4575/2426 2634/4808/2575 2601/4884/2622
f 2497/4711/2515 2365/4481/2380 2587/4858/2606
f 2448/4624/2458 2498/4713/2517 2602/4885/2623
f 2510/4734/2530 2500/4886/2520 2440/4650/2451
f 2462/4643/2473 2591/4863/2610 2510/4734/2530
f 2476/4672/2491 2511/4736/2531 2465/4647/2476
f 2507/4731/2528 2603/4887/2624 2508/4732/2527
f 2507/4731/2528 2568/4827/2590 2603/4887/2624
f 2571/4833/2593 2605/4888/2625 2568/4827/2590
f 2569/4889/2581 2605/4888/2625 2571/4833/2593
f 2559/4814/2580 2604/4890/2626 2569/4815/2581
f 2569/4815/2581 2604/4890/2626 2605/4891/2625
f 2560/4816/2582 2604/4890/2626 2559/4814/2580
f 2590/4862/2609 2560/4816/2582 2426/4590/2435
f 2561/4817/2583 2606/4892/2613 2556/4811/2577
f 2563/4819/2585 2570/4893/2592 2577/4820/2586
f 2565/4822/2588 2512/4824/2532 2563/4819/2585
f 2488/4894/2506 2479/4895/2494 2607/4896/2627
f 2503/4723/2524 2477/4673/2492 2608/4897/2628
f 2420/4579/2430 2456/4633/2466 2489/4697/2507
f 2609/4898/2618 2436/4605/2448 2422/4584/2432
f 2256/4899/2261 2297/4803/2322 2773/4900/2629
f 2716/4483/2381 2491/4704/2510 2659/4901/2630
f 2383/4519/2343 2763/4902/2631 2384/4520/2401
f 2610/4903/2496 2386/4524/2402 2415/4572/2303
f 2504/4904/2525 2583/4854/2602 2447/4635/2456
f 2504/4726/2525 2457/4636/2467 2492/4706/2512
f 2494/4708/2513 2493/4707/2457 2611/4905/2632
f 2584/4906/2603 2505/4727/2526 2402/4552/2416
f 2495/4682/2498 2424/4588/2433 2585/4856/2604
f 2599/4882/2621 2482/4683/2499 2505/4727/2526
f 2602/4885/2623 2600/4712/2516 2448/4624/2458
f 2601/4884/2622 2586/4857/2605 2416/4575/2426
f 2588/4860/2607 2484/4688/2501 2474/4687/2487
f 2612/4907/2633 2613/4908/2500 2555/4665/2488
f 2484/4909/2501 2614/4910/2634 2506/4728/2450
f 2614/4910/2634 2499/4714/2518 2506/4728/2450
f 2615/4911/2635 2487/4694/2505 2432/4597/2442
f 2615/4911/2635 2432/4597/2442 2425/4589/2434
f 2616/4912/2636 2511/4736/2531 2485/4689/2502
f 2616/4912/2636 2485/4689/2502 2501/4717/2521
f 2704/4870/2614 2700/4740/2535 2410/4564/2421
f 2589/4861/2608 2508/4729/2527 2603/4913/2624
f 2617/4914/2637 2618/4915/2638 2594/4867/2611
f 2702/4916/2639 2512/4737/2532 2525/4748/2540
f 2702/4916/2639 2525/4748/2540 2557/4812/2578
f 2702/4916/2639 2557/4812/2578 2513/4739/2534
f 2617/4914/2637 2594/4867/2611 2593/4866/2612
f 2487/4694/2505 2715/4721/2523 2454/4631/2464
f 2548/4799/2479 2488/4894/2506 2607/4896/2627
f 2710/4880/2619 2477/4673/2492 2478/4674/2493
f 2666/4917/2640 2413/4567/2423 2490/4702/2508
f 2619/4918/2641 2781/4919/2642 2436/4920/2448
f 2781/4921/2642 2468/4655/2480 2436/4725/2448
f 2728/4881/2620 2317/4453/2347 2414/4571/2424
f 2620/4922/2273 2652/4660/2483 2470/4659/2285
f 2385/4522/2310 2386/4524/2402 2550/4802/2572
f 2621/4923/2643 2331/4411/2356 2384/4520/2401
f 2622/4924/2644 2504/4726/2525 2492/4706/2512
f 2551/4804/2573 2471/4661/2484 2583/4854/2602
f 2623/4925/2645 2492/4706/2512 2494/4708/2513
f 2584/4855/2603 2473/4663/2486 2480/4680/2497
f 2495/4682/2498 2624/4926/2646 2496/4927/2514
f 2624/4926/2646 2495/4682/2498 2585/4856/2604
f 2497/4711/2515 2587/4858/2606 2585/4856/2604
f 2625/4928/2647 2458/4638/2469 2437/4607/2449
f 2626/4929/2648 2483/4685/2459 2613/4684/2500
f 2625/4928/2647 2555/4665/2488 2458/4638/2469
f 2615/4911/2635 2425/4589/2434 2589/4861/2608
f 2510/4734/2530 2627/4930/2649 2500/4886/2520
f 2591/4863/2610 2628/4931/2650 2510/4734/2530
f 2511/4735/2531 2629/4932/2651 2591/4863/2610
f 2591/4863/2610 2629/4932/2651 2628/4931/2650
f 2511/4736/2531 2630/4933/2652 2629/4934/2651
f 2616/4912/2636 2630/4933/2652 2511/4736/2531
f 2616/4912/2636 2501/4717/2521 2631/4935/2653
f 2500/4716/2520 2639/4936/2654 2590/4862/2609
f 2594/4937/2611 2631/4935/2653 2501/4717/2521
f 2594/4867/2611 2618/4915/2638 2631/4938/2653
f 2606/4868/2613 2632/4939/2655 2593/4866/2612
f 2561/4817/2583 2632/4940/2655 2606/4892/2613
f 2562/4818/2584 2632/4940/2655 2561/4817/2583
f 2512/4737/2532 2702/4916/2639 2563/4941/2585
f 2477/4673/2492 2710/4880/2619 2608/4897/2628
f 2296/4420/2321 2256/4899/2261 2773/4900/2629
f 2773/4900/2629 2297/4803/2322 2746/4942/2656
f 2492/4706/2512 2623/4925/2645 2622/4924/2644
f 2493/4622/2457 2633/4943/2657 2611/4944/2632
f 2585/4856/2604 2587/4858/2606 2671/4945/2658
f 2600/4712/2516 2655/4946/2659 2634/4947/2575
f 2554/4809/2576 2459/4639/2470 2635/4948/2660
f 2615/4911/2635 2636/4949/2661 2637/4950/2662
f 2589/4861/2608 2636/4949/2661 2615/4911/2635
f 2568/4827/2590 2605/4888/2625 2603/4887/2624
f 2639/4936/2654 2638/4951/2663 2590/4862/2609
f 2500/4886/2520 2627/4930/2649 2639/4952/2654
f 2510/4734/2530 2628/4931/2650 2627/4930/2649
f 2618/4915/2638 2640/4953/2664 2631/4938/2653
f 2617/4914/2637 2640/4953/2664 2618/4915/2638
f 2593/4866/2612 2640/4953/2664 2617/4914/2637
f 2563/4819/2585 2703/4954/2665 2570/4893/2592
f 2563/4819/2585 2702/4955/2639 2703/4954/2665
f 2513/4739/2534 2641/4956/2666 2702/4916/2639
f 2700/4740/2535 2641/4956/2666 2513/4739/2534
f 2487/4694/2505 2642/4957/2667 2715/4721/2523
f 2548/4799/2479 2607/4896/2627 2549/4800/2571
f 2336/4418/2358 2296/4420/2321 2643/4958/2668
f 2297/4803/2322 2550/4802/2572 2746/4942/2656
f 2386/4524/2402 2610/4903/2496 2706/4959/2669
f 2551/4960/2573 2644/4961/2670 2645/4962/2468
f 2645/4805/2468 2662/4963/2671 2480/4680/2497
f 2493/4622/2457 2552/4806/2574 2633/4943/2657
f 2584/4855/2603 2480/4680/2497 2599/4964/2621
f 2496/4710/2514 2624/4965/2646 2552/4806/2574
f 2584/4906/2603 2599/4882/2621 2505/4727/2526
f 2585/4856/2604 2671/4945/2658 2624/4926/2646
f 2599/4882/2621 2646/4966/2672 2437/4607/2449
f 2625/4928/2647 2612/4907/2633 2555/4665/2488
f 2499/4714/2518 2635/4948/2660 2459/4639/2470
f 2590/4862/2609 2647/4967/2673 2560/4816/2582
f 2616/4912/2636 2806/4968/2674 2630/4933/2652
f 2616/4912/2636 2631/4935/2653 2806/4968/2674
f 2619/4969/2641 2436/4605/2448 2609/4898/2618
f 2648/4970/2675 2623/4925/2645 2494/4708/2513
f 2648/4970/2675 2494/4708/2513 2611/4905/2632
f 2649/4971/2676 2601/4884/2622 2634/4808/2575
f 2600/4712/2516 2602/4885/2623 2655/4946/2659
f 2588/4860/2607 2614/4972/2634 2484/4688/2501
f 2626/4929/2648 2613/4684/2500 2612/4973/2633
f 2647/4967/2673 2604/4890/2626 2560/4816/2582
f 2638/4974/2663 2639/4952/2654 2627/4930/2649
f 2752/4975/2677 2629/4934/2651 2630/4933/2652
f 2703/4954/2665 2562/4976/2584 2570/4893/2592
f 2489/4699/2507 2737/4977/2678 2490/4700/2508
f 2479/4895/2494 2650/4978/2617 2607/4896/2627
f 2503/4724/2524 2651/4979/2679 2609/4879/2618
f 2620/4301/2273 2733/4980/2680 2652/4981/2483
f 2331/4411/2356 2621/4923/2643 2750/4676/2495
f 2583/4854/2602 2504/4904/2525 2653/4982/2681
f 2583/4854/2602 2654/4983/2682 2551/4804/2573
f 2551/4804/2573 2654/4983/2682 2644/4984/2670
f 2655/4985/2659 2649/4971/2676 2634/4808/2575
f 2601/4884/2622 2656/4986/2683 2586/4857/2605
f 2671/4945/2658 2587/4858/2606 2657/4987/2684
f 2646/4966/2672 2625/4928/2647 2437/4607/2449
f 2498/4988/2517 2483/4685/2459 2626/4929/2648
f 2587/4858/2606 2554/4809/2576 2657/4987/2684
f 2657/4987/2684 2554/4809/2576 2635/4948/2660
f 2625/4928/2647 2658/4989/2685 2612/4907/2633
f 2502/4720/2522 2468/4655/2480 2783/4990/2686
f 2608/4897/2628 2651/4991/2679 2503/4723/2524
f 2347/4992/2365 2730/4993/2687 2383/4519/2343
f 2659/4994/2630 2491/4995/2510 2660/4996/2688
f 2622/4924/2644 2668/4997/2689 2504/4726/2525
f 2668/4997/2689 2622/4924/2644 2661/4998/2690
f 2645/4962/2468 2644/4961/2670 2662/4999/2671
f 2480/4680/2497 2663/5000/2691 2599/4964/2621
f 2624/4926/2646 2671/4945/2658 2552/5001/2574
f 2599/4882/2621 2664/5002/2692 2646/4966/2672
f 2499/4714/2518 2614/4910/2634 2635/4948/2660
f 2628/4931/2650 2629/4932/2651 2665/5003/2693
f 2737/4977/2678 2666/5004/2640 2490/4700/2508
f 2413/4567/2423 2666/4917/2640 2650/4878/2617
f 2266/5005/2276 2300/4354/2259 2667/5006/2694
f 2266/5005/2276 2754/5007/2695 2286/4322/2305
f 2296/4420/2321 2773/4900/2629 2643/4958/2668
f 2347/4992/2365 2728/5008/2620 2730/4993/2687
f 2730/4993/2687 2763/4902/2631 2383/4519/2343
f 2384/4520/2401 2763/4902/2631 2621/4923/2643
f 2583/4854/2602 2653/4982/2681 2654/4983/2682
f 2504/4904/2525 2668/5009/2689 2686/5010/2696
f 2622/4924/2644 2623/4925/2645 2661/4998/2690
f 2648/4970/2675 2669/5011/2697 2623/4925/2645
f 2633/4943/2657 2552/4806/2574 2670/5012/2698
f 2670/5012/2698 2552/4806/2574 2671/5013/2658
f 2672/5014/2699 2664/5015/2692 2599/4964/2621
f 2602/4885/2623 2673/5016/2700 2655/4946/2659
f 2649/4971/2676 2656/4986/2683 2601/4884/2622
f 2657/4987/2684 2688/5017/2701 2671/4945/2658
f 2498/4988/2517 2626/4929/2648 2674/5018/2702
f 2646/4966/2672 2658/4989/2685 2625/4928/2647
f 2689/5019/2703 2626/4929/2648 2612/4973/2633
f 2603/4913/2624 2636/4949/2661 2589/4861/2608
f 2627/4930/2649 2628/4931/2650 2665/5003/2693
f 2675/5020/2704 2549/4800/2571 2607/4896/2627
f 2549/5021/2571 2710/4880/2619 2547/4696/2481
f 2619/5022/2641 2609/4879/2618 2651/4979/2679
f 2652/4660/2483 2340/4427/2360 2339/4426/2278
f 2686/5010/2696 2653/4982/2681 2504/4904/2525
f 2661/4998/2690 2623/4925/2645 2669/5011/2697
f 2611/4905/2632 2676/5023/2705 2648/4970/2675
f 2611/4944/2632 2633/4943/2657 2676/5024/2705
f 2662/4963/2671 2663/5000/2691 2480/4680/2497
f 2677/5025/2706 2685/5026/2707 2649/4971/2676
f 2677/5027/2706 2649/5028/2676 2655/4946/2659
f 2673/5016/2700 2678/5029/2708 2655/4946/2659
f 2678/5029/2708 2677/5027/2706 2655/4946/2659
f 2663/5000/2691 2672/5014/2699 2599/4964/2621
f 2673/5016/2700 2602/4885/2623 2679/5030/2709
f 2498/4713/2517 2679/5030/2709 2602/4885/2623
f 2680/5031/2710 2586/4857/2605 2656/4986/2683
f 2657/4987/2684 2635/4948/2660 2681/5032/2711
f 2588/5033/2607 2682/5034/2712 2614/4910/2634
f 2635/4948/2660 2614/4910/2634 2681/5032/2711
f 2615/4911/2635 2637/4950/2662 2683/5035/2713
f 2590/4862/2609 2638/4951/2663 2647/4967/2673
f 2502/4720/2522 2783/4990/2686 2684/5036/2714
f 2686/5037/2696 2668/4997/2689 2685/5026/2707
f 2668/4997/2689 2661/4998/2690 2685/5026/2707
f 2685/5038/2707 2677/5027/2706 2686/5039/2696
f 2685/5026/2707 2656/4986/2683 2649/4971/2676
f 2687/5040/2715 2656/4986/2683 2685/5026/2707
f 2671/5013/2658 2688/5041/2701 2670/5012/2698
f 2498/4988/2517 2674/5018/2702 2679/5042/2709
f 2689/5019/2703 2674/5018/2702 2626/4929/2648
f 2612/4907/2633 2658/4989/2685 2689/5043/2703
f 2487/4694/2505 2615/4911/2635 2683/5035/2713
f 2704/4870/2614 2701/5044/2716 2700/4740/2535
f 2593/4866/2612 2632/4939/2655 2640/4953/2664
f 2502/4720/2522 2684/5036/2714 2704/4870/2614
f 2607/4896/2627 2650/4978/2617 2675/5020/2704
f 2286/4322/2305 2754/5007/2695 2275/4300/2291
f 2275/4300/2291 2758/5045/2717 2620/4301/2273
f 2491/4704/2510 2741/4431/2362 2660/5046/2688
f 2610/4677/2496 2742/4705/2511 2690/5047/2718
f 2653/5048/2681 2686/5039/2696 2677/5027/2706
f 2661/4998/2690 2669/5011/2697 2687/5040/2715
f 2654/5049/2682 2691/5050/2719 2644/4961/2670
f 2661/4998/2690 2687/5040/2715 2685/5026/2707
f 2669/5011/2697 2648/4970/2675 2676/5023/2705
f 2644/4961/2670 2691/5050/2719 2662/4999/2671
f 2653/5048/2681 2678/5029/2708 2654/5049/2682
f 2654/5049/2682 2678/5029/2708 2691/5050/2719
f 2678/5029/2708 2653/5048/2681 2677/5027/2706
f 2633/4943/2657 2670/5012/2698 2676/5024/2705
f 2687/5040/2715 2680/5031/2710 2656/4986/2683
f 2586/4859/2605 2680/5051/2710 2692/5052/2720
f 2692/5052/2720 2588/4860/2607 2586/4859/2605
f 2664/5002/2692 2658/4989/2685 2646/4966/2672
f 2682/5034/2712 2681/5032/2711 2614/4910/2634
f 2641/4956/2666 2700/4740/2535 2693/5053/2721
f 2637/4950/2662 2636/4949/2661 2683/5035/2713
f 2603/4913/2624 2694/5054/2722 2636/4949/2661
f 2604/4890/2626 2695/5055/2723 2605/4891/2625
f 2703/4954/2665 2696/5056/2724 2562/4976/2584
f 2620/4301/2273 2758/5045/2717 2733/4980/2680
f 2691/5050/2719 2678/5029/2708 2708/5057/2725
f 2669/5011/2697 2697/5058/2726 2687/5040/2715
f 2678/5029/2708 2673/5016/2700 2708/5057/2725
f 2679/5030/2709 2708/5057/2725 2673/5016/2700
f 2687/5040/2715 2697/5058/2726 2680/5031/2710
f 2657/4987/2684 2698/5059/2727 2688/5017/2701
f 2658/4989/2685 2699/5060/2728 2689/5043/2703
f 2487/5061/2505 2683/5062/2713 2642/5063/2667
f 2700/5064/2535 2701/5065/2716 2693/5066/2721
f 2604/4890/2626 2647/4967/2673 2695/5055/2723
f 2630/4933/2652 2806/4968/2674 2752/4975/2677
f 2631/4935/2653 2640/5067/2664 2806/4968/2674
f 2702/5068/2639 2723/5069/2729 2703/5070/2665
f 2641/4956/2666 2693/5053/2721 2702/4916/2639
f 2704/5071/2614 2705/5072/2730 2701/5065/2716
f 2715/4721/2523 2718/5073/2731 2456/4633/2466
f 2300/4354/2259 2299/4353/2328 2667/5006/2694
f 2414/4571/2424 2336/4418/2358 2729/5074/2732
f 2266/5005/2276 2667/5006/2694 2754/5007/2695
f 2367/4485/2382 2340/4427/2360 2734/5075/2733
f 2610/5076/2496 2690/5077/2718 2706/5078/2669
f 2676/5023/2705 2697/5058/2726 2669/5011/2697
f 2662/4963/2671 2707/5079/2734 2663/5000/2691
f 2691/5050/2719 2708/5057/2725 2662/4999/2671
f 2662/4963/2671 2708/5080/2725 2707/5079/2734
f 2670/5012/2698 2698/5081/2727 2676/5024/2705
f 2670/5012/2698 2688/5041/2701 2698/5081/2727
f 2672/5014/2699 2699/5082/2728 2664/5015/2692
f 2697/5083/2726 2692/5052/2720 2680/5051/2710
f 2674/5018/2702 2708/5080/2725 2679/5042/2709
f 2689/5019/2703 2699/5082/2728 2674/5018/2702
f 2588/4860/2607 2692/5052/2720 2682/5084/2712
f 2681/5032/2711 2698/5059/2727 2657/4987/2684
f 2699/5060/2728 2658/4989/2685 2664/5002/2692
f 2681/5032/2711 2682/5034/2712 2698/5059/2727
f 2642/5063/2667 2683/5062/2713 2709/5085/2735
f 2627/4930/2649 2665/5003/2693 2638/4974/2663
f 2693/5053/2721 2727/5086/2736 2702/4916/2639
f 2456/4633/2466 2737/5087/2678 2489/4697/2507
f 2549/4800/2571 2675/5020/2704 2710/5088/2619
f 2652/4660/2483 2734/5075/2733 2340/4427/2360
f 2663/5000/2691 2707/5079/2734 2672/5014/2699
f 2676/5024/2705 2698/5081/2727 2697/5083/2726
f 2698/5081/2727 2692/5052/2720 2697/5083/2726
f 2672/5014/2699 2707/5079/2734 2699/5082/2728
f 2674/5018/2702 2707/5079/2734 2708/5080/2725
f 2699/5082/2728 2707/5079/2734 2674/5018/2702
f 2682/5084/2712 2692/5052/2720 2698/5081/2727
f 2703/4954/2665 2748/5089/2737 2696/5056/2724
f 2748/5089/2737 2703/4954/2665 2711/5090/2738
f 2711/5091/2738 2703/5070/2665 2722/5092/2739
f 2683/5093/2713 2636/5094/2661 2712/5095/2740
f 2723/5069/2729 2722/5092/2739 2703/5070/2665
f 2705/5072/2730 2713/5096/2741 2701/5065/2716
f 2642/5063/2667 2714/5097/2742 2715/5098/2523
f 2728/4881/2620 2414/4571/2424 2729/5074/2732
f 2716/5099/2381 2659/4994/2630 2717/5100/2743
f 2332/4413/2357 2766/5101/2744 2741/4431/2362
f 2694/5054/2722 2603/4913/2624 2726/5102/2745
f 2748/5089/2737 2736/5103/2746 2696/5056/2724
f 2715/5098/2523 2714/5097/2742 2718/5104/2731
f 2336/5105/2358 2719/5106/2747 2729/5107/2732
f 2386/4524/2402 2706/4959/2669 2550/4802/2572
f 2603/4887/2624 2743/5108/2748 2720/5109/2749
f 2603/4887/2624 2721/5110/2750 2743/5108/2748
f 2722/5111/2739 2723/5112/2729 2724/5113/2751
f 2704/5071/2614 2684/5114/2714 2705/5072/2730
f 2299/4353/2328 2739/4703/2509 2667/5006/2694
f 2469/4657/2482 2717/5115/2743 2739/4801/2509
f 2754/5007/2695 2758/5045/2717 2275/4300/2291
f 2367/4485/2382 2725/5116/2752 2332/4413/2357
f 2726/5117/2745 2603/4887/2624 2720/5109/2749
f 2683/5062/2713 2745/5118/2753 2709/5085/2735
f 2605/4888/2625 2721/5110/2750 2603/4887/2624
f 2727/5119/2736 2807/5120/2754 2702/5121/2639
f 2702/5121/2639 2807/5120/2754 2723/5122/2729
f 2728/5123/2620 2729/5124/2732 2730/5125/2687
f 2469/4657/2482 2716/4483/2381 2717/5115/2743
f 2750/4676/2495 2731/5126/2755 2742/4705/2511
f 2723/5112/2729 2867/5127/2756 2724/5113/2751
f 2727/5119/2736 2732/5128/2757 2807/5120/2754
f 2737/4977/2678 2894/5129/2758 2666/5004/2640
f 2652/5130/2483 2733/5131/2680 2734/5132/2733
f 2720/5133/2749 2735/5134/2759 2726/5135/2745
f 2693/5066/2721 2732/5128/2757 2727/5119/2736
f 2736/5136/2746 2837/5137/2760 2696/5138/2724
f 2456/5139/2466 2809/5140/2761 2737/5141/2678
f 2608/4897/2628 2710/4880/2619 2738/5142/2762
f 2739/5143/2509 2717/5144/2743 2740/5145/2763
f 2734/5132/2733 2725/5146/2752 2367/5147/2382
f 2741/5148/2362 2766/5149/2744 2660/5150/2688
f 2332/4413/2357 2725/5116/2752 2766/5101/2744
f 2742/5151/2511 2731/5152/2755 2690/5077/2718
f 2720/5133/2749 2743/5153/2748 2744/5154/2764
f 2712/5095/2740 2745/5155/2753 2683/5093/2713
f 2675/5020/2704 2794/5156/2765 2710/5088/2619
f 2739/5143/2509 2740/5145/2763 2667/5157/2694
f 2336/5105/2358 2643/5158/2668 2719/5106/2747
f 2550/5159/2572 2706/5078/2669 2746/5160/2656
f 2711/5161/2738 2747/5162/2766 2748/5163/2737
f 2726/5135/2745 2862/5164/2767 2694/5165/2722
f 2701/5065/2716 2713/5096/2741 2749/5166/2768
f 2817/5167/2769 2714/5097/2742 2642/5063/2667
f 2758/5168/2717 2760/5169/2770 2733/5131/2680
f 2750/5170/2495 2621/5171/2643 2731/5172/2755
f 2711/5161/2738 2722/5111/2739 2751/5173/2771
f 2747/5162/2766 2736/5136/2746 2748/5163/2737
f 2701/5065/2716 2749/5166/2768 2693/5066/2721
f 2605/4888/2625 2695/5174/2723 2721/5110/2750
f 2629/4932/2651 2752/5175/2677 2665/5003/2693
f 2714/5097/2742 2870/5176/2772 2718/5104/2731
f 2667/5157/2694 2753/5177/2773 2754/5178/2695
f 2667/5157/2694 2755/5179/2774 2753/5177/2773
f 2667/5157/2694 2740/5145/2763 2756/5180/2775
f 2719/5106/2747 2643/5158/2668 2757/5181/2776
f 2758/5182/2717 2759/5183/2777 2760/5184/2770
f 2733/5131/2680 2761/5185/2778 2734/5132/2733
f 2762/5186/2779 2621/5171/2643 2763/5187/2631
f 2660/5150/2688 2766/5149/2744 2764/5188/2780
f 2765/5189/2781 2766/5190/2744 2725/5146/2752
f 2690/5077/2718 2731/5152/2755 2767/5191/2782
f 2726/5135/2745 2735/5134/2759 2768/5192/2783
f 2696/5056/2724 2839/5193/2784 2562/4976/2584
f 2817/5167/2769 2857/5194/2785 2714/5097/2742
f 2713/5096/2741 2705/5072/2730 2821/5195/2786
f 2705/5072/2730 2684/5114/2714 2821/5195/2786
f 2714/5097/2742 2857/5194/2785 2870/5176/2772
f 2456/5139/2466 2718/5104/2731 2809/5140/2761
f 2468/4655/2480 2781/4921/2642 2783/4990/2686
f 2608/4897/2628 2738/5142/2762 2651/4991/2679
f 2667/5157/2694 2756/5180/2775 2755/5179/2774
f 2729/5124/2732 2769/5196/2787 2770/5197/2788
f 2729/5107/2732 2719/5106/2747 2769/5198/2787
f 2719/5106/2747 2757/5181/2776 2769/5198/2787
f 2754/5178/2695 2753/5177/2773 2759/5183/2777
f 2740/5145/2763 2775/5199/2789 2756/5180/2775
f 2729/5124/2732 2770/5197/2788 2771/5200/2790
f 2643/5158/2668 2772/5201/2791 2757/5181/2776
f 2729/5124/2732 2771/5200/2790 2730/5125/2687
f 2643/5158/2668 2773/5202/2629 2772/5201/2791
f 2754/5178/2695 2759/5183/2777 2758/5182/2717
f 2776/5203/2792 2730/5125/2687 2771/5200/2790
f 2773/5202/2629 2746/5204/2656 2772/5201/2791
f 2759/5183/2777 2774/5205/2793 2760/5184/2770
f 2740/5145/2763 2717/5144/2743 2775/5199/2789
f 2717/5100/2743 2659/4994/2630 2775/5206/2789
f 2775/5206/2789 2659/4994/2630 2777/5207/2794
f 2772/5201/2791 2746/5204/2656 2795/5208/2795
f 2760/5169/2770 2774/5209/2793 2796/5210/2796
f 2776/5211/2792 2762/5186/2779 2730/5212/2687
f 2795/5213/2795 2746/5160/2656 2847/5214/2797
f 2733/5131/2680 2760/5169/2770 2761/5185/2778
f 2760/5169/2770 2796/5210/2796 2761/5185/2778
f 2706/5078/2669 2847/5214/2797 2746/5160/2656
f 2730/5212/2687 2762/5186/2779 2763/5187/2631
f 2796/5210/2796 2797/5215/2798 2761/5185/2778
f 2659/4994/2630 2660/4996/2688 2777/5207/2794
f 2706/5078/2669 2767/5191/2782 2847/5214/2797
f 2660/5150/2688 2764/5188/2780 2777/5216/2794
f 2762/5186/2779 2825/5217/2799 2621/5171/2643
f 2761/5185/2778 2797/5215/2798 2765/5189/2781
f 2797/5215/2798 2778/5218/2800 2765/5189/2781
f 2725/5146/2752 2734/5132/2733 2761/5185/2778
f 2765/5189/2781 2725/5146/2752 2761/5185/2778
f 2765/5189/2781 2778/5218/2800 2813/5219/2801
f 2779/5220/2802 2731/5172/2755 2825/5217/2799
f 2767/5191/2782 2731/5152/2755 2779/5221/2802
f 2767/5191/2782 2706/5078/2669 2690/5077/2718
f 2764/5188/2780 2766/5149/2744 2813/5222/2801
f 2731/5172/2755 2621/5171/2643 2825/5217/2799
f 2766/5190/2744 2765/5189/2781 2813/5219/2801
f 2711/5161/2738 2751/5173/2771 2747/5162/2766
f 2636/5094/2661 2780/5223/2803 2712/5095/2740
f 2619/5224/2641 2651/5225/2679 2915/5226/2804
f 2636/5094/2661 2694/5165/2722 2780/5223/2803
f 2638/4974/2663 2665/5003/2693 2647/5227/2673
f 2696/5138/2724 2837/5137/2760 2839/5228/2784
f 2781/5229/2642 2782/5230/2805 2783/5231/2686
f 2771/5200/2790 2770/5197/2788 2784/5232/2806
f 2777/5216/2794 2764/5188/2780 2860/5233/2807
f 2764/5188/2780 2813/5222/2801 2860/5233/2807
f 2720/5133/2749 2744/5154/2764 2735/5134/2759
f 2722/5111/2739 2724/5113/2751 2751/5173/2771
f 2642/5063/2667 2709/5085/2735 2817/5167/2769
f 2694/5165/2722 2880/5234/2808 2780/5223/2803
f 2721/5235/2750 2785/5236/2809 2743/5153/2748
f 2562/4976/2584 2839/5193/2784 2632/5237/2655
f 2713/5096/2741 2786/5238/2810 2749/5166/2768
f 2684/5114/2714 2783/5231/2686 2787/5239/2811
f 2755/5179/2774 2788/5240/2812 2753/5177/2773
f 2759/5183/2777 2753/5177/2773 2805/5241/2813
f 2712/5095/2740 2780/5223/2803 2745/5155/2753
f 2777/5242/2794 2860/5243/2807 2789/5244/2814
f 2744/5154/2764 2743/5153/2748 2790/5245/2815
f 2694/5165/2722 2862/5164/2767 2880/5234/2808
f 2756/5180/2775 2775/5199/2789 2910/5246/2816
f 2768/5192/2783 2735/5134/2759 2744/5154/2764
f 2791/5247/2817 2747/5162/2766 2751/5173/2771
f 2751/5173/2771 2724/5113/2751 2842/5248/2818
f 2792/5249/2819 2756/5180/2775 2910/5246/2816
f 2776/5211/2792 2890/5250/2820 2762/5186/2779
f 2824/5251/2821 2847/5214/2797 2767/5191/2782
f 2790/5245/2815 2743/5153/2748 2793/5252/2822
f 2743/5153/2748 2785/5236/2809 2793/5252/2822
f 2786/5238/2810 2713/5096/2741 2821/5195/2786
f 2794/5253/2765 2738/5142/2762 2710/4880/2619
f 2812/5254/2823 2776/5255/2792 2771/5256/2790
f 2772/5257/2791 2795/5258/2795 2859/5259/2824
f 2796/5260/2796 2900/5261/2825 2797/5262/2798
f 2833/5263/2826 2824/5251/2821 2779/5221/2802
f 2825/5217/2799 2827/5264/2827 2779/5220/2802
f 2798/5265/2828 2799/5266/2829 2747/5162/2766
f 2768/5192/2783 2862/5164/2767 2726/5135/2745
f 2880/5234/2808 2864/5267/2830 2780/5223/2803
f 2721/5235/2750 2695/5268/2723 2785/5236/2809
f 2684/5114/2714 2787/5239/2811 2821/5195/2786
f 2759/5183/2777 2805/5241/2813 2774/5205/2793
f 2777/5242/2794 2789/5244/2814 2775/5199/2789
f 2779/5221/2802 2824/5251/2821 2767/5191/2782
f 2747/5162/2766 2791/5247/2817 2798/5265/2828
f 2800/5269/2831 2862/5164/2767 2768/5192/2783
f 2665/5003/2693 2923/5270/2832 2647/5227/2673
f 2693/5066/2721 2801/5271/2833 2732/5128/2757
f 2749/5166/2768 2786/5238/2810 2802/5272/2834
f 2738/5142/2762 2915/5273/2804 2651/4991/2679
f 2768/5192/2783 2803/5274/2835 2800/5269/2831
f 2744/5154/2764 2803/5274/2835 2768/5192/2783
f 2744/5154/2764 2790/5245/2815 2803/5274/2835
f 2747/5162/2766 2799/5266/2829 2736/5136/2746
f 2771/5256/2790 2784/5275/2806 2812/5254/2823
f 2789/5244/2814 2804/5276/2836 2775/5199/2789
f 2774/5209/2793 2805/5277/2813 2856/5278/2837
f 2762/5186/2779 2890/5250/2820 2825/5217/2799
f 2779/5279/2802 2827/5280/2827 2833/5281/2826
f 2780/5223/2803 2858/5282/2838 2745/5155/2753
f 2780/5223/2803 2864/5267/2830 2858/5282/2838
f 2640/4953/2664 2884/5283/2839 2806/5284/2674
f 2753/5177/2773 2788/5240/2812 2872/5285/2840
f 2791/5247/2817 2829/5286/2841 2798/5265/2828
f 2799/5266/2829 2837/5137/2760 2736/5136/2746
f 2749/5166/2768 2802/5272/2834 2693/5066/2721
f 2693/5066/2721 2802/5272/2834 2801/5271/2833
f 2870/5176/2772 2814/5287/2842 2718/5104/2731
f 2718/5104/2731 2814/5287/2842 2809/5140/2761
f 2770/5197/2788 2769/5196/2787 2784/5232/2806
f 2791/5247/2817 2751/5173/2771 2842/5248/2818
f 2723/5112/2729 2807/5288/2754 2867/5127/2756
f 2787/5239/2811 2783/5231/2686 2875/5289/2843
f 2894/5290/2758 2737/5291/2678 2912/5292/2844
f 2756/5180/2775 2792/5249/2819 2755/5179/2774
f 2675/5020/2704 2650/4978/2617 2794/5156/2765
f 2796/5210/2796 2774/5209/2793 2856/5278/2837
f 2797/5262/2798 2900/5261/2825 2778/5293/2800
f 2790/5245/2815 2808/5294/2845 2803/5274/2835
f 2791/5247/2817 2842/5248/2818 2829/5286/2841
f 2817/5167/2769 2819/5295/2846 2857/5194/2785
f 2809/5296/2761 2810/5297/2847 2737/5291/2678
f 2789/5298/2814 2898/5299/2848 2804/5300/2836
f 2811/5301/2849 2890/5250/2820 2776/5211/2792
f 2813/5222/2801 2816/5302/2850 2860/5233/2807
f 2753/5177/2773 2872/5285/2840 2805/5241/2813
f 2812/5303/2823 2811/5304/2849 2776/5305/2792
f 2778/5293/2800 2902/5306/2851 2813/5307/2801
f 2709/5085/2735 2818/5308/2852 2817/5167/2769
f 2665/5003/2693 2752/5175/2677 2923/5270/2832
f 2752/4975/2677 2806/4968/2674 2884/5309/2839
f 2809/5310/2761 2814/5311/2842 2810/5312/2847
f 2775/5199/2789 2804/5276/2836 2910/5246/2816
f 2724/5113/2751 2867/5127/2756 2869/5313/2853
f 2619/5314/2641 2815/5315/2854 2781/5229/2642
f 2856/5316/2837 2907/5317/2855 2796/5318/2796
f 2796/5318/2796 2907/5317/2855 2900/5319/2825
f 2902/5320/2851 2816/5321/2850 2813/5322/2801
f 2800/5269/2831 2861/5323/2856 2862/5164/2767
f 2817/5324/2769 2818/5325/2852 2819/5326/2846
f 2807/5288/2754 2732/5327/2757 2841/5328/2857
f 2810/5297/2847 2912/5292/2844 2737/5291/2678
f 2755/5179/2774 2792/5249/2819 2788/5240/2812
f 2772/5257/2791 2820/5329/2858 2757/5330/2776
f 2772/5257/2791 2859/5259/2824 2820/5329/2858
f 2724/5113/2751 2869/5313/2853 2842/5248/2818
f 2709/5085/2735 2745/5118/2753 2818/5308/2852
f 2647/4967/2673 2923/5331/2832 2695/5055/2723
f 2632/5332/2655 2839/5333/2784 2968/5334/2859
f 2821/5335/2786 2787/5336/2811 2881/5337/2860
f 2798/5265/2828 2831/5338/2861 2799/5266/2829
f 2798/5265/2828 2829/5286/2841 2831/5338/2861
f 2790/5339/2815 2793/5340/2822 2822/5341/2862
f 2650/4878/2617 2666/4917/2640 2961/5342/2863
f 2650/5343/2617 2961/5344/2863 2794/5345/2765
f 2795/5258/2795 2847/5346/2797 2848/5347/2864
f 2831/5338/2861 2854/5348/2865 2799/5266/2829
f 2807/5288/2754 2841/5328/2857 2867/5127/2756
f 2732/5327/2757 2801/5349/2833 2841/5328/2857
f 2828/5350/2866 2800/5269/2831 2803/5274/2835
f 2799/5266/2829 2854/5348/2865 2837/5137/2760
f 2752/5175/2677 2823/5351/2867 2923/5270/2832
f 2795/5258/2795 2848/5347/2864 2859/5259/2824
f 2824/5352/2821 2834/5353/2868 2847/5354/2797
f 2825/5355/2799 2826/5356/2869 2827/5357/2827
f 2803/5358/2835 2808/5359/2845 2828/5360/2866
f 2829/5361/2841 2830/5362/2870 2831/5363/2861
f 2829/5286/2841 2842/5248/2818 2830/5364/2870
f 2786/5238/2810 2832/5365/2871 2802/5272/2834
f 2824/5366/2821 2833/5367/2826 2834/5368/2868
f 2790/5339/2815 2835/5369/2872 2808/5359/2845
f 2695/5370/2723 2836/5371/2873 2785/5372/2809
f 2837/5373/2760 2838/5374/2874 2839/5375/2784
f 2801/5376/2833 2840/5377/2875 2841/5378/2857
f 2842/5379/2818 2843/5380/2876 2830/5362/2870
f 2800/5381/2831 2828/5360/2866 2861/5382/2856
f 2801/5376/2833 2802/5383/2834 2840/5377/2875
f 2786/5238/2810 2821/5195/2786 2832/5365/2871
f 2738/5142/2762 2913/5384/2877 2915/5273/2804
f 2619/5314/2641 2915/5385/2804 2815/5315/2854
f 2769/5196/2787 2844/5386/2878 2784/5232/2806
f 2812/5387/2823 2784/5388/2806 2845/5389/2879
f 2900/5261/2825 2902/5306/2851 2778/5293/2800
f 2745/5390/2753 2846/5391/2880 2818/5325/2852
f 2782/5230/2805 2781/5229/2642 2815/5315/2854
f 2769/5392/2787 2757/5330/2776 2844/5393/2878
f 2847/5394/2797 2834/5395/2868 2848/5396/2864
f 2808/5359/2845 2835/5369/2872 2849/5397/2881
f 2802/5383/2834 2832/5398/2871 2850/5399/2882
f 2757/5330/2776 2820/5329/2858 2844/5393/2878
f 2789/5244/2814 2860/5243/2807 2855/5400/2883
f 2902/5401/2851 2851/5402/2884 2816/5403/2850
f 2830/5362/2870 2852/5404/2885 2831/5363/2861
f 2808/5359/2845 2849/5397/2881 2828/5360/2866
f 2831/5363/2861 2853/5405/2886 2854/5406/2865
f 2852/5404/2885 2853/5405/2886 2831/5363/2861
f 2830/5362/2870 2843/5380/2876 2852/5404/2885
f 2640/4953/2664 2632/4939/2655 2884/5283/2839
f 2783/5231/2686 2782/5230/2805 2875/5289/2843
f 2789/5298/2814 2855/5407/2883 2898/5299/2848
f 2802/5383/2834 2850/5399/2882 2840/5377/2875
f 2832/5408/2871 2821/5335/2786 2881/5337/2860
f 2920/5409/2887 2856/5410/2837 2805/5411/2813
f 2843/5412/2876 2842/5413/2818 2869/5414/2853
f 2857/5415/2785 2871/5416/2888 2870/5417/2772
f 2745/5390/2753 2858/5418/2838 2846/5391/2880
f 2859/5419/2824 2848/5420/2864 2891/5421/2889
f 2860/5422/2807 2816/5423/2850 2855/5424/2883
f 2861/5425/2856 2905/5426/2890 2862/5427/2767
f 2858/5418/2838 2863/5428/2891 2846/5391/2880
f 2858/5418/2838 2864/5429/2830 2863/5428/2891
f 2880/5430/2808 2879/5431/2892 2864/5432/2830
f 2867/5433/2756 2841/5378/2857 2865/5434/2893
f 2794/5253/2765 2913/5384/2877 2738/5142/2762
f 2784/5388/2806 2844/5435/2878 2845/5389/2879
f 2790/5339/2815 2822/5341/2862 2835/5369/2872
f 2752/4975/2677 2996/5436/2894 2823/5437/2867
f 2752/4975/2677 2884/5309/2839 2996/5436/2894
f 2839/5375/2784 2866/5438/2895 2968/5439/2859
f 2867/5440/2756 2868/5441/2896 2869/5442/2853
f 2870/5443/2772 2871/5444/2888 2814/5311/2842
f 2805/5411/2813 2872/5445/2840 2928/5446/2897
f 2928/5446/2897 2920/5409/2887 2805/5411/2813
f 2825/5355/2799 2890/5447/2820 2826/5356/2869
f 2862/5427/2767 2905/5426/2890 2880/5448/2808
f 2841/5378/2857 2840/5377/2875 2865/5434/2893
f 2832/5398/2871 2873/5449/2898 2850/5399/2882
f 2785/5372/2809 2942/5450/2899 2793/5340/2822
f 2785/5372/2809 2836/5371/2873 2942/5450/2899
f 2782/5451/2805 2874/5452/2900 2875/5453/2843
f 2845/5389/2879 2844/5435/2878 2876/5454/2901
f 2843/5412/2876 2869/5414/2853 2877/5455/2902
f 2854/5406/2865 2878/5456/2903 2837/5373/2760
f 2864/5429/2830 2879/5457/2892 2863/5428/2891
f 2880/5458/2808 2905/5459/2890 2879/5457/2892
f 2881/5460/2860 2873/5449/2898 2832/5398/2871
f 2820/5461/2858 2859/5462/2824 2882/5463/2904
f 2828/5360/2866 2883/5464/2905 2861/5382/2856
f 2632/5332/2655 2968/5334/2859 2884/5465/2839
f 2857/5415/2785 2885/5466/2906 2871/5416/2888
f 2843/5380/2876 2877/5467/2902 2852/5404/2885
f 2839/5375/2784 2838/5374/2874 2866/5438/2895
f 2819/5326/2846 2885/5466/2906 2857/5415/2785
f 2792/5468/2819 2886/5469/2907 2788/5470/2812
f 2859/5471/2824 2887/5472/2908 2882/5473/2904
f 2828/5360/2866 2849/5397/2881 2883/5464/2905
f 2854/5406/2865 2853/5405/2886 2878/5456/2903
f 2835/5369/2872 2822/5341/2862 2888/5474/2909
f 2894/5475/2758 2961/5342/2863 2666/4917/2640
f 2869/5442/2853 2868/5441/2896 2940/5476/2910
f 2811/5477/2849 2889/5478/2911 2890/5479/2820
f 2788/5470/2812 2886/5469/2907 2872/5445/2840
f 2859/5471/2824 2891/5480/2889 2887/5472/2908
f 2818/5325/2852 2846/5391/2880 2892/5481/2912
f 2912/5482/2844 2893/5483/2913 2894/5484/2758
f 2928/5446/2897 2872/5445/2840 2945/5485/2914
f 2835/5369/2872 2888/5474/2909 2849/5397/2881
f 2846/5391/2880 2863/5428/2891 2895/5486/2915
f 2863/5428/2891 2896/5487/2916 2895/5486/2915
f 2883/5464/2905 2952/5488/2917 2861/5382/2856
f 2952/5488/2917 2959/5489/2918 2861/5382/2856
f 2846/5391/2880 2897/5490/2919 2892/5481/2912
f 2846/5391/2880 2895/5486/2915 2897/5490/2919
f 2898/5491/2848 2899/5492/2920 2804/5493/2836
f 2898/5491/2848 2855/5424/2883 2899/5492/2920
f 2852/5404/2885 2956/5494/2921 2853/5405/2886
f 2837/5373/2760 2878/5456/2903 2838/5374/2874
f 2848/5396/2864 2834/5395/2868 2891/5495/2889
f 2900/5496/2825 2901/5497/2922 2902/5498/2851
f 2849/5397/2881 2888/5474/2909 2883/5464/2905
f 2852/5499/2885 2877/5455/2902 2956/5500/2921
f 2818/5325/2852 2892/5481/2912 2819/5326/2846
f 2793/5340/2822 2942/5450/2899 2822/5341/2862
f 2865/5434/2893 2903/5501/2923 2867/5433/2756
f 2804/5493/2836 2899/5492/2920 2904/5502/2924
f 2883/5464/2905 2950/5503/2925 2952/5488/2917
f 2861/5504/2856 2959/5505/2918 2905/5506/2890
f 2787/5336/2811 2906/5507/2926 2881/5337/2860
f 2787/5336/2811 2875/5453/2843 2906/5507/2926
f 2820/5461/2858 2876/5454/2901 2844/5435/2878
f 2856/5508/2837 3080/5509/2927 2907/5510/2855
f 2900/5496/2825 2907/5511/2855 2901/5497/2922
f 2853/5405/2886 2908/5512/2928 2878/5456/2903
f 2815/5513/2854 2909/5514/2929 2782/5515/2805
f 2920/5516/2887 3080/5517/2927 2856/5518/2837
f 2890/5479/2820 2889/5478/2911 2911/5519/2930
f 2853/5405/2886 2956/5494/2921 2908/5512/2928
f 2819/5326/2846 2892/5481/2912 2885/5466/2906
f 2910/5520/2816 2804/5493/2836 2904/5502/2924
f 2811/5477/2849 2926/5521/2931 2889/5478/2911
f 2890/5447/2820 2911/5522/2930 2826/5356/2869
f 2912/5523/2844 2810/5312/2847 2999/5524/2932
f 2908/5512/2928 2979/5525/2933 2878/5456/2903
f 2912/5523/2844 2999/5524/2932 2893/5526/2913
f 2913/5527/2877 2914/5528/2934 2915/5529/2804
f 2855/5424/2883 2816/5423/2850 2916/5530/2935
f 2833/5281/2826 2827/5280/2827 2919/5531/2936
f 2917/5532/2937 2865/5434/2893 2840/5377/2875
f 2950/5503/2925 2883/5464/2905 2918/5533/2938
f 2840/5377/2875 2850/5399/2882 2917/5532/2937
f 2695/5370/2723 3305/5534/2939 2836/5371/2873
f 2871/5444/2888 2997/5535/2940 2814/5311/2842
f 2834/5368/2868 2833/5367/2826 2919/5536/2936
f 2911/5522/2930 2983/5537/2941 2826/5356/2869
f 2938/5538/2942 2851/5402/2884 2902/5401/2851
f 2888/5474/2909 2918/5533/2938 2883/5464/2905
f 2979/5525/2933 2838/5374/2874 2878/5456/2903
f 2814/5311/2842 2997/5535/2940 2810/5312/2847
f 2894/5484/2758 2893/5483/2913 2961/5539/2863
f 2920/5540/2887 2921/5541/2943 3080/5542/2927
f 2826/5356/2869 2983/5537/2941 2922/5543/2944
f 2826/5356/2869 2922/5543/2944 2827/5357/2827
f 2695/5370/2723 2923/5544/2832 3305/5534/2939
f 2884/5545/2839 2968/5546/2859 2996/5547/2894
f 2820/5461/2858 2882/5463/2904 2876/5454/2901
f 2855/5424/2883 2916/5530/2935 2899/5492/2920
f 2834/5395/2868 2919/5548/2936 2924/5549/2945
f 2888/5474/2909 2822/5341/2862 2925/5550/2946
f 2823/5351/2867 3307/5551/2947 2923/5270/2832
f 2865/5434/2893 2917/5532/2937 2903/5501/2923
f 2872/5445/2840 2886/5469/2907 2945/5485/2914
f 2812/5303/2823 2926/5552/2931 2811/5304/2849
f 2979/5525/2933 2927/5553/2948 2838/5374/2874
f 2928/5554/2897 2936/5555/2949 2920/5556/2887
f 2891/5495/2889 2834/5395/2868 2924/5549/2945
f 2816/5403/2850 2851/5402/2884 2916/5557/2935
f 2877/5455/2902 2869/5414/2853 2929/5558/2950
f 2850/5399/2882 2930/5559/2951 2917/5532/2937
f 2897/5490/2919 2931/5560/2952 2892/5481/2912
f 2838/5561/2874 2932/5562/2953 2866/5563/2895
f 2850/5399/2882 2873/5449/2898 2930/5559/2951
f 2873/5449/2898 2933/5564/2954 2930/5559/2951
f 2875/5453/2843 2874/5452/2900 2906/5507/2926
f 2910/5520/2816 2904/5502/2924 2937/5565/2955
f 2851/5566/2884 3118/5567/2956 2982/5568/2957
f 2888/5474/2909 2925/5550/2946 2918/5533/2938
f 2867/5440/2756 2934/5569/2958 2868/5441/2896
f 2915/5529/2804 2914/5528/2934 2815/5570/2854
f 2876/5454/2901 2882/5463/2904 2935/5571/2959
f 2920/5540/2887 2936/5572/2949 2921/5541/2943
f 2815/5513/2854 2914/5573/2934 2909/5514/2929
f 2910/5574/2816 2937/5575/2955 2792/5576/2819
f 2901/5497/2922 2938/5577/2942 2902/5498/2851
f 2851/5566/2884 2938/5578/2942 3118/5567/2956
f 2956/5494/2921 2939/5579/2960 2908/5512/2928
f 2869/5414/2853 2940/5580/2910 2941/5581/2961
f 2822/5582/2862 2942/5583/2899 3205/5584/2962
f 2892/5481/2912 2931/5560/2952 2885/5466/2906
f 2931/5560/2952 2943/5585/2963 2885/5466/2906
f 2945/5586/2914 2936/5555/2949 2928/5554/2897
f 2845/5389/2879 2944/5587/2964 2812/5387/2823
f 2877/5455/2902 2929/5558/2950 2956/5500/2921
f 2822/5341/2862 3205/5588/2962 2925/5550/2946
f 2961/5344/2863 3141/5589/2965 2794/5345/2765
f 2945/5590/2914 2946/5591/2966 2936/5592/2949
f 2869/5414/2853 2941/5581/2961 2929/5558/2950
f 2863/5428/2891 2879/5457/2892 2896/5487/2916
f 2867/5440/2756 2903/5593/2923 2934/5569/2958
f 2909/5514/2929 3072/5594/2967 2782/5515/2805
f 2876/5454/2901 2944/5587/2964 2845/5389/2879
f 2959/5505/2918 2947/5595/2968 2905/5506/2890
f 3072/5596/2967 2874/5452/2900 2782/5451/2805
f 2965/5597/2969 2889/5478/2911 2926/5521/2931
f 2917/5532/2937 3058/5598/2970 2903/5501/2923
f 2891/5495/2889 2924/5549/2945 2948/5599/2971
f 2792/5576/2819 2937/5575/2955 2886/5600/2907
f 3058/5601/2970 2958/5602/2972 2903/5603/2923
f 2873/5449/2898 2881/5460/2860 3021/5604/2973
f 2810/5312/2847 2997/5535/2940 2999/5524/2932
f 2913/5384/2877 2794/5253/2765 3140/5605/2974
f 2887/5606/2908 2891/5495/2889 2948/5599/2971
f 2899/5492/2920 2916/5530/2935 2949/5607/2975
f 2950/5608/2925 2951/5609/2976 2952/5610/2917
f 2917/5532/2937 2930/5559/2951 3090/5611/2977
f 2944/5587/2964 2953/5612/2978 2812/5387/2823
f 2899/5492/2920 2954/5613/2979 2904/5502/2924
f 2927/5614/2948 3138/5615/2980 2838/5561/2874
f 2838/5561/2874 3138/5615/2980 2932/5562/2953
f 2917/5532/2937 3090/5611/2977 3058/5598/2970
f 2873/5449/2898 3021/5604/2973 2933/5564/2954
f 2881/5460/2860 2906/5616/2926 3021/5604/2973
f 2929/5617/2950 2955/5618/2981 2956/5619/2921
f 2908/5512/2928 2939/5579/2960 2979/5525/2933
f 2897/5490/2919 2957/5620/2982 2931/5560/2952
f 2903/5593/2923 2958/5621/2972 2934/5569/2958
f 2956/5494/2921 2955/5622/2981 2939/5579/2960
f 2952/5610/2917 2951/5609/2976 2959/5623/2918
f 2895/5486/2915 2960/5624/2983 2897/5490/2919
f 2866/5625/2895 3326/5626/2984 2968/5627/2859
f 2961/5628/2863 2893/5629/2913 3141/5630/2965
f 2982/5568/2957 2916/5631/2935 2851/5566/2884
f 2966/5632/2985 2951/5609/2976 2950/5608/2925
f 2918/5533/2938 2925/5550/2946 2962/5633/2986
f 2866/5634/2895 2932/5635/2953 3326/5636/2984
f 2931/5560/2952 2957/5620/2982 2943/5585/2963
f 2812/5387/2823 2953/5612/2978 2926/5637/2931
f 2907/5510/2855 3080/5509/2927 2901/5638/2922
f 2941/5639/2961 2940/5640/2910 2963/5641/2987
f 2897/5490/2919 2960/5624/2983 2957/5620/2982
f 2896/5487/2916 2974/5642/2988 2895/5486/2915
f 2879/5457/2892 2972/5643/2989 2896/5487/2916
f 2879/5457/2892 2905/5459/2890 2972/5643/2989
f 2930/5559/2951 2933/5564/2954 3090/5611/2977
f 2871/5444/2888 2970/5644/2990 2997/5535/2940
f 2874/5452/2900 2964/5645/2991 2906/5507/2926
f 2953/5612/2978 2965/5646/2969 2926/5637/2931
f 2922/5647/2944 2919/5531/2936 2827/5280/2827
f 2896/5487/2916 2972/5643/2989 2974/5642/2988
f 3141/5648/2965 3140/5649/2974 2794/5650/2765
f 2950/5503/2925 2918/5533/2938 2966/5651/2985
f 3305/5534/2939 2942/5450/2899 2836/5371/2873
f 2923/5652/2832 3307/5653/2947 3306/5654/2992
f 2969/5655/2993 2996/5547/2894 2968/5546/2859
f 2964/5645/2991 2874/5452/2900 3072/5596/2967
f 2967/5656/2994 3080/5542/2927 2921/5541/2943
f 3230/5657/2995 2938/5577/2942 2901/5497/2922
f 2981/5658/2996 2947/5659/2968 2959/5660/2918
f 2977/5661/2997 2960/5624/2983 2895/5486/2915
f 2977/5661/2997 2895/5486/2915 2974/5642/2988
f 2968/5662/2859 3326/5663/2984 2969/5664/2993
f 2885/5466/2906 2970/5665/2990 2871/5416/2888
f 2945/5485/2914 2886/5469/2907 2946/5666/2966
f 2882/5667/2904 2887/5606/2908 2989/5668/2998
f 2954/5613/2979 2899/5492/2920 2949/5607/2975
f 2918/5533/2938 2962/5633/2986 2966/5651/2985
f 2981/5658/2996 2971/5669/2999 2947/5659/2968
f 2958/5602/2972 3058/5601/2970 2975/5670/3000
f 2936/5572/2949 2967/5656/2994 2921/5541/2943
f 2972/5671/2989 2973/5672/3001 2974/5673/2988
f 2958/5674/2972 2975/5675/3000 2934/5676/2958
f 2913/5677/2877 3342/5678/2974 2914/5679/2934
f 2948/5599/2971 2924/5549/2945 3117/5680/3002
f 2976/5681/3003 2959/5623/2918 2951/5609/2976
f 2974/5673/2988 2973/5672/3001 2977/5682/2997
f 2996/5436/2894 3307/5683/2947 2823/5437/2867
f 2978/5684/3004 2979/5685/2933 2939/5686/2960
f 2948/5599/2971 3117/5680/3002 3248/5687/3005
f 2966/5688/2985 2962/5689/2986 2980/5690/3006
f 2939/5686/2960 2955/5691/2981 2978/5684/3004
f 2929/5617/2950 3010/5692/3007 2955/5618/2981
f 2976/5693/3003 2981/5694/2996 2959/5695/2918
f 2929/5696/2950 2941/5697/2961 3010/5698/3007
f 2957/5620/2982 2960/5624/2983 2943/5585/2963
f 2948/5599/2971 3248/5687/3005 2887/5606/2908
f 2916/5530/2935 2982/5699/2957 2949/5607/2975
f 2983/5700/2941 2984/5701/3008 2922/5702/2944
f 2980/5690/3006 2962/5689/2986 2985/5703/3009
f 2978/5684/3004 2955/5691/2981 2993/5704/3010
f 2980/5690/3006 2951/5705/2976 2966/5688/2985
f 2943/5706/2963 2960/5707/2983 2986/5708/3011
f 2933/5564/2954 2987/5709/3012 3090/5611/2977
f 2933/5564/2954 3021/5604/2973 2987/5709/3012
f 2885/5466/2906 2988/5710/3013 2970/5665/2990
f 2937/5575/2955 3403/5711/3014 2886/5600/2907
f 2989/5712/2998 2990/5713/3015 2882/5463/2904
f 2944/5587/2964 2991/5714/3016 2953/5612/2978
f 2978/5684/3004 3077/5715/3017 2979/5685/2933
f 2905/5716/2890 2947/5659/2968 2972/5671/2989
f 2992/5717/3018 2978/5718/3004 2993/5719/3010
f 2992/5717/3018 2993/5719/3010 2994/5720/3019
f 2980/5690/3006 2985/5703/3009 2995/5721/3020
f 2979/5722/2933 3077/5723/3017 2927/5724/2948
f 2996/5725/2894 3051/5726/3021 3307/5727/2947
f 3140/5728/2974 3342/5678/2974 2913/5677/2877
f 2995/5721/3020 3004/5729/3022 2980/5690/3006
f 3004/5729/3022 2951/5705/2976 2980/5690/3006
f 3305/5730/2939 3350/5731/3023 2942/5732/2899
f 2970/5733/2990 3286/5734/3024 2997/5735/2940
f 3286/5734/3024 2998/5736/3025 2997/5735/2940
f 2997/5735/2940 2998/5736/3025 2999/5737/2932
f 2935/5571/2959 2882/5463/2904 2990/5713/3015
f 2992/5717/3018 2994/5720/3019 3000/5738/3026
f 2994/5720/3019 2993/5719/3010 3009/5739/3027
f 2978/5718/3004 2992/5717/3018 3066/5740/3028
f 3004/5729/3022 3001/5741/3029 2951/5705/2976
f 2885/5466/2906 2943/5585/2963 2988/5710/3013
f 2876/5454/2901 2935/5571/2959 2991/5714/3016
f 2946/5591/2966 3002/5742/3030 2936/5592/2949
f 2924/5549/2945 2919/5548/2936 3117/5680/3002
f 2995/5743/3020 3003/5744/3031 3004/5745/3022
f 2995/5721/3020 2985/5703/3009 3003/5746/3031
f 3001/5741/3029 2976/5693/3003 2951/5705/2976
f 2941/5697/2961 3005/5747/3032 3010/5698/3007
f 2988/5748/3013 3336/5749/3033 2970/5733/2990
f 2876/5454/2901 2991/5714/3016 2944/5587/2964
f 2922/5702/2944 3006/5750/3034 2919/5751/2936
f 3004/5729/3022 3003/5752/3031 3007/5753/3035
f 3000/5738/3026 3066/5740/3028 2992/5717/3018
f 2994/5720/3019 3009/5739/3027 3000/5738/3026
f 3007/5753/3035 3001/5741/3029 3004/5729/3022
f 2993/5704/3010 3008/5754/3036 3009/5755/3027
f 2993/5704/3010 3010/5756/3007 3008/5754/3036
f 2993/5704/3010 2955/5691/2981 3010/5756/3007
f 2925/5757/2946 3011/5758/3037 2962/5759/2986
f 2925/5757/2946 3205/5760/2962 3011/5758/3037
f 2971/5669/2999 3012/5761/3038 2947/5659/2968
f 2960/5707/2983 2977/5682/2997 2986/5708/3011
f 2972/5671/2989 3013/5762/3039 2973/5672/3001
f 2911/5519/2930 2889/5478/2911 3014/5763/3040
f 3015/5764/3041 3003/5765/3031 3016/5766/3042
f 3003/5767/3031 3035/5768/3043 3016/5769/3042
f 3007/5770/3035 3003/5765/3031 3015/5764/3041
f 3009/5739/3027 3097/5771/3044 3000/5738/3026
f 3007/5753/3035 3017/5772/3045 3001/5741/3029
f 3097/5771/3044 3009/5739/3027 3018/5773/3046
f 3008/5754/3036 3018/5774/3046 3009/5755/3027
f 3019/5775/3047 3020/5776/3048 2976/5693/3003
f 3021/5777/2973 3022/5778/3049 2987/5779/3012
f 3080/5509/2927 3230/5780/2995 2901/5638/2922
f 3029/5781/3050 3036/5782/3051 3061/5783/3052
f 3023/5784/3053 3061/5785/3052 3036/5786/3051
f 3024/5787/3054 3025/5788/3055 3031/5789/3056
f 3026/5790/3057 3027/5791/3058 3074/5792/3059
f 3074/5793/3059 3000/5738/3026 3028/5794/3060
f 3007/5770/3035 3015/5764/3041 3017/5795/3045
f 3029/5796/3050 3016/5797/3042 3030/5798/3061
f 3024/5799/3054 3031/5800/3056 3032/5801/3062
f 3024/5799/3054 3032/5801/3062 3033/5802/3063
f 3032/5801/3062 3034/5803/3064 3033/5802/3063
f 3034/5803/3064 3158/5804/3065 3033/5802/3063
f 3026/5790/3057 3158/5805/3065 3027/5791/3058
f 3074/5792/3059 3027/5791/3058 3066/5806/3028
f 3000/5738/3026 3074/5793/3059 3066/5740/3028
f 3097/5771/3044 3028/5794/3060 3000/5738/3026
f 3016/5807/3042 3035/5808/3043 3030/5809/3061
f 3029/5796/3050 3030/5798/3061 3036/5810/3051
f 3036/5786/3051 3037/5811/3066 3023/5784/3053
f 3023/5784/3053 3038/5812/3067 3025/5788/3055
f 3025/5788/3055 3038/5812/3067 3031/5789/3056
f 3158/5804/3065 3034/5803/3064 3055/5813/3068
f 3158/5805/3065 3055/5814/3068 3027/5791/3058
f 3023/5784/3053 3037/5811/3066 3039/5815/3069
f 3023/5784/3053 3039/5815/3069 3038/5812/3067
f 3031/5789/3056 3038/5812/3067 3040/5816/3070
f 3031/5817/3056 3065/5818/3071 3032/5819/3062
f 3034/5803/3064 3032/5801/3062 3041/5820/3072
f 3036/5821/3051 3030/5822/3061 3042/5823/3073
f 3036/5786/3051 3042/5824/3073 3037/5811/3066
f 3032/5825/3062 3065/5826/3071 3043/5827/3074
f 3043/5827/3074 3041/5828/3072 3032/5825/3062
f 3001/5741/3029 3017/5772/3045 3019/5775/3047
f 3018/5774/3046 3008/5754/3036 3044/5829/3075
f 3001/5741/3029 3019/5775/3047 2976/5693/3003
f 3044/5829/3075 3008/5754/3036 3010/5756/3007
f 2985/5830/3009 2962/5759/2986 3045/5831/3076
f 3046/5832/3077 3044/5829/3075 3010/5756/3007
f 3047/5833/3078 3012/5761/3038 2971/5669/2999
f 2941/5639/2961 2963/5641/2987 3048/5834/3079
f 3047/5833/3078 3049/5835/3080 3012/5761/3038
f 3048/5834/3079 2963/5641/2987 3050/5836/3081
f 2973/5672/3001 3013/5762/3039 2977/5682/2997
f 2996/5837/2894 2969/5838/2993 3051/5839/3021
f 2893/5840/2913 2999/5737/2932 4147/5841/3082
f 2946/5842/2966 2886/5843/2907 3207/5844/3083
f 3029/5796/3050 3052/5845/3084 3016/5797/3042
f 3042/5823/3073 3030/5822/3061 3064/5846/3085
f 3039/5815/3069 3053/5847/3086 3038/5812/3067
f 3034/5848/3064 3041/5828/3072 3054/5849/3087
f 3034/5848/3064 3054/5849/3087 3055/5850/3068
f 3055/5814/3068 3083/5851/3088 3027/5791/3058
f 3055/5814/3068 3076/5852/3089 3083/5851/3088
f 3027/5791/3058 3102/5853/3090 3066/5806/3028
f 3066/5740/3028 3162/5854/3091 2978/5718/3004
f 2976/5693/3003 3056/5855/3092 2981/5694/2996
f 3010/5698/3007 3005/5747/3032 3114/5856/3093
f 3005/5747/3032 3048/5857/3079 3069/5858/3094
f 3005/5747/3032 2941/5697/2961 3048/5857/3079
f 2972/5671/2989 3057/5859/3095 3013/5762/3039
f 2975/5675/3000 3058/5860/2970 3059/5861/3096
f 2970/5733/2990 3285/5862/3097 3286/5734/3024
f 2914/5679/2934 3343/5863/3098 2909/5864/2929
f 2886/5865/2907 3403/5866/3014 3207/5867/3083
f 2982/5699/2957 3315/5868/3099 2949/5607/2975
f 3016/5766/3042 3060/5869/3100 3015/5764/3041
f 3029/5796/3050 3061/5870/3052 3052/5845/3084
f 3023/5784/3053 3062/5871/3101 3061/5785/3052
f 3023/5784/3053 3025/5788/3055 3062/5871/3101
f 3024/5787/3054 3095/5872/3102 3025/5788/3055
f 3035/5808/3043 3147/5873/3103 3063/5874/3104
f 3035/5808/3043 3063/5874/3104 3030/5809/3061
f 3030/5809/3061 3063/5874/3104 3064/5875/3085
f 3053/5847/3086 3040/5816/3070 3038/5812/3067
f 3031/5789/3056 3040/5816/3070 3065/5876/3071
f 3055/5814/3068 3054/5877/3087 3076/5852/3089
f 3027/5791/3058 3083/5851/3088 3102/5853/3090
f 3035/5768/3043 3003/5767/3031 3147/5878/3103
f 3102/5879/3090 3162/5880/3091 3066/5881/3028
f 3003/5767/3031 2985/5882/3009 3147/5878/3103
f 2962/5759/2986 3011/5758/3037 3045/5831/3076
f 3047/5833/3078 2971/5669/2999 3067/5883/3105
f 3048/5834/3079 3068/5884/3106 3069/5885/3094
f 3048/5834/3079 3050/5836/3081 3068/5884/3106
f 3049/5835/3080 3070/5886/3107 3012/5761/3038
f 2963/5641/2987 2940/5640/2910 3071/5887/3108
f 3012/5761/3038 3070/5886/3107 2947/5659/2968
f 2940/5640/2910 2868/5888/2896 3071/5887/3108
f 3058/5860/2970 3313/5889/3109 3059/5861/3096
f 3021/5777/2973 2906/5890/2926 3022/5778/3049
f 3336/5749/3033 3285/5862/3097 2970/5733/2990
f 2909/5891/2929 3343/5892/3098 3072/5893/2967
f 3002/5894/3030 3073/5895/3110 2936/5896/2949
f 2982/5699/2957 3316/5897/3111 3315/5868/3099
f 3025/5788/3055 3095/5872/3102 3062/5871/3101
f 3026/5790/3057 3159/5898/3112 3158/5805/3065
f 3074/5899/3059 3028/5900/3060 3075/5901/3113
f 3076/5902/3089 3054/5903/3087 3169/5904/3114
f 3162/5854/3091 3077/5905/3017 2978/5718/3004
f 2976/5693/3003 3078/5906/3115 3056/5855/3092
f 3049/5835/3080 3057/5859/3095 3070/5886/3107
f 2972/5671/2989 2947/5659/2968 3057/5859/3095
f 2975/5675/3000 3059/5861/3096 2934/5676/2958
f 2954/5613/2979 3079/5907/3116 2904/5502/2924
f 2954/5613/2979 2949/5607/2975 3079/5907/3116
f 2967/5908/2994 3327/5909/3117 3080/5910/2927
f 2889/5478/2911 2965/5597/2969 3014/5763/3040
f 3118/5911/2956 3316/5897/3111 2982/5699/2957
f 3016/5766/3042 3081/5912/3118 3060/5869/3100
f 3016/5797/3042 3052/5845/3084 3081/5913/3118
f 3026/5790/3057 3074/5792/3059 3082/5914/3119
f 3037/5811/3066 3214/5915/3120 3039/5815/3069
f 3065/5916/3071 3100/5917/3121 3043/5918/3074
f 3043/5827/3074 3259/5919/3122 3041/5828/3072
f 3083/5920/3088 3076/5921/3089 3122/5922/3123
f 3102/5879/3090 3084/5923/3124 3162/5880/3091
f 3044/5829/3075 3085/5924/3125 3018/5774/3046
f 3086/5925/3126 3044/5829/3075 3046/5832/3077
f 3020/5776/3048 3078/5906/3115 2976/5693/3003
f 3067/5883/3105 2971/5669/2999 2981/5658/2996
f 3069/5885/3094 3068/5884/3106 3087/5926/3127
f 3068/5884/3106 3050/5836/3081 3088/5927/3128
f 3089/5928/3129 3057/5859/3095 3049/5835/3080
f 3071/5887/3108 3050/5836/3081 2963/5641/2987
f 3313/5889/3109 3090/5929/2977 2987/5930/3012
f 3091/5931/3130 2934/5676/2958 3059/5861/3096
f 2989/5668/2998 2887/5606/2908 3248/5687/3005
f 2984/5701/3008 2983/5700/2941 2911/5519/2930
f 3120/5932/3131 3061/5933/3052 3092/5934/3132
f 3092/5935/3132 3061/5785/3052 3062/5871/3101
f 3093/5936/3133 3095/5872/3102 3094/5937/3134
f 3094/5938/3134 3095/5939/3102 3024/5940/3054
f 3024/5799/3054 3033/5802/3063 3096/5941/3135
f 3160/5942/3136 3033/5802/3063 3158/5804/3065
f 3159/5898/3112 3026/5790/3057 3082/5914/3119
f 3028/5900/3060 3097/5943/3044 3098/5944/3137
f 3098/5944/3137 3097/5943/3044 3099/5945/3138
f 3148/5946/3139 3063/5874/3104 3147/5873/3103
f 3100/5947/3121 3065/5876/3071 3040/5816/3070
f 3100/5948/3121 3259/5919/3122 3043/5827/3074
f 3083/5920/3088 3101/5949/3140 3102/5950/3090
f 2985/5830/3009 3045/5831/3076 3103/5951/3141
f 3044/5829/3075 3086/5925/3126 3085/5924/3125
f 3077/5723/3017 3135/5952/3142 2927/5724/2948
f 3047/5833/3078 3089/5928/3129 3049/5835/3080
f 3071/5887/3108 3088/5927/3128 3050/5836/3081
f 3070/5886/3107 3057/5859/3095 2947/5659/2968
f 3071/5887/3108 2868/5888/2896 3088/5927/3128
f 3088/5927/3128 2868/5888/2896 2934/5676/2958
f 3088/5927/3128 2934/5676/2958 3091/5931/3130
f 3104/5953/3143 2964/5954/2991 3072/5893/2967
f 3074/5899/3059 3075/5901/3113 3210/5955/3144
f 3075/5901/3113 3105/5956/3145 3210/5955/3144
f 3106/5957/3146 3107/5958/3147 3060/5869/3100
f 3028/5900/3060 3098/5944/3137 3075/5901/3113
f 3015/5764/3041 3060/5869/3100 3108/5959/3148
f 3060/5869/3100 3107/5958/3147 3108/5959/3148
f 3107/5958/3147 3109/5960/3149 3108/5959/3148
f 3106/5957/3146 3109/5960/3149 3107/5958/3147
f 3075/5901/3113 3098/5944/3137 3105/5956/3145
f 3064/5846/3085 3214/5961/3120 3042/5823/3073
f 3042/5824/3073 3214/5915/3120 3037/5811/3066
f 3053/5847/3086 3100/5947/3121 3040/5816/3070
f 3083/5920/3088 3122/5922/3123 3110/5962/3150
f 3083/5920/3088 3110/5962/3150 3101/5949/3140
f 3097/5963/3044 3018/5774/3046 3099/5964/3138
f 3147/5878/3103 2985/5882/3009 3103/5965/3141
f 3018/5774/3046 3085/5924/3125 3099/5964/3138
f 3017/5772/3045 3111/5966/3151 3019/5775/3047
f 3085/5924/3125 3086/5925/3126 3112/5967/3152
f 3019/5775/3047 3113/5968/3153 3020/5776/3048
f 3086/5925/3126 3046/5832/3077 3129/5969/3154
f 3046/5832/3077 3010/5756/3007 3129/5969/3154
f 3010/5756/3007 3114/5970/3093 3129/5969/3154
f 2977/5682/2997 3115/5971/3155 2986/5708/3011
f 3090/5929/2977 3313/5889/3109 3058/5860/2970
f 2964/5954/2991 3104/5953/3143 2906/5890/2926
f 3014/5763/3040 3116/5972/3156 2911/5519/2930
f 3117/5973/3002 2919/5751/2936 3322/5974/3157
f 3230/5657/2995 3280/5975/3158 2938/5577/2942
f 3118/5976/2956 3119/5977/3159 3316/5978/3111
f 2922/5702/2944 2984/5701/3008 3006/5750/3034
f 3061/5870/3052 3120/5979/3131 3052/5845/3084
f 3033/5802/3063 3160/5942/3136 3096/5941/3135
f 3210/5980/3144 3184/5981/3160 3074/5792/3059
f 3060/5869/3100 3081/5912/3118 3106/5957/3146
f 3015/5764/3041 3111/5982/3151 3017/5795/3045
f 3098/5944/3137 3099/5945/3138 3123/5983/3161
f 3123/5983/3161 3121/5984/3162 3098/5944/3137
f 3169/5904/3114 3122/5985/3123 3076/5902/3089
f 3099/5964/3138 3085/5924/3125 3123/5986/3161
f 3019/5775/3047 3111/5966/3151 3113/5968/3153
f 3085/5924/3125 3112/5967/3152 3123/5986/3161
f 3113/5968/3153 3078/5906/3115 3020/5776/3048
f 3112/5967/3152 3086/5925/3126 3124/5987/3163
f 3161/5988/3164 3131/5989/3165 3125/5990/3166
f 3086/5925/3126 3129/5969/3154 3124/5987/3163
f 3045/5831/3076 3126/5991/3167 3149/5992/3168
f 3045/5831/3076 3011/5758/3037 3126/5991/3167
f 3134/5993/3169 3151/5994/3170 3127/5995/3171
f 3128/5996/3172 3129/5997/3154 3130/5998/3173
f 3131/5999/3165 3132/6000/3174 3125/6001/3166
f 3077/6002/3017 3125/6003/3166 3135/6004/3142
f 3078/5906/3115 3133/6005/3175 3056/5855/3092
f 3149/5992/3168 3126/5991/3167 3134/6006/3169
f 3125/6001/3166 3132/6000/3174 3135/6007/3142
f 3129/5997/3154 3114/6008/3093 3130/5998/3173
f 3126/5991/3167 3011/5758/3037 3136/6009/3176
f 3131/5999/3165 3215/6010/3177 3132/6000/3174
f 3011/5758/3037 3205/5760/2962 3137/6011/3178
f 3069/5858/3094 3217/6012/3179 3005/5747/3032
f 3138/6013/2980 2927/6014/2948 3139/6015/3180
f 2998/5736/3025 4147/5841/3082 2999/5737/2932
f 3140/6016/2974 3141/6017/2965 3142/6018/3181
f 2904/5502/2924 3143/6019/3182 2937/5565/2955
f 2911/5519/2930 3116/5972/3156 2984/5701/3008
f 2938/5577/2942 3280/5975/3158 3118/5976/2956
f 3208/6020/3183 3144/6021/3184 3106/5957/3146
f 3024/5799/3054 3096/5941/3135 3094/6022/3134
f 3074/5792/3059 3184/5981/3160 3082/5914/3119
f 3144/6021/3184 3109/5960/3149 3106/5957/3146
f 3210/5955/3144 3105/5956/3145 3145/6023/3185
f 3105/5956/3145 3121/5984/3162 3145/6023/3185
f 3015/5764/3041 3108/5959/3148 3111/5982/3151
f 3108/5959/3148 3146/6024/3186 3111/5982/3151
f 3109/5960/3149 3146/6024/3186 3108/5959/3148
f 3105/5956/3145 3098/5944/3137 3121/5984/3162
f 3147/6025/3103 3103/6026/3141 3148/6027/3139
f 3063/5874/3104 3171/6028/3187 3064/5875/3085
f 3064/5875/3085 3171/6028/3187 3172/6029/3188
f 3101/6030/3140 3084/5923/3124 3102/5879/3090
f 3127/5995/3171 3170/6031/3189 3149/6032/3168
f 3162/5854/3091 3161/5988/3164 3125/5990/3166
f 3103/6026/3141 3045/6033/3076 3149/6034/3168
f 3149/6032/3168 3134/5993/3169 3127/5995/3171
f 3128/6035/3172 3124/5987/3163 3129/5969/3154
f 3056/5855/3092 3133/6005/3175 3150/6036/3190
f 3126/5991/3167 3136/6009/3176 3151/6037/3170
f 3134/6006/3169 3126/5991/3167 3151/6037/3170
f 3132/6000/3174 3164/6038/3191 3135/6007/3142
f 3114/5856/3093 3005/5747/3032 3201/6039/3192
f 3069/5858/3094 3087/6040/3127 3217/6012/3179
f 3047/5833/3078 3067/5883/3105 3152/6041/3193
f 3047/5833/3078 3152/6041/3193 3089/5928/3129
f 3068/5884/3106 3088/5927/3128 3153/6042/3194
f 3059/5861/3096 3154/6043/3195 3091/5931/3130
f 3059/5861/3096 3313/5889/3109 3154/6043/3195
f 3072/5893/2967 3155/6044/3196 3104/5953/3143
f 3145/6023/3185 3156/6045/3197 3210/5955/3144
f 3208/6020/3183 3106/5957/3146 3157/6046/3198
f 3106/5957/3146 3081/5912/3118 3157/6046/3198
f 3158/6047/3065 3159/6048/3112 3160/6049/3136
f 3063/5874/3104 3148/5946/3139 3171/6028/3187
f 3161/6050/3164 3162/6051/3091 3174/6052/3199
f 3163/6053/3200 3149/6032/3168 3170/6031/3189
f 3103/6026/3141 3149/6034/3168 3163/6054/3200
f 3077/5905/3017 3162/5854/3091 3125/5990/3166
f 3132/6000/3174 3215/6010/3177 3164/6038/3191
f 3135/5952/3142 3164/6055/3191 3165/6056/3201
f 3056/5855/3092 3150/6036/3190 2981/5694/2996
f 3165/6056/3201 2927/5724/2948 3135/5952/3142
f 3005/5747/3032 3217/6012/3179 3201/6039/3192
f 3087/5926/3127 3068/5884/3106 3153/6042/3194
f 3057/5859/3095 3089/5928/3129 3166/6057/3202
f 3088/5927/3128 3091/5931/3130 3153/6042/3194
f 2923/5652/2832 3306/5654/2992 3305/6058/2939
f 2986/5708/3011 2988/6059/3013 2943/5706/2963
f 2914/5679/2934 3342/5678/2974 3343/5863/3098
f 3145/6023/3185 3121/5984/3162 3167/6060/3203
f 3144/6021/3184 3146/6024/3186 3109/5960/3149
f 3052/5845/3084 3168/6061/3204 3081/5913/3118
f 3092/5934/3132 3239/6062/3205 3120/5932/3131
f 3095/5872/3102 3093/5936/3133 3062/5871/3101
f 3172/6029/3188 3212/6063/3206 3064/5875/3085
f 3214/5915/3120 3053/5847/3086 3039/5815/3069
f 3054/5849/3087 3041/5828/3072 3169/6064/3114
f 3103/6026/3141 3163/6054/3200 3148/6027/3139
f 3148/5946/3139 3163/6065/3200 3170/6066/3189
f 3148/5946/3139 3170/6066/3189 3171/6028/3187
f 3171/6067/3187 3170/6031/3189 3172/6068/3188
f 3101/5949/3140 3110/5962/3150 3174/6052/3199
f 3101/5949/3140 3174/6052/3199 3084/6069/3124
f 3111/5982/3151 3173/6070/3207 3113/6071/3153
f 3162/5880/3091 3084/5923/3124 3174/6072/3199
f 3078/5906/3115 3175/6073/3208 3133/6005/3175
f 3133/6005/3175 3175/6073/3208 3176/6074/3209
f 3011/5758/3037 3137/6011/3178 3136/6009/3176
f 3057/5859/3095 3166/6057/3202 3013/5762/3039
f 3177/6075/3210 2988/6059/3013 2986/5708/3011
f 2991/5714/3016 2935/5571/2959 3385/6076/3211
f 3157/6046/3198 3178/6077/3212 3208/6020/3183
f 3179/6078/3213 3180/6079/3214 3157/6046/3198
f 3157/6046/3198 3081/5912/3118 3179/6078/3213
f 3168/6061/3204 3052/5845/3084 3120/5979/3131
f 3181/6080/3215 3082/5914/3119 3184/5981/3160
f 3181/6080/3215 3184/5981/3160 3182/6081/3216
f 3183/6082/3217 3184/6083/3160 3210/6084/3144
f 3185/6085/3218 3131/6086/3165 3161/6050/3164
f 3124/5987/3163 3128/6035/3172 3186/6087/3219
f 3127/5995/3171 3151/5994/3170 3187/6088/3220
f 3164/6038/3191 3215/6010/3177 3188/6089/3221
f 3188/6090/3221 3165/6056/3201 3164/6055/3191
f 3152/6041/3193 3189/6091/3222 3089/5928/3129
f 3189/6091/3222 3166/6057/3202 3089/5928/3129
f 3177/6075/3210 2986/5708/3011 3115/5971/3155
f 2977/5682/2997 3013/5762/3039 3190/6092/3223
f 2949/5607/2975 3315/5868/3099 3079/5907/3116
f 3387/6093/3224 3014/5763/3040 2965/5597/2969
f 3322/5974/3157 2919/5751/2936 3006/5750/3034
f 3144/6021/3184 3208/6020/3183 3191/6094/3225
f 3302/6095/3226 3178/6077/3212 3157/6046/3198
f 3302/6095/3226 3157/6046/3198 3180/6079/3214
f 3159/5898/3112 3082/5914/3119 3122/6096/3123
f 3183/6097/3217 3182/6081/3216 3184/5981/3160
f 3168/6061/3204 3199/6098/3227 3081/5913/3118
f 3168/6061/3204 3120/5979/3131 3212/6099/3206
f 3082/5914/3119 3181/6080/3215 3122/6096/3123
f 3168/6061/3204 3172/6100/3188 3199/6098/3227
f 3168/6061/3204 3212/6099/3206 3172/6100/3188
f 3181/6101/3215 3110/5962/3150 3122/5922/3123
f 3053/5847/3086 3192/6102/3228 3100/5947/3121
f 3110/5962/3150 3181/6101/3215 3174/6052/3199
f 3113/5968/3153 3226/6103/3229 3078/5906/3115
f 3128/5996/3172 3130/5998/3173 3193/6104/3230
f 3131/5999/3165 3216/6105/3231 3215/6010/3177
f 3133/6005/3175 3176/6074/3209 3150/6036/3190
f 3136/6009/3176 3137/6011/3178 3151/6037/3170
f 3067/5883/3105 2981/5658/2996 3202/6106/3232
f 3165/6056/3201 3139/6107/3180 2927/5724/2948
f 3313/5889/3109 2987/5930/3012 3194/6108/3233
f 3013/5762/3039 3166/6057/3202 3190/6092/3223
f 3091/5931/3130 3154/6043/3195 3195/6109/3234
f 2953/5612/2978 3387/6110/3224 2965/5646/2969
f 2936/5572/2949 3073/6111/3110 2967/5656/2994
f 3178/6077/3212 3209/6112/3235 3208/6020/3183
f 3182/6081/3216 3183/6097/3217 3196/6113/3236
f 3210/6084/3144 3196/6114/3236 3183/6082/3217
f 3179/6115/3213 3199/6098/3227 3211/6116/3237
f 3197/6117/3238 3181/6080/3215 3182/6081/3216
f 3167/6060/3203 3121/5984/3162 3198/6118/3239
f 3081/5912/3118 3199/6119/3227 3179/6078/3213
f 3211/6116/3237 3199/6098/3227 3172/6100/3188
f 3146/6024/3186 3173/6070/3207 3111/5982/3151
f 3064/6120/3085 3212/6121/3206 3213/6122/3240
f 3121/5984/3162 3123/5983/3161 3198/6118/3239
f 3232/6123/3241 3161/6050/3164 3174/6052/3199
f 3112/5967/3152 3234/6124/3242 3123/5986/3161
f 3124/5987/3163 3200/6125/3243 3112/5967/3152
f 3131/5999/3165 3185/6126/3218 3216/6105/3231
f 3311/6127/3244 3130/5998/3173 3114/6008/3093
f 3114/6008/3093 3201/6128/3192 3311/6127/3244
f 3150/6036/3190 3202/6129/3232 2981/5694/2996
f 3203/6130/3245 3153/6042/3194 3091/5931/3130
f 3301/6131/3246 3204/6132/3247 3166/6057/3202
f 3205/6133/2962 2942/5732/2899 3206/6134/3248
f 3091/5931/3130 3195/6109/3234 3203/6130/3245
f 3022/5778/3049 3219/6135/3249 2987/5779/3012
f 2946/6136/2966 3207/6137/3083 3002/6138/3030
f 3156/6139/3197 3145/6140/3185 3266/6141/3250
f 3266/6141/3250 3145/6140/3185 3167/6142/3203
f 3249/6143/3251 3208/6144/3183 3209/6145/3235
f 3156/6146/3197 3196/6147/3236 3210/6148/3144
f 3180/6079/3214 3179/6078/3213 3238/6149/3252
f 3179/6078/3213 3211/6150/3237 3238/6149/3252
f 3144/6021/3184 3261/6151/3253 3146/6024/3186
f 3062/5871/3101 3093/5936/3133 3092/5935/3132
f 3120/6152/3131 3245/6153/3254 3212/6154/3206
f 3146/6024/3186 3261/6151/3253 3173/6070/3207
f 3064/6155/3085 3213/6156/3240 3214/6157/3120
f 3181/6101/3215 3232/6123/3241 3174/6052/3199
f 3127/5995/3171 3274/6158/3255 3170/6031/3189
f 3173/6159/3207 3226/6103/3229 3113/5968/3153
f 3078/5906/3115 3226/6103/3229 3175/6073/3208
f 3151/6037/3170 3137/6011/3178 3235/6160/3256
f 3215/6161/3177 3216/6162/3231 3188/6090/3221
f 3311/6127/3244 3193/6104/3230 3130/5998/3173
f 3217/6163/3179 3087/5926/3127 3218/6164/3257
f 2977/5682/2997 3190/6092/3223 3115/5971/3155
f 3166/6057/3202 3189/6091/3222 3301/6131/3246
f 2987/6165/3012 3219/6166/3249 3194/6167/3233
f 3072/5893/2967 3343/5892/3098 3155/6044/3196
f 2893/5629/2913 4147/6168/3082 3220/6169/3258
f 2904/5502/2924 3079/5907/3116 3143/6019/3182
f 3208/6144/3183 3249/6143/3251 3191/6170/3225
f 3191/6094/3225 3261/6151/3253 3144/6021/3184
f 3196/6147/3236 3197/6171/3238 3182/6172/3216
f 3160/5942/3136 3221/6173/3259 3096/5941/3135
f 3159/6048/3112 3222/6174/3260 3223/6175/3261
f 3167/6142/3203 3198/6176/3239 3233/6177/3262
f 3159/6048/3112 3122/5985/3123 3222/6174/3260
f 3172/6068/3188 3170/6031/3189 3274/6158/3255
f 3259/5919/3122 3224/6178/3263 3041/5828/3072
f 3041/5828/3072 3224/6178/3263 3169/6064/3114
f 3225/6179/3264 3226/6180/3229 3173/6181/3207
f 3112/5967/3152 3200/6125/3243 3227/6182/3265
f 3186/6087/3219 3200/6125/3243 3124/5987/3163
f 3128/6035/3172 3193/6183/3230 3186/6087/3219
f 3165/6056/3201 3188/6090/3221 3228/6184/3266
f 3202/6106/3232 3229/6185/3267 3067/5883/3105
f 3201/6186/3192 3217/6163/3179 3218/6164/3257
f 3067/5883/3105 3229/6185/3267 3152/6041/3193
f 3087/5926/3127 3153/6042/3194 3218/6164/3257
f 3203/6130/3245 3299/6187/3268 3153/6042/3194
f 2935/5571/2959 3520/6188/3269 3385/6076/3211
f 2991/5714/3016 3385/6076/3211 2953/5612/2978
f 3230/6189/2995 3080/6190/2927 3327/6191/3117
f 3280/5975/3158 3119/5977/3159 3118/5976/2956
f 3295/6192/3270 3191/6170/3225 3249/6143/3251
f 3231/6193/3271 3266/6141/3250 3167/6142/3203
f 3266/6194/3250 3288/6195/3272 3156/6146/3197
f 3160/6049/3136 3159/6048/3112 3256/6196/3273
f 3159/6048/3112 3223/6175/3261 3256/6196/3273
f 3172/6068/3188 3274/6158/3255 3211/6197/3237
f 3181/6198/3215 3197/6171/3238 3232/6199/3241
f 3198/6118/3239 3303/6200/3274 3233/6201/3262
f 3198/6118/3239 3123/5983/3161 3303/6200/3274
f 3123/5983/3161 3234/6202/3242 3303/6200/3274
f 3187/6088/3220 3151/5994/3170 3235/6203/3256
f 3176/6074/3209 3277/6204/3275 3150/6036/3190
f 3189/6091/3222 3236/6205/3276 3301/6131/3246
f 3205/6133/2962 3206/6134/3248 3137/6206/3178
f 3167/6142/3203 3233/6177/3262 3231/6193/3271
f 3238/6149/3252 3270/6207/3277 3180/6079/3214
f 3271/6208/3278 3270/6207/3277 3238/6149/3252
f 3238/6149/3252 3237/6209/3279 3271/6208/3278
f 3211/6197/3237 3237/6210/3279 3238/6211/3252
f 3120/6152/3131 3239/6212/3205 3240/6213/3280
f 3241/6214/3281 3092/5935/3132 3242/6215/3282
f 3093/5936/3133 3242/6215/3282 3092/5935/3132
f 3161/6050/3164 3232/6123/3241 3185/6085/3218
f 3263/6216/3283 3188/6090/3221 3216/6162/3231
f 3188/6090/3221 3263/6216/3283 3228/6184/3266
f 3311/6127/3244 3243/6217/3284 3193/6104/3230
f 3277/6204/3275 3202/6129/3232 3150/6036/3190
f 3201/6186/3192 3218/6164/3257 3299/6187/3268
f 3152/6041/3193 3229/6185/3267 3189/6091/3222
f 3138/6013/2980 3139/6015/3180 2932/6218/2953
f 3166/6057/3202 3204/6132/3247 3190/6092/3223
f 3177/6219/3210 3264/6220/3285 2988/6221/3013
f 3022/5778/3049 2906/5890/2926 3104/5953/3143
f 3244/6222/3286 3197/6171/3238 3196/6147/3236
f 3240/6213/3280 3245/6153/3254 3120/6152/3131
f 3211/6197/3237 3274/6158/3255 3237/6210/3279
f 3245/6223/3254 3213/6122/3240 3212/6121/3206
f 3187/6088/3220 3274/6158/3255 3127/5995/3171
f 3226/6103/3229 3176/6074/3209 3175/6073/3208
f 3235/6160/3256 3137/6011/3178 3246/6224/3287
f 3247/6225/3288 3165/6056/3201 3228/6184/3266
f 3229/6185/3267 3202/6106/3232 3236/6205/3276
f 3218/6164/3257 3153/6042/3194 3299/6187/3268
f 3229/6185/3267 3236/6205/3276 3189/6091/3222
f 2893/5629/2913 3220/6169/3258 3141/5630/2965
f 2935/5571/2959 2990/5713/3015 3520/6188/3269
f 3385/6076/3211 3387/6110/3224 2953/5612/2978
f 2989/5712/2998 3248/6226/3005 3382/6227/3289
f 3249/6228/3251 3209/6229/3235 3250/6230/3290
f 3295/6192/3270 3253/6231/3291 3191/6170/3225
f 3251/6232/3292 3231/6193/3271 3233/6177/3262
f 3209/6229/3235 3178/6233/3212 3252/6234/3293
f 3253/6235/3291 3261/6151/3253 3191/6094/3225
f 3302/6095/3226 3180/6079/3214 3270/6207/3277
f 3197/6171/3238 3244/6222/3286 3232/6199/3241
f 3241/6236/3281 3239/6062/3205 3092/5934/3132
f 3254/6237/3294 3242/6215/3282 3093/5936/3133
f 3093/5936/3133 3255/6238/3295 3254/6237/3294
f 3094/5937/3134 3255/6238/3295 3093/5936/3133
f 3160/5942/3136 3256/6239/3273 3221/6173/3259
f 3222/6174/3260 3122/5985/3123 3257/6240/3296
f 3245/6223/3254 3292/6241/3297 3213/6122/3240
f 3053/5847/3086 3214/5915/3120 3192/6102/3228
f 3100/6242/3121 3192/6243/3228 3258/6244/3298
f 3100/6245/3121 3258/6246/3298 3259/6247/3122
f 3169/5904/3114 3260/6248/3299 3122/5985/3123
f 3122/5985/3123 3260/6248/3299 3257/6240/3296
f 3173/6181/3207 3261/6249/3253 3262/6250/3300
f 3226/6103/3229 3277/6204/3275 3176/6074/3209
f 3200/6125/3243 3186/6087/3219 3243/6251/3284
f 3186/6252/3219 3193/6104/3230 3243/6217/3284
f 3185/6126/3218 3263/6253/3283 3216/6105/3231
f 3247/6225/3288 3228/6184/3266 3263/6216/3283
f 3115/5971/3155 3190/6092/3223 3364/6254/3301
f 2988/5748/3013 3264/6255/3285 3336/5749/3033
f 3117/5680/3002 3322/6256/3157 3248/5687/3005
f 3265/6257/3302 3266/6258/3250 3267/6259/3303
f 3268/6260/3304 3249/6228/3251 3250/6230/3290
f 3266/6141/3250 3231/6193/3271 3267/6261/3303
f 3094/6262/3134 3269/6263/3305 3255/6264/3295
f 3096/5941/3135 3269/6265/3305 3094/6022/3134
f 3270/6266/3277 3271/6267/3278 3272/6268/3306
f 3271/6267/3278 3273/6269/3307 3272/6268/3306
f 3237/6210/3279 3274/6158/3255 3271/6270/3278
f 3271/6267/3278 3274/6271/3255 3273/6269/3307
f 3173/6181/3207 3262/6250/3300 3225/6179/3264
f 3112/5967/3152 3227/6182/3265 3234/6124/3242
f 3275/6272/3308 3247/6225/3288 3263/6216/3283
f 3276/6273/3309 3187/6088/3220 3246/6274/3287
f 3187/6088/3220 3235/6203/3256 3246/6274/3287
f 3201/6128/3192 3299/6275/3268 3311/6127/3244
f 3247/6225/3288 3139/6107/3180 3165/6056/3201
f 3202/6106/3232 3277/6276/3275 3236/6205/3276
f 3299/6187/3268 3203/6130/3245 4032/6277/3310
f 2937/5575/2955 3143/6278/3182 3403/5711/3014
f 3315/6279/3099 3278/6280/3311 3279/6281/3312
f 3230/6282/2995 3388/6283/3313 3280/6284/3158
f 3265/6257/3302 3317/6285/3314 3266/6258/3250
f 3209/6229/3235 3281/6286/3315 3250/6230/3290
f 3156/6146/3197 3282/6287/3316 3196/6147/3236
f 3178/6233/3212 3302/6288/3226 3252/6234/3293
f 3270/6266/3277 3272/6268/3306 3283/6289/3317
f 3169/5904/3114 3224/6290/3263 3260/6248/3299
f 3244/6222/3286 3284/6291/3318 3232/6199/3241
f 3303/6292/3274 3234/6124/3242 3310/6293/3319
f 3232/6123/3241 3284/6294/3318 3185/6085/3218
f 3273/6295/3307 3274/6158/3255 3187/6088/3220
f 3284/6296/3318 3275/6297/3308 3185/6298/3218
f 3187/6088/3220 3276/6273/3309 3273/6295/3307
f 3200/6125/3243 3516/6299/3320 3227/6182/3265
f 3263/6300/3283 3185/6298/3218 3275/6297/3308
f 3243/6217/3284 3311/6127/3244 3200/6301/3243
f 2942/5732/2899 3350/5731/3023 3206/6134/3248
f 2932/6218/2953 3139/6015/3180 3326/6302/2984
f 3195/6109/3234 3563/6303/3321 3203/6130/3245
f 3285/6304/3097 3916/6305/3322 3286/6306/3024
f 2990/5713/3015 2989/5712/2998 3287/6307/3323
f 3315/6308/3099 3279/6309/3312 3079/6310/3116
f 3268/6260/3304 3295/6311/3270 3249/6228/3251
f 3266/6258/3250 3317/6285/3314 3288/6312/3272
f 3281/6286/3315 3209/6229/3235 3252/6234/3293
f 3288/6195/3272 3282/6287/3316 3156/6146/3197
f 3282/6287/3316 3289/6313/3324 3196/6147/3236
f 3289/6313/3324 3244/6222/3286 3196/6147/3236
f 3242/6215/3282 3290/6314/3325 3241/6214/3281
f 3242/6215/3282 3291/6315/3326 3290/6314/3325
f 3254/6237/3294 3291/6315/3326 3242/6215/3282
f 3221/6173/3259 3269/6265/3305 3096/5941/3135
f 3223/6175/3261 3260/6248/3299 3256/6196/3273
f 3222/6174/3260 3257/6240/3296 3223/6175/3261
f 3241/6236/3281 3292/6316/3297 3239/6062/3205
f 3254/6237/3294 3192/6243/3228 3291/6315/3326
f 3254/6237/3294 3258/6244/3298 3192/6243/3228
f 3255/6238/3295 3258/6244/3298 3254/6237/3294
f 3221/6173/3259 3224/6317/3263 3269/6265/3305
f 3221/6173/3259 3256/6239/3273 3224/6317/3263
f 3223/6175/3261 3257/6240/3296 3260/6248/3299
f 3239/6212/3205 3292/6318/3297 3240/6213/3280
f 3241/6236/3281 3290/6319/3325 3292/6316/3297
f 3269/6263/3305 3258/6320/3298 3255/6264/3295
f 3256/6321/3273 3260/6322/3299 3224/6323/3263
f 3240/6213/3280 3292/6318/3297 3245/6153/3254
f 3290/6319/3325 3213/6324/3240 3292/6316/3297
f 3291/6315/3326 3214/6325/3120 3290/6314/3325
f 3291/6315/3326 3192/6243/3228 3214/6325/3120
f 3290/6314/3325 3214/6325/3120 3213/6326/3240
f 3269/6265/3305 3259/6327/3122 3258/6328/3298
f 3269/6265/3305 3224/6317/3263 3259/6327/3122
f 3284/6296/3318 3293/6329/3327 3275/6297/3308
f 3294/6330/3328 3295/6331/3270 3268/6332/3304
f 3289/6313/3324 3284/6291/3318 3244/6222/3286
f 3261/6249/3253 3296/6333/3329 3262/6250/3300
f 3272/6268/3306 3297/6334/3330 3283/6289/3317
f 3297/6334/3330 3272/6268/3306 3273/6269/3307
f 3273/6269/3307 3276/6335/3309 3298/6336/3331
f 3299/6337/3268 4032/6338/3310 3789/6339/3332
f 3236/6205/3276 3956/6340/3333 3301/6131/3246
f 3956/6341/3333 3300/6342/3334 3301/6343/3246
f 3195/6109/3234 3154/6043/3195 3563/6303/3321
f 2990/5713/3015 3287/6307/3323 3520/6188/3269
f 3270/6266/3277 3283/6289/3317 3302/6344/3226
f 3233/6177/3262 3303/6345/3274 3304/6346/3335
f 3273/6269/3307 3298/6336/3331 3297/6334/3330
f 3200/6301/3243 3311/6127/3244 3516/6347/3320
f 3306/6348/2992 4108/6349/3336 3305/6350/2939
f 3306/6351/2992 3307/6352/2947 4495/6353/3337
f 3286/6306/3024 3916/6305/3322 2998/6354/3025
f 3230/6189/2995 3327/6191/3117 3388/6355/3313
f 3116/6356/3156 3361/6357/3338 2984/6358/3008
f 3253/6231/3291 3295/6192/3270 3356/6359/3339
f 3252/6234/3293 3302/6288/3226 3308/6360/3340
f 3296/6333/3329 3309/6361/3341 3262/6250/3300
f 3289/6313/3324 3293/6362/3327 3284/6291/3318
f 3310/6363/3319 3304/6346/3335 3303/6345/3274
f 3276/6364/3309 3246/6224/3287 3137/6011/3178
f 3226/6103/3229 3379/6365/3342 3277/6204/3275
f 3299/6337/3268 3789/6339/3332 3311/6366/3244
f 3155/6367/3196 3476/6368/3343 3104/6369/3143
f 2989/5712/2998 3382/6227/3289 3287/6307/3323
f 3231/6193/3271 3251/6232/3292 3267/6261/3303
f 3253/6370/3291 3296/6333/3329 3261/6249/3253
f 3309/6361/3341 3312/6371/3344 3262/6250/3300
f 3234/6124/3242 3227/6182/3265 3310/6293/3319
f 3276/6335/3309 3331/6372/3345 3298/6336/3331
f 3349/6373/3346 3517/6374/3347 3275/6375/3308
f 3517/6376/3347 3247/6225/3288 3275/6272/3308
f 3313/6377/3109 4066/6378/3348 3154/6379/3195
f 3203/6380/3245 3563/6381/3321 4032/6382/3310
f 3140/6383/2974 3565/6384/3349 3342/6385/2974
f 3387/6386/3224 3314/6387/3350 3014/6388/3040
f 3315/6389/3099 3316/6390/3111 3278/6391/3311
f 2984/6358/3008 3361/6357/3338 3006/6392/3034
f 3317/6393/3314 3265/6394/3302 3368/6395/3351
f 3265/6394/3302 3267/6396/3303 3318/6397/3352
f 3357/6398/3353 3295/6331/3270 3294/6330/3328
f 3288/6195/3272 3319/6399/3354 3282/6287/3316
f 3302/6344/3226 3283/6289/3317 3308/6400/3340
f 3310/6363/3319 3320/6401/3355 3304/6346/3335
f 3247/6225/3288 3517/6376/3347 3139/6107/3180
f 3313/6377/3109 3194/6167/3233 4066/6378/3348
f 3190/6092/3223 3321/6402/3356 3364/6254/3301
f 3079/6403/3116 3279/6281/3312 4070/6404/3357
f 3322/6405/3157 3323/6406/3358 3248/6407/3005
f 3119/6408/3159 3278/6409/3311 3316/6410/3111
f 3268/6411/3304 3250/6412/3290 3340/6413/3359
f 3318/6397/3352 3267/6396/3303 3324/6414/3360
f 3296/6333/3329 3312/6371/3344 3309/6361/3341
f 3283/6289/3317 3297/6334/3330 3312/6371/3344
f 3298/6336/3331 3312/6371/3344 3297/6334/3330
f 3190/6092/3223 3204/6132/3247 3321/6402/3356
f 3204/6132/3247 3301/6131/3246 3339/6415/3361
f 3206/6134/3248 3350/5731/3023 3325/6416/3362
f 3326/6417/2984 4463/6418/3363 2969/6419/2993
f 3142/6420/3181 4476/6421/3364 3140/6383/2974
f 2967/5656/2994 3376/6422/3365 3327/6423/3117
f 3322/6405/3157 3006/6424/3034 3328/6425/3366
f 3250/6230/3290 3281/6286/3315 3346/6426/3367
f 3267/6261/3303 3251/6232/3292 3378/6427/3368
f 3319/6399/3354 3371/6428/3369 3282/6287/3316
f 3356/6429/3339 3329/6430/3370 3253/6431/3291
f 3253/6431/3291 3329/6430/3370 3333/6432/3371
f 3293/6433/3327 3330/6434/3372 3320/6401/3355
f 3304/6346/3335 3320/6401/3355 3330/6434/3372
f 3293/6329/3327 3349/6435/3346 3275/6297/3308
f 3226/6180/3229 3225/6179/3264 3379/6436/3342
f 3276/6437/3309 3137/6438/3178 3331/6439/3345
f 3311/6366/3244 3789/6339/3332 3332/6440/3373
f 3204/6132/3247 3339/6415/3361 3321/6402/3356
f 3306/6351/2992 4530/6441/3374 4108/6442/3336
f 3073/6111/3110 3376/6422/3365 2967/5656/2994
f 3268/6443/3304 3354/6444/3375 3294/6445/3328
f 3265/6394/3302 3383/6446/3376 3368/6395/3351
f 3265/6394/3302 3318/6397/3352 3383/6446/3376
f 3253/6370/3291 3333/6447/3371 3296/6333/3329
f 3334/6448/3377 3312/6371/3344 3296/6333/3329
f 3225/6179/3264 3262/6250/3300 3312/6371/3344
f 3310/6449/3319 3227/6450/3265 3320/6451/3355
f 4066/6378/3348 3335/6452/3378 3154/6379/3195
f 3307/5727/2947 3051/5726/3021 4495/6453/3337
f 3336/6454/3033 3337/6455/3379 3285/6304/3097
f 3354/6444/3375 3268/6443/3304 3340/6456/3359
f 3383/6446/3376 3318/6397/3352 3384/6457/3380
f 3368/6395/3351 3345/6458/3381 3317/6393/3314
f 3357/6459/3353 3356/6359/3339 3295/6192/3270
f 3281/6286/3315 3252/6234/3293 3338/6460/3382
f 3308/6360/3340 3338/6460/3382 3252/6234/3293
f 3251/6232/3292 3233/6177/3262 3304/6346/3335
f 3283/6289/3317 3312/6371/3344 3334/6448/3377
f 3289/6461/3324 3330/6434/3372 3293/6433/3327
f 3301/6343/3246 3300/6342/3334 3339/6462/3361
f 3336/6454/3033 3264/6463/3285 3337/6455/3379
f 3354/6444/3375 3367/6464/3383 3294/6445/3328
f 3340/6465/3359 3346/6466/3367 3341/6467/3384
f 3340/6413/3359 3250/6412/3290 3346/6468/3367
f 3324/6414/3360 3267/6396/3303 3378/6469/3368
f 3319/6470/3354 3395/6471/3385 3371/6472/3369
f 3331/6372/3345 3379/6436/3342 3312/6371/3344
f 3298/6336/3331 3331/6372/3345 3312/6371/3344
f 3342/6473/2974 3884/6474/3386 3343/6475/3098
f 3073/5895/3110 3002/5894/3030 3360/6476/3387
f 3384/6457/3380 3318/6397/3352 3344/6477/3388
f 3319/6478/3354 3317/6479/3314 3345/6480/3381
f 3319/6481/3354 3288/6312/3272 3317/6285/3314
f 3347/6482/3389 3346/6483/3367 3281/6484/3315
f 3281/6286/3315 3338/6460/3382 3347/6485/3389
f 3348/6486/3390 3251/6232/3292 3304/6346/3335
f 3333/6447/3371 3334/6448/3377 3296/6333/3329
f 3308/6400/3340 3283/6289/3317 3334/6448/3377
f 3293/6487/3327 3320/6451/3355 3349/6488/3346
f 3349/6488/3346 3320/6451/3355 3227/6450/3265
f 3379/6436/3342 3225/6179/3264 3312/6371/3344
f 3331/6439/3345 3137/6438/3178 3561/6489/3391
f 3325/6490/3362 3350/6491/3023 3351/6492/3392
f 3337/6455/3379 3916/6305/3322 3285/6304/3097
f 3141/6017/2965 3220/6493/3258 3142/6018/3181
f 3207/6137/3083 3760/6494/3393 3002/6138/3030
f 3143/6495/3182 3079/6403/3116 4070/6404/3357
f 3360/6496/3387 3376/6497/3365 3073/6498/3110
f 3352/6499/3394 3116/6500/3156 3014/6388/3040
f 3328/6425/3366 3006/6424/3034 3353/6501/3395
f 3340/6465/3359 3373/6502/3396 3354/6503/3375
f 3294/6445/3328 3355/6504/3397 3357/6505/3353
f 3415/6506/3398 3356/6507/3339 3357/6508/3353
f 3371/6428/3369 3289/6313/3324 3282/6287/3316
f 3516/6347/3320 3311/6127/3244 3332/6509/3373
f 3344/6477/3388 3318/6397/3352 3324/6414/3360
f 3378/6427/3368 3251/6232/3292 3358/6510/3399
f 3304/6346/3335 3330/6434/3372 3348/6486/3390
f 3305/5730/2939 4305/6511/3400 3350/5731/3023
f 4108/6512/3336 4305/6511/3400 3305/5730/2939
f 3104/6513/3143 3359/6514/3401 3022/6515/3049
f 3002/6516/3030 3760/6517/3393 3360/6518/3387
f 3116/6500/3156 3352/6499/3394 3361/6519/3338
f 3367/6464/3383 3355/6504/3397 3294/6445/3328
f 3368/6395/3351 3394/6520/3402 3345/6458/3381
f 3345/6480/3381 3395/6521/3385 3319/6478/3354
f 3251/6232/3292 3348/6486/3390 3358/6510/3399
f 3362/6522/3403 3333/6432/3371 3329/6430/3370
f 3348/6486/3390 3330/6434/3372 3416/6523/3404
f 3321/6524/3356 3363/6525/3405 3364/6526/3301
f 3306/6351/2992 4495/6353/3337 4530/6441/3374
f 3154/6379/3195 3365/6527/3406 3563/6528/3321
f 4476/6421/3364 3565/6384/3349 3140/6383/2974
f 3014/6388/3040 3314/6387/3350 3352/6499/3394
f 3354/6529/3375 3366/6530/3407 3367/6531/3383
f 3368/6532/3351 3383/6533/3376 3369/6534/3408
f 3324/6414/3360 3378/6469/3368 3370/6535/3409
f 3362/6522/3403 3308/6360/3340 3333/6432/3371
f 3416/6523/3404 3330/6434/3372 3371/6536/3369
f 3334/6448/3377 3333/6447/3371 3308/6400/3340
f 3289/6461/3324 3371/6536/3369 3330/6434/3372
f 3379/6537/3342 3375/6538/3410 3277/6539/3275
f 3277/6276/3275 3956/6340/3333 3236/6205/3276
f 3206/6134/3248 3325/6416/3362 3137/6206/3178
f 3364/6526/3301 3363/6525/3405 3115/6540/3155
f 3326/6541/2984 3391/6542/3411 4463/6543/3363
f 3154/6379/3195 3335/6452/3378 3365/6527/3406
f 3372/6544/3412 3367/6531/3383 3366/6530/3407
f 3366/6530/3407 3354/6529/3375 3373/6545/3396
f 3346/6483/3367 3347/6482/3389 3374/6546/3413
f 3356/6429/3339 3415/6547/3398 3329/6430/3370
f 3414/6548/3414 3338/6460/3382 3362/6522/3403
f 3338/6460/3382 3308/6360/3340 3362/6522/3403
f 3277/6549/3275 3375/6550/3410 3956/6551/3333
f 3321/6524/3356 3339/6462/3361 3363/6525/3405
f 3327/6552/3117 3376/6553/3365 3377/6554/3415
f 3367/6531/3383 3372/6544/3412 3795/6555/3416
f 3368/6532/3351 3369/6534/3408 3394/6556/3402
f 3367/6464/3383 3795/6557/3416 3355/6504/3397
f 3378/6558/3368 3358/6559/3399 3370/6560/3409
f 3329/6430/3370 3415/6547/3398 3414/6548/3414
f 3347/6485/3389 3338/6460/3382 3414/6548/3414
f 3329/6430/3370 3414/6548/3414 3362/6522/3403
f 3348/6486/3390 3416/6523/3404 3358/6510/3399
f 3331/6561/3345 3375/6550/3410 3379/6562/3342
f 3517/6563/3347 3380/6564/3417 3139/6565/3180
f 4066/6378/3348 3194/6167/3233 3381/6566/3418
f 3350/6491/3023 4305/6567/3400 3351/6492/3392
f 2969/6419/2993 4463/6418/3363 4465/6568/3419
f 3343/6475/3098 3476/6368/3343 3155/6367/3196
f 3248/6569/3005 3323/6570/3358 3382/6571/3289
f 3383/6572/3376 3384/6573/3380 3392/6574/3420
f 3346/6466/3367 3613/6575/3421 3341/6467/3384
f 3357/6505/3353 3355/6504/3397 3481/6576/3422
f 3331/6561/3345 3561/6577/3391 3375/6550/3410
f 3349/6488/3346 3227/6450/3265 3517/6578/3347
f 2969/6579/2993 4465/6580/3419 3051/6581/3021
f 3022/6515/3049 3359/6514/3401 3219/6166/3249
f 3385/6582/3211 3386/6583/3423 3387/6584/3224
f 3327/6552/3117 3377/6554/3415 3388/6585/3313
f 3569/6586/3424 3366/6530/3407 3373/6545/3396
f 3389/6587/3425 3481/6576/3422 3355/6504/3397
f 3516/6588/3320 3517/6578/3347 3227/6450/3265
f 3219/6166/3249 3915/6589/3426 3194/6167/3233
f 3568/6590/3427 3366/6530/3407 3569/6586/3424
f 3568/6590/3427 3372/6544/3412 3366/6530/3407
f 3373/6502/3396 3340/6465/3359 3608/6591/3428
f 3613/6592/3421 3346/6483/3367 3374/6546/3413
f 3345/6480/3381 3390/6593/3429 3395/6521/3385
f 4463/6594/3363 3391/6595/3411 4439/6596/3430
f 3326/6541/2984 3139/6565/3180 3391/6542/3411
f 3361/6519/3338 3353/6501/3395 3006/6424/3034
f 3383/6533/3376 3392/6597/3420 3393/6598/3431
f 3340/6465/3359 3341/6467/3384 3608/6591/3428
f 3345/6599/3381 3394/6600/3402 3408/6601/3432
f 3374/6546/3413 3347/6482/3389 3526/6602/3433
f 3395/6603/3385 3416/6523/3404 3371/6536/3369
f 3400/6604/3434 3442/6605/3435 3396/6606/3436
f 3397/6607/3437 3430/6608/3438 3398/6609/3439
f 3727/6610/3440 3400/6604/3434 3484/6611/3441
f 3727/6612/3440 3399/6613/3442 3400/6614/3434
f 3400/6604/3434 3401/6615/3443 3442/6605/3435
f 3400/6614/3434 3399/6613/3442 3401/6616/3443
f 3139/6565/3180 3380/6564/3417 3391/6542/3411
f 3335/6452/3378 3402/6617/3444 3365/6527/3406
f 3403/6618/3014 3143/6495/3182 3404/6619/3445
f 3393/6598/3431 3405/6620/3446 3369/6534/3408
f 3383/6533/3376 3393/6598/3431 3369/6534/3408
f 3568/6590/3427 3406/6621/3447 3372/6544/3412
f 3344/6622/3388 3407/6623/3448 3384/6573/3380
f 3355/6504/3397 3795/6557/3416 3389/6587/3425
f 3408/6624/3432 3409/6625/3449 3345/6626/3381
f 3344/6477/3388 3324/6414/3360 3765/6627/3450
f 3409/6625/3449 3410/6628/3451 3345/6626/3381
f 3374/6546/3413 3411/6629/3452 3613/6592/3421
f 3412/6630/3453 3415/6506/3398 3357/6508/3353
f 3370/6560/3409 3413/6631/3454 3525/6632/3455
f 3370/6560/3409 3358/6559/3399 3413/6631/3454
f 3347/6482/3389 3414/6633/3414 3526/6602/3433
f 3390/6593/3429 3413/6631/3454 3395/6521/3385
f 3526/6602/3433 3414/6633/3414 3415/6634/3398
f 3395/6521/3385 3413/6631/3454 3416/6635/3404
f 3413/6631/3454 3358/6559/3399 3416/6635/3404
f 3430/6608/3438 3417/6636/3456 3531/6637/3457
f 3484/6611/3441 3400/6604/3434 3396/6606/3436
f 3417/6636/3456 3430/6608/3438 3397/6607/3437
f 3442/6605/3435 3418/6638/3458 3396/6606/3436
f 3531/6637/3457 3434/6639/3459 3430/6608/3438
f 3442/6605/3435 3419/6640/3460 3418/6638/3458
f 3436/6641/3461 3493/6642/3462 3420/6643/3463
f 3594/6644/3464 3421/6645/3465 3417/6636/3456
f 3418/6638/3458 3432/6646/3466 3422/6647/3467
f 3423/6648/3468 3428/6649/3469 3424/6650/3470
f 3397/6607/3437 3594/6644/3464 3417/6636/3456
f 3486/6651/3471 3422/6652/3467 3443/6653/3472
f 3425/6654/3473 3426/6655/3474 3427/6656/3475
f 3427/6657/3475 3436/6641/3461 3420/6643/3463
f 3502/6658/3476 3493/6659/3462 3496/6660/3477
f 3727/6610/3440 3484/6611/3441 3616/6661/3478
f 3486/6651/3471 3443/6653/3472 3428/6662/3469
f 3423/6648/3468 3424/6650/3470 3425/6663/3473
f 3397/6607/3437 3429/6664/3479 3594/6644/3464
f 3430/6665/3438 3431/6666/3480 3398/6667/3439
f 3434/6639/3459 3431/6668/3480 3430/6608/3438
f 3432/6669/3466 3443/6670/3472 3422/6671/3467
f 3493/6659/3462 3433/6672/3481 3496/6660/3477
f 3424/6673/3470 3426/6674/3474 3425/6675/3473
f 3432/6646/3466 3450/6676/3482 3451/6677/3483
f 3432/6646/3466 3451/6677/3483 3443/6678/3472
f 3428/6662/3469 3443/6653/3472 3505/6679/3484
f 3436/6680/3461 3439/6681/3485 3493/6682/3462
f 3505/6683/3484 3424/6684/3470 3428/6685/3469
f 3493/6686/3462 3439/6687/3485 3433/6688/3481
f 3496/6660/3477 3433/6672/3481 3434/6689/3459
f 3434/6690/3459 3433/6691/3481 3431/6666/3480
f 3505/6692/3484 3435/6693/3486 3424/6694/3470
f 3436/6695/3461 3444/6696/3487 3439/6697/3485
f 3427/6698/3475 3437/6699/3488 3436/6700/3461
f 3398/6667/3439 3431/6666/3480 3465/6701/3489
f 3427/6702/3475 3426/6703/3474 3437/6704/3488
f 3398/6609/3439 3429/6664/3479 3397/6607/3437
f 3424/6705/3470 3435/6706/3486 3438/6707/3490
f 3424/6673/3470 3438/6708/3490 3426/6674/3474
f 3433/6709/3481 3439/6710/3485 3448/6711/3491
f 3443/6712/3472 3440/6713/3492 3505/6714/3484
f 3431/6666/3480 3441/6715/3493 3465/6701/3489
f 3401/6616/3443 3503/6716/3494 3442/6717/3435
f 3451/6718/3483 3446/6719/3495 3443/6720/3472
f 3436/6721/3461 3626/6722/3496 3444/6723/3487
f 3505/6692/3484 3445/6724/3497 3435/6693/3486
f 3436/6725/3461 3437/6726/3488 3626/6727/3496
f 3431/6666/3480 3433/6691/3481 3441/6715/3493
f 3398/6667/3439 3465/6701/3489 3429/6728/3479
f 3429/6728/3479 3465/6701/3489 3466/6729/3498
f 3443/6712/3472 3446/6730/3495 3440/6713/3492
f 3439/6731/3485 3447/6732/3499 3448/6733/3491
f 3448/6734/3491 3725/6735/3500 3433/6736/3481
f 3433/6691/3481 3725/6737/3500 3441/6715/3493
f 3401/6616/3443 3449/6738/3501 3450/6739/3482
f 3451/6740/3483 3624/6741/3502 3446/6742/3495
f 3472/6743/3503 3452/6744/3504 3456/6745/3505
f 3456/6746/3505 3457/6747/3506 3453/6748/3507
f 3454/6749/3508 3455/6750/3509 3458/6751/3510
f 3456/6752/3505 3452/6753/3504 3457/6754/3506
f 3468/6755/3511 3467/6756/3512 3455/6750/3509
f 3455/6750/3509 3467/6756/3512 3458/6751/3510
f 3454/6757/3508 3458/6758/3510 3512/6759/3513
f 3454/6757/3508 3512/6759/3513 3459/6760/3514
f 3401/6616/3443 3460/6761/3515 3461/6762/3516
f 3461/6762/3516 3462/6763/3517 3463/6764/3518
f 3463/6764/3518 3462/6763/3517 3468/6765/3511
f 3472/6743/3503 3471/6766/3519 3452/6744/3504
f 3464/6767/3520 3599/6768/3521 3465/6769/3489
f 3599/6768/3521 3466/6770/3498 3465/6769/3489
f 3462/6771/3517 3467/6772/3512 3468/6773/3511
f 3458/6751/3510 3467/6756/3512 3469/6774/3522
f 3458/6758/3510 3469/6775/3522 3512/6759/3513
f 3470/6776/3523 3471/6777/3519 3472/6778/3503
f 3514/6779/3524 3473/6780/3525 3509/6781/3526
f 3513/6782/3527 3512/6759/3513 3469/6775/3522
f 3514/6779/3524 3474/6783/3528 3473/6780/3525
f 3399/6613/3442 3460/6761/3515 3401/6616/3443
f 3471/6766/3519 3555/6784/3529 3452/6744/3504
f 3219/6166/3249 3359/6514/3401 3915/6589/3426
f 3475/6785/3530 3104/6786/3143 3476/6787/3343
f 3404/6619/3445 3143/6495/3182 3477/6788/3531
f 3603/6789/3532 3387/6584/3224 3386/6583/3423
f 3569/6586/3424 3373/6545/3396 3478/6790/3533
f 3389/6587/3425 3795/6557/3416 3767/6791/3534
f 3479/6792/3535 3324/6414/3360 3370/6535/3409
f 3480/6793/3536 3357/6508/3353 3481/6794/3422
f 3480/6793/3536 3412/6630/3453 3357/6508/3353
f 3482/6795/3537 3374/6546/3413 3526/6602/3433
f 3525/6796/3455 3413/6797/3454 3577/6798/3538
f 3484/6799/3441 3483/6800/3539 3482/6795/3537
f 3483/6801/3539 3484/6802/3441 3396/6803/3436
f 3485/6804/3540 3418/6638/3458 3422/6647/3467
f 3485/6805/3540 3422/6806/3467 3617/6807/3541
f 3592/6808/3542 3486/6809/3471 3428/6810/3469
f 3592/6808/3542 3428/6810/3469 3487/6811/3543
f 3549/6812/3544 3425/6654/3473 3488/6813/3545
f 3488/6813/3545 3427/6656/3475 3489/6814/3546
f 3489/6815/3546 3427/6816/3475 3490/6817/3547
f 3490/6818/3547 3420/6643/3463 3491/6819/3548
f 3491/6819/3548 3420/6643/3463 3492/6820/3549
f 3492/6821/3549 3420/6822/3463 3493/6823/3462
f 3492/6821/3549 3493/6823/3462 3501/6824/3550
f 3494/6825/3551 3496/6660/3477 3495/6826/3552
f 3494/6825/3551 3502/6658/3476 3496/6660/3477
f 3495/6827/3552 3496/6828/3477 3497/6829/3553
f 3589/6830/3554 3396/6606/3436 3418/6638/3458
f 3498/6831/3555 3422/6652/3467 3486/6651/3471
f 3487/6832/3543 3423/6648/3468 3499/6833/3556
f 3487/6832/3543 3428/6649/3469 3423/6648/3468
f 3423/6648/3468 3500/6834/3557 3499/6833/3556
f 3488/6813/3545 3425/6654/3473 3427/6656/3475
f 3501/6835/3550 3493/6836/3462 3502/6837/3476
f 3423/6648/3468 3425/6663/3473 3500/6834/3557
f 3420/6643/3463 3490/6818/3547 3427/6657/3475
f 3497/6829/3553 3496/6828/3477 3434/6838/3459
f 3497/6829/3553 3434/6838/3459 3531/6839/3457
f 3418/6638/3458 3419/6640/3460 3432/6646/3466
f 3442/6605/3435 3503/6840/3494 3419/6640/3460
f 3419/6640/3460 3503/6840/3494 3432/6646/3466
f 3432/6646/3466 3503/6840/3494 3450/6676/3482
f 3450/6739/3482 3503/6716/3494 3401/6616/3443
f 3504/6841/3558 3445/6842/3497 3505/6843/3484
f 3551/6844/3559 3438/6707/3490 3435/6706/3486
f 3506/6845/3560 3426/6674/3474 3438/6708/3490
f 3506/6846/3560 3437/6704/3488 3426/6703/3474
f 3506/6846/3560 3507/6847/3561 3437/6704/3488
f 3507/6848/3561 3626/6849/3496 3437/6850/3488
f 3444/6696/3487 3447/6851/3499 3439/6697/3485
f 3449/6738/3501 3451/6852/3483 3450/6739/3482
f 3508/6853/3562 3465/6701/3489 3441/6715/3493
f 3449/6738/3501 3401/6616/3443 3461/6762/3516
f 3553/6854/3563 3470/6776/3523 3472/6778/3503
f 3453/6855/3507 3457/6856/3506 3514/6857/3524
f 3453/6855/3507 3514/6857/3524 3823/6858/3564
f 3821/6859/3565 3509/6860/3526 3464/6861/3520
f 3727/6612/3440 3556/6862/3566 3399/6613/3442
f 3599/6768/3521 3559/6863/3567 3466/6770/3498
f 3466/6770/3498 3559/6863/3567 3752/6864/3568
f 3460/6761/3515 3510/6865/3569 3461/6762/3516
f 3556/6862/3566 3460/6761/3515 3399/6613/3442
f 3461/6762/3516 3510/6865/3569 3462/6763/3517
f 3467/6772/3512 3462/6771/3517 3511/6866/3570
f 3512/6867/3513 3513/6868/3527 3459/6869/3514
f 3459/6869/3514 3513/6868/3527 3470/6870/3523
f 3452/6753/3504 3515/6871/3571 3457/6754/3506
f 3599/6768/3521 3464/6767/3520 3473/6872/3525
f 3457/6873/3506 3515/6874/3571 3514/6875/3524
f 3514/6876/3524 3515/6877/3571 3474/6878/3528
f 3516/6879/3320 3600/6880/3572 3517/6881/3347
f 4066/6378/3348 3402/6617/3444 3335/6452/3378
f 3115/6540/3155 3363/6525/3405 3518/6882/3573
f 3287/6883/3323 3519/6884/3574 3520/6885/3269
f 3287/6883/3323 3602/6886/3575 3519/6884/3574
f 3382/6571/3289 3323/6570/3358 3521/6887/3576
f 3392/6574/3420 3384/6573/3380 3407/6623/3448
f 3372/6544/3412 3406/6621/3447 3795/6555/3416
f 3522/6888/3577 3345/6626/3381 3410/6628/3451
f 3522/6888/3577 3523/6889/3578 3345/6626/3381
f 3345/6626/3381 3523/6889/3578 3390/6890/3429
f 3411/6629/3452 3374/6546/3413 3524/6891/3579
f 3370/6535/3409 3525/6892/3455 3576/6893/3580
f 3374/6546/3413 3482/6795/3537 3524/6891/3579
f 3482/6795/3537 3483/6800/3539 3524/6891/3579
f 3529/6894/3581 3531/6895/3457 3390/6896/3429
f 3412/6630/3453 3526/6897/3433 3415/6506/3398
f 3412/6630/3453 3528/6898/3582 3526/6897/3433
f 3531/6895/3457 3527/6899/3583 3390/6896/3429
f 3528/6900/3582 3482/6795/3537 3526/6602/3433
f 3390/6896/3429 3527/6899/3583 3413/6797/3454
f 3413/6797/3454 3527/6899/3583 3577/6798/3538
f 3482/6795/3537 3528/6900/3582 3484/6799/3441
f 3527/6899/3583 3421/6901/3465 3577/6798/3538
f 3531/6895/3457 3417/6902/3456 3527/6899/3583
f 3529/6903/3581 3530/6904/3584 3531/6905/3457
f 3527/6899/3583 3417/6902/3456 3421/6901/3465
f 3528/6900/3582 3616/6906/3478 3484/6799/3441
f 3483/6801/3539 3396/6803/3436 3532/6907/3585
f 3532/6907/3585 3396/6803/3436 3533/6908/3586
f 3533/6908/3586 3534/6909/3587 3532/6907/3585
f 3584/6910/3588 3535/6911/3589 3536/6912/3590
f 3537/6913/3591 3547/6914/3592 3538/6915/3593
f 3537/6913/3591 3539/6916/3594 3547/6914/3592
f 3580/6917/3595 3579/6918/3596 3540/6919/3597
f 3541/6920/3598 3545/6921/3599 3542/6922/3600
f 3541/6923/3598 3542/6924/3600 3530/6904/3584
f 3530/6925/3584 3543/6926/3601 3531/6839/3457
f 3537/6927/3591 3583/6928/3602 3539/6929/3594
f 3579/6918/3596 3544/6930/3603 3540/6919/3597
f 3587/6931/3604 3588/6932/3605 3545/6933/3599
f 3547/6914/3592 3539/6916/3594 3546/6934/3606
f 3547/6935/3592 3546/6936/3606 3548/6937/3607
f 3579/6938/3596 3548/6937/3607 3544/6939/3603
f 3589/6830/3554 3418/6638/3458 3485/6804/3540
f 3617/6807/3541 3422/6806/3467 3498/6940/3555
f 3593/6941/3608 3498/6831/3555 3486/6651/3471
f 3500/6834/3557 3425/6663/3473 3549/6942/3544
f 3501/6835/3550 3502/6837/3476 3494/6943/3551
f 3594/6644/3464 3429/6664/3479 3554/6944/3609
f 3554/6945/3609 3429/6728/3479 3466/6729/3498
f 3440/6713/3492 3504/6946/3558 3505/6714/3484
f 3595/6947/3610 3445/6842/3497 3504/6841/3558
f 3445/6724/3497 3550/6948/3611 3435/6693/3486
f 3550/6949/3611 3551/6844/3559 3435/6706/3486
f 3626/6722/3496 3627/6950/3612 3444/6723/3487
f 3703/6951/3613 3508/6853/3562 3441/6715/3493
f 3438/6708/3490 3551/6952/3559 3506/6845/3560
f 3449/6738/3501 3461/6762/3516 3871/6953/3614
f 3463/6764/3518 3871/6953/3614 3461/6762/3516
f 3468/6765/3511 3871/6953/3614 3463/6764/3518
f 3468/6755/3511 3552/6954/3615 3871/6955/3614
f 3455/6750/3509 3552/6954/3615 3468/6755/3511
f 3459/6760/3514 3873/6956/3616 3454/6757/3508
f 3470/6870/3523 3873/6957/3616 3459/6869/3514
f 3472/6743/3503 3456/6745/3505 3553/6958/3563
f 3554/6959/3609 3466/6770/3498 3752/6864/3568
f 3473/6872/3525 3464/6767/3520 3509/6960/3526
f 3556/6862/3566 3558/6961/3617 3460/6761/3515
f 3470/6870/3523 3513/6868/3527 3471/6962/3519
f 3555/6963/3529 3515/6871/3571 3452/6753/3504
f 3460/6761/3515 3558/6961/3617 3510/6865/3569
f 3467/6772/3512 3511/6866/3570 3469/6964/3522
f 3556/6965/3566 3557/6966/3618 3558/6967/3617
f 3599/6968/3521 3598/6969/3619 3559/6970/3567
f 3137/6971/3178 3560/6972/3620 3561/6973/3391
f 3115/6540/3155 3518/6882/3573 3562/6974/3621
f 3563/6975/3321 3365/6976/3406 3564/6977/3622
f 3104/6513/3143 3475/6978/3530 3359/6514/3401
f 3343/6475/3098 3884/6474/3386 3476/6368/3343
f 3565/6979/3349 3566/6980/3623 3342/6981/2974
f 3207/6982/3083 3403/6618/3014 3828/6983/3624
f 3287/6883/3323 3382/6984/3289 3602/6886/3575
f 3143/6495/3182 4070/6404/3357 3477/6788/3531
f 3567/6985/3625 3568/6986/3427 3569/6987/3424
f 3393/6988/3431 3392/6989/3420 3570/6990/3626
f 3568/6986/3427 3567/6985/3625 3571/6991/3627
f 3572/6992/3628 3795/6555/3416 3406/6621/3447
f 3341/6467/3384 3613/6575/3421 3735/6993/3629
f 3370/6535/3409 3576/6893/3580 3479/6792/3535
f 3411/6629/3452 3524/6891/3579 3573/6994/3630
f 3524/6891/3579 3483/6800/3539 3573/6994/3630
f 3574/6995/3631 3529/6894/3581 3390/6896/3429
f 3574/6995/3631 3390/6896/3429 3523/6996/3578
f 3575/6997/3632 3412/6630/3453 3480/6793/3536
f 3575/6997/3632 3528/6898/3582 3412/6630/3453
f 3575/6997/3632 3736/6998/3633 3528/6898/3582
f 3576/6999/3580 3525/6796/3455 3577/6798/3538
f 3576/6893/3580 3577/7000/3538 4043/7001/3634
f 3583/6928/3602 3537/6927/3591 3584/7002/3588
f 3578/7003/3635 3579/7004/3596 3580/7005/3595
f 3580/7006/3595 3581/7007/3636 3582/7008/3637
f 3540/6919/3597 3581/7009/3636 3580/6917/3595
f 3582/7010/3637 3587/6931/3604 3541/7011/3598
f 3541/6923/3598 3530/6904/3584 3529/6903/3581
f 3538/7012/3593 3548/6937/3607 3579/6938/3596
f 3541/7011/3598 3587/6931/3604 3545/6933/3599
f 3536/7013/3590 3583/7014/3602 3584/7015/3588
f 3535/6911/3589 3584/6910/3588 3534/7016/3587
f 3548/6937/3607 3538/7012/3593 3547/6935/3592
f 3533/6908/3586 3585/7017/3638 3534/6909/3587
f 3540/6919/3597 3544/6930/3603 3586/7018/3639
f 3540/7019/3597 3586/7020/3639 3581/7021/3636
f 3581/7022/3636 3586/7023/3639 3587/7024/3604
f 3587/7024/3604 3586/7023/3639 3588/7025/3605
f 3396/6803/3436 3589/7026/3554 3533/6908/3586
f 3589/7026/3554 3590/7027/3640 3533/6908/3586
f 3531/6839/3457 3543/6926/3601 3497/6829/3553
f 3543/6926/3601 3591/7028/3641 3497/6829/3553
f 3592/7029/3542 3593/7030/3608 3486/7031/3471
f 3594/7032/3464 3554/7033/3609 4246/7034/3642
f 3440/6713/3492 3446/6730/3495 3628/7035/3643
f 3440/6713/3492 3628/7035/3643 3504/6946/3558
f 3504/7036/3558 3628/7037/3643 3595/7038/3610
f 3506/6846/3560 3596/7039/3644 3507/6847/3561
f 3507/6847/3561 3596/7039/3644 3597/7040/3645
f 3444/6696/3487 3720/7041/3646 3447/6851/3499
f 3447/6732/3499 3724/7042/3647 3448/6733/3491
f 3448/7043/3491 3724/7044/3647 3725/7045/3500
f 3449/6738/3501 3871/6953/3614 3657/7046/3648
f 3454/6749/3508 3552/6954/3615 3455/6750/3509
f 3454/6757/3508 3873/6956/3616 3552/7047/3615
f 3470/6776/3523 3553/6854/3563 3873/7048/3616
f 3509/6781/3526 3823/7049/3564 3514/6779/3524
f 3509/6781/3526 3821/7050/3565 3823/7049/3564
f 3508/6853/3562 3821/6859/3565 3464/6861/3520
f 3465/6701/3489 3508/6853/3562 3464/6861/3520
f 3473/6780/3525 3598/7051/3619 3599/7052/3521
f 3515/7053/3571 3756/7054/3649 3474/6783/3528
f 3598/6969/3619 3730/7055/3650 3559/6970/3567
f 3516/7056/3320 3332/7057/3373 3600/7058/3572
f 3601/7059/3651 3380/7060/3417 3517/7061/3347
f 3194/6167/3233 3915/6589/3426 3381/6566/3418
f 3382/6571/3289 3521/6887/3576 3602/7062/3575
f 3387/6386/3224 3603/7063/3532 3314/6387/3350
f 3361/6519/3338 3604/7064/3652 3353/6501/3395
f 3567/6985/3625 3569/6987/3424 3605/7065/3653
f 3606/7066/3654 3369/6534/3408 3405/6620/3446
f 3568/6590/3427 3607/7067/3655 3406/6621/3447
f 3608/7068/3428 3341/7069/3384 3609/7070/3656
f 3324/6414/3360 3610/7071/3657 3765/6627/3450
f 3611/7072/3658 3612/7073/3659 3389/6587/3425
f 3324/6414/3360 3479/6792/3535 3610/7071/3657
f 3389/6587/3425 3612/7073/3659 3481/6576/3422
f 3411/7074/3452 3573/7075/3630 3613/7076/3421
f 3481/6794/3422 3575/6997/3632 3480/6793/3536
f 3523/6889/3578 3522/6888/3577 3574/7077/3631
f 3479/6792/3535 3576/6893/3580 3614/7078/3660
f 3576/6893/3580 4043/7001/3634 3614/7078/3660
f 3573/6994/3630 3483/6800/3539 3532/7079/3585
f 3538/7080/3593 3579/7004/3596 3578/7003/3635
f 3582/7010/3637 3581/7081/3636 3587/6931/3604
f 3541/6923/3598 3529/6903/3581 3615/7082/3661
f 3528/6898/3582 3736/6998/3633 3616/7083/3478
f 3548/6937/3607 3546/6936/3606 3544/6939/3603
f 3545/6921/3599 3588/7084/3605 3542/6922/3600
f 3589/7026/3554 3656/7085/3662 3590/7027/3640
f 3485/7086/3540 3656/7085/3662 3589/7026/3554
f 3485/7086/3540 3619/7087/3663 3656/7085/3662
f 3617/7088/3541 3619/7087/3663 3485/7086/3540
f 3617/6807/3541 3618/7089/3664 3619/7090/3663
f 3498/6940/3555 3618/7089/3664 3617/6807/3541
f 3487/6811/3543 3644/7091/3665 3592/6808/3542
f 3487/6832/3543 3620/7092/3666 3644/7093/3665
f 3499/6833/3556 3620/7092/3666 3487/6832/3543
f 3499/6833/3556 3621/7094/3667 3620/7092/3666
f 3500/6834/3557 3621/7094/3667 3499/6833/3556
f 3549/6942/3544 3621/7094/3667 3500/6834/3557
f 3549/6812/3544 3643/7095/3668 3621/7096/3667
f 3488/6813/3545 3643/7095/3668 3549/6812/3544
f 3489/6814/3546 3643/7095/3668 3488/6813/3545
f 3490/6818/3547 3646/7097/3669 3489/7098/3546
f 3491/6819/3548 3646/7097/3669 3490/6818/3547
f 3501/6835/3550 3648/7099/3670 3492/7100/3549
f 3501/6835/3550 3494/6943/3551 3648/7099/3670
f 3495/6826/3552 3622/7101/3671 3494/6825/3551
f 3495/6827/3552 3591/7028/3641 3622/7102/3671
f 3495/6827/3552 3497/6829/3553 3591/7028/3641
f 3595/7103/3610 3695/7104/3672 3445/6724/3497
f 3695/7104/3672 3550/6948/3611 3445/6724/3497
f 3551/6952/3559 3697/7105/3673 3506/6845/3560
f 3449/6738/3501 3657/7046/3648 3623/7106/3674
f 3451/6852/3483 3449/6738/3501 3623/7106/3674
f 3623/7106/3674 3624/7107/3502 3451/6852/3483
f 3507/7108/3561 3597/7109/3645 3625/7110/3675
f 3507/7111/3561 3625/7112/3675 3626/7113/3496
f 3626/6722/3496 3625/7114/3675 3627/6950/3612
f 3627/7115/3612 3720/7041/3646 3444/6696/3487
f 3725/6737/3500 3703/6951/3613 3441/6715/3493
f 3446/7116/3495 3624/7117/3502 3628/7118/3643
f 3724/7119/3647 3629/7120/3676 3725/7121/3500
f 3557/6966/3618 3556/6965/3566 3630/7122/3677
f 3511/6866/3570 3631/7123/3678 3469/6964/3522
f 3469/7124/3522 3631/7125/3678 3513/7126/3527
f 3462/6771/3517 3632/7127/3679 3511/6866/3570
f 3559/6970/3567 3730/7055/3650 3786/7128/3680
f 3365/7129/3406 3633/7130/3681 3564/7131/3622
f 3177/6219/3210 3634/7132/3682 3264/6220/3285
f 3520/6885/3269 3386/6583/3423 3385/6582/3211
f 3603/7063/3532 3635/7133/3683 3314/6387/3350
f 3361/6519/3338 3352/6499/3394 3604/7064/3652
f 3636/7134/3684 3567/6985/3625 3605/7065/3653
f 3571/6991/3627 3567/6985/3625 3636/7134/3684
f 3571/6991/3627 3607/7135/3655 3568/6986/3427
f 3392/6574/3420 3407/6623/3448 3637/7136/3685
f 3369/6534/3408 3606/7066/3654 3394/6556/3402
f 3373/6545/3396 3608/7137/3428 3478/6790/3533
f 3341/7069/3384 3734/7138/3686 3609/7070/3656
f 3409/7139/3449 3638/7140/3687 3410/7141/3451
f 3612/7073/3659 3611/7072/3658 3639/7142/3688
f 3610/7071/3657 3479/6792/3535 3614/7078/3660
f 3639/7142/3688 3575/7143/3632 3612/7073/3659
f 3612/7073/3659 3575/7143/3632 3481/6576/3422
f 3615/7144/3661 3522/6888/3577 3410/6628/3451
f 3573/7075/3630 3640/7145/3689 3613/7076/3421
f 3641/7146/3690 3584/6910/3588 3848/7147/3691
f 3537/7148/3591 3642/7149/3692 3848/7150/3691
f 3848/7151/3691 3584/7002/3588 3537/6927/3591
f 3574/7077/3631 3522/6888/3577 3615/7144/3661
f 3641/7152/3690 3640/7153/3689 3534/6909/3587
f 3573/6994/3630 3532/7079/3585 3640/7154/3689
f 3538/7155/3593 3642/7149/3692 3537/7148/3591
f 3534/6909/3587 3640/7153/3689 3532/6907/3585
f 3534/7016/3587 3584/6910/3588 3641/7146/3690
f 3615/7082/3661 3529/6903/3581 3574/7156/3631
f 3577/6798/3538 3421/6901/3465 4043/7157/3634
f 3543/6926/3601 3530/6925/3584 3591/7028/3641
f 3498/7158/3555 3593/7030/3608 3618/7159/3664
f 3592/7029/3542 3644/7160/3665 3593/7030/3608
f 3492/7161/3549 3648/7162/3670 3491/7163/3548
f 3491/6819/3548 3648/7164/3670 3646/7097/3669
f 3494/6825/3551 3649/7165/3693 3648/7166/3670
f 3494/6825/3551 3622/7101/3671 3649/7165/3693
f 3618/7089/3664 3665/7167/3694 3619/7090/3663
f 3618/7159/3664 3593/7030/3608 3665/7168/3694
f 3646/7169/3669 3643/7170/3668 3489/7171/3546
f 3644/7160/3665 3665/7168/3694 3593/7030/3608
f 3620/7092/3666 3666/7172/3695 3644/7093/3665
f 3648/7173/3670 3692/7174/3696 3646/7175/3669
f 3421/6645/3465 3594/6644/3464 4246/7176/3642
f 3644/7177/3665 3666/7178/3695 3645/7179/3697
f 3646/7180/3669 3647/7181/3698 3643/7182/3668
f 3620/7092/3666 3621/7094/3667 3666/7172/3695
f 3648/7183/3670 3649/7184/3693 3702/7185/3699
f 3621/7094/3667 3650/7186/3700 3666/7172/3695
f 3621/7096/3667 3643/7095/3668 3653/7187/3701
f 3643/7182/3668 3647/7181/3698 3651/7188/3702
f 3591/7028/3641 3659/7189/3703 3622/7102/3671
f 3665/7167/3694 3624/7190/3502 3619/7090/3663
f 3643/7191/3668 3652/7192/3704 3661/7193/3705
f 3643/7191/3668 3651/7194/3702 3652/7192/3704
f 3644/7160/3665 3737/7195/3706 3665/7168/3694
f 3621/7196/3667 3653/7197/3701 3688/7198/3707
f 3646/7180/3669 3654/7199/3708 3647/7181/3698
f 3692/7174/3696 3654/7200/3708 3646/7175/3669
f 3622/7101/3671 3659/7201/3703 3649/7165/3693
f 3644/7177/3665 3645/7179/3697 3737/7202/3706
f 3621/7094/3667 3688/7203/3707 3650/7186/3700
f 3692/7174/3696 3648/7173/3670 3655/7204/3709
f 3656/7205/3662 3623/7206/3674 3590/7207/3640
f 3590/7207/3640 3623/7206/3674 3657/7208/3648
f 3651/7209/3702 3658/7210/3710 3652/7211/3704
f 3649/7212/3693 3659/7213/3703 3703/7214/3613
f 3656/7205/3662 3619/7215/3663 3623/7206/3674
f 3643/7095/3668 3660/7216/3711 3653/7187/3701
f 3643/7095/3668 3661/7217/3705 3662/7218/3712
f 3652/7192/3704 3663/7219/3713 3661/7193/3705
f 3647/7220/3698 3691/7221/3714 3651/7222/3702
f 3664/7223/3715 3691/7221/3714 3647/7220/3698
f 3649/7224/3693 3703/7225/3613 3702/7226/3699
f 3665/7227/3694 3628/7228/3643 3624/7229/3502
f 3666/7230/3695 3667/7231/3716 3645/7232/3697
f 3650/7186/3700 3668/7233/3717 3666/7172/3695
f 3650/7186/3700 3669/7234/3718 3668/7233/3717
f 3660/7235/3711 3670/7236/3719 3653/7237/3701
f 3662/7218/3712 3660/7216/3711 3643/7095/3668
f 3658/7210/3710 3671/7238/3720 3672/7239/3721
f 3651/7209/3702 3671/7238/3720 3658/7210/3710
f 3648/7183/3670 3702/7185/3699 3655/7240/3709
f 3666/7230/3695 3673/7241/3722 3667/7231/3716
f 3650/7186/3700 3674/7242/3723 3675/7243/3724
f 3670/7236/3719 3676/7244/3725 3653/7237/3701
f 3663/7219/3713 3677/7245/3726 3661/7193/3705
f 3658/7210/3710 3672/7239/3721 3678/7246/3727
f 3647/7220/3698 3685/7247/3728 3861/7248/3729
f 3647/7181/3698 3654/7199/3708 3685/7249/3728
f 3655/7240/3709 3702/7185/3699 3679/7250/3730
f 3694/7251/3731 3645/7232/3697 3667/7231/3716
f 3666/7230/3695 3687/7252/3732 3673/7241/3722
f 3650/7186/3700 3675/7243/3724 3669/7234/3718
f 3688/7203/3707 3674/7242/3723 3650/7186/3700
f 3662/7253/3712 3680/7254/3733 3660/7235/3711
f 3661/7255/3705 3860/7256/3734 3662/7253/3712
f 3661/7193/3705 3677/7245/3726 3681/7257/3735
f 3652/7192/3704 3690/7258/3736 3663/7219/3713
f 3658/7210/3710 3682/7259/3737 3652/7211/3704
f 3658/7210/3710 3986/7260/3738 3682/7259/3737
f 3658/7210/3710 3683/7261/3739 3986/7260/3738
f 3658/7210/3710 3678/7246/3727 3683/7261/3739
f 3671/7238/3720 3942/7262/3740 3672/7239/3721
f 3647/7220/3698 3861/7248/3729 3664/7223/3715
f 3654/7263/3708 3684/7264/3741 3685/7265/3728
f 3679/7250/3730 3702/7185/3699 3686/7266/3742
f 3666/7267/3695 3668/7268/3717 3687/7269/3732
f 3688/7270/3707 3689/7271/3743 3674/7272/3723
f 3653/7197/3701 3697/7105/3673 3688/7198/3707
f 3676/7244/3725 3854/7273/3744 3653/7237/3701
f 3660/7235/3711 3810/7274/3745 3670/7236/3719
f 3661/7193/3705 3681/7257/3735 3860/7275/3734
f 3652/7211/3704 3682/7259/3737 3690/7276/3736
f 3651/7209/3702 3691/7277/3714 3671/7238/3720
f 3692/7278/3696 3720/7041/3646 3654/7279/3708
f 3655/7280/3709 3700/7281/3746 3692/7282/3696
f 3702/7185/3699 3693/7283/3747 3686/7266/3742
f 3694/7284/3731 3695/7285/3672 3645/7179/3697
f 3694/7284/3731 3696/7286/3748 3695/7285/3672
f 3854/7273/3744 3697/7287/3673 3653/7237/3701
f 3942/7262/3740 3678/7246/3727 3672/7239/3721
f 3654/7263/3708 3698/7288/3749 3684/7264/3741
f 3645/7179/3697 3695/7285/3672 3737/7202/3706
f 3854/7273/3744 3699/7289/3750 3697/7287/3673
f 3700/7290/3746 3701/7291/3751 3692/7292/3696
f 3702/7293/3699 3629/7294/3676 3693/7295/3747
f 3703/7296/3613 3629/7297/3676 3702/7298/3699
f 3711/7299/3752 3695/7285/3672 3696/7286/3748
f 3704/7300/3753 3705/7301/3754 3596/7039/3644
f 3706/7302/3755 3707/7303/3756 3708/7304/3757
f 3692/7292/3696 3701/7291/3751 3709/7305/3758
f 3665/7168/3694 3737/7195/3706 3628/7037/3643
f 3710/7306/3759 3695/7104/3672 3711/7307/3752
f 3688/7270/3707 3712/7308/3760 3713/7309/3761
f 3714/7310/3762 3697/7287/3673 3699/7289/3750
f 3704/7300/3753 3596/7039/3644 3715/7311/3763
f 3708/7304/3757 3597/7312/3645 3716/7313/3764
f 3706/7302/3755 3723/7314/3765 3707/7303/3756
f 3750/7315/3766 3709/7305/3758 3701/7291/3751
f 3693/7316/3747 3709/7305/3758 3750/7315/3766
f 3710/7306/3759 3550/6948/3611 3695/7104/3672
f 3721/7317/3767 3710/7306/3759 3722/7318/3768
f 3714/7310/3762 3596/7039/3644 3697/7287/3673
f 3715/7311/3763 3596/7039/3644 3714/7310/3762
f 3717/7319/3769 3597/7040/3645 3705/7301/3754
f 3716/7313/3764 3597/7312/3645 3717/7320/3769
f 3707/7303/3756 3625/7321/3675 3708/7304/3757
f 3719/7322/3770 3627/6950/3612 3718/7323/3771
f 3698/7324/3749 3720/7041/3646 3719/7325/3770
f 3698/7324/3749 3654/7279/3708 3720/7041/3646
f 3692/7292/3696 3709/7305/3758 3720/7326/3646
f 3619/7215/3663 3624/7327/3502 3623/7206/3674
f 3737/7195/3706 3595/7038/3610 3628/7037/3643
f 3695/7285/3672 3595/7328/3610 3737/7202/3706
f 3712/7308/3760 3721/7329/3767 3722/7330/3768
f 3688/7198/3707 3551/6952/3559 3712/7331/3760
f 3688/7198/3707 3697/7105/3673 3551/6952/3559
f 3708/7304/3757 3625/7321/3675 3597/7312/3645
f 3718/7323/3771 3707/7332/3756 3723/7333/3765
f 3719/7325/3770 3720/7041/3646 3627/7115/3612
f 3720/7326/3646 3709/7305/3758 3447/6732/3499
f 3693/7316/3747 3724/7042/3647 3709/7305/3758
f 3703/6951/3613 3659/7334/3703 3508/6853/3562
f 3721/7317/3767 3550/6948/3611 3710/7306/3759
f 3721/7335/3767 3551/6844/3559 3550/6949/3611
f 3705/7301/3754 3597/7040/3645 3596/7039/3644
f 3707/7332/3756 3627/6950/3612 3625/7114/3675
f 3718/7323/3771 3627/6950/3612 3707/7332/3756
f 3709/7305/3758 3724/7042/3647 3447/6732/3499
f 3712/7331/3760 3551/6952/3559 3721/7336/3767
f 3506/6846/3560 3697/7287/3673 3596/7039/3644
f 3693/7295/3747 3629/7294/3676 3724/7337/3647
f 3725/7338/3500 3629/7297/3676 3703/7296/3613
f 3456/6745/3505 3726/7339/3772 3553/6958/3563
f 3456/7340/3505 3453/7341/3507 3877/7342/3773
f 3727/7343/3440 3754/7344/3774 3556/7345/3566
f 3559/6970/3567 3786/7128/3680 3752/7346/3568
f 3515/6871/3571 3555/6963/3529 3755/7347/3775
f 3473/6780/3525 3474/6783/3528 3728/7348/3776
f 3473/6780/3525 3729/7349/3777 3598/7051/3619
f 3598/7051/3619 3729/7349/3777 3730/7350/3650
f 3510/6865/3569 3632/7351/3679 3462/6763/3517
f 3558/6967/3617 3731/7352/3778 3510/7353/3569
f 3630/7122/3677 3826/7354/3779 3557/6966/3618
f 3826/7354/3779 3558/6967/3617 3557/6966/3618
f 3826/7354/3779 3788/7355/3780 3558/6967/3617
f 3788/7355/3780 3731/7352/3778 3558/6967/3617
f 3375/6550/3410 3561/6577/3391 3879/7356/3781
f 3363/6525/3405 3339/6462/3361 4512/7357/3782
f 3520/6885/3269 3732/7358/3783 3386/6583/3423
f 3519/6884/3574 3732/7358/3783 3520/6885/3269
f 3403/6618/3014 3404/6619/3445 3828/6983/3624
f 3376/6553/3365 3998/7359/3784 3377/6554/3415
f 3570/7360/3626 3392/6574/3420 3637/7136/3685
f 3407/6623/3448 4000/7361/3785 3637/7136/3685
f 3607/7067/3655 3572/6992/3628 3406/6621/3447
f 3394/6556/3402 3733/7362/3786 3408/7363/3432
f 3341/6467/3384 3735/6993/3629 3734/7364/3686
f 3735/7365/3629 3613/7366/3421 3640/7367/3689
f 3610/7071/3657 3614/7078/3660 3799/7368/3787
f 3410/6628/3451 3638/7369/3687 3615/7144/3661
f 3614/7078/3660 4043/7001/3634 3799/7368/3787
f 3642/7149/3692 3538/7155/3593 3578/7370/3635
f 3639/7142/3688 3736/7371/3633 3575/7143/3632
f 3535/7372/3589 3969/7373/3788 3536/7013/3590
f 3536/7013/3590 3969/7373/3788 3583/7014/3602
f 3590/7027/3640 3585/7017/3638 3533/6908/3586
f 3590/7207/3640 3657/7208/3648 3928/7374/3789
f 3677/7245/3726 3663/7219/3713 3690/7258/3736
f 3737/7375/3790 3899/7376/3791 3738/7377/3792
f 3673/7241/3722 3739/7378/3793 3667/7231/3716
f 3687/7252/3732 3739/7378/3793 3673/7241/3722
f 3740/7379/3794 3668/7233/3717 3669/7234/3718
f 3675/7243/3724 3740/7379/3794 3669/7234/3718
f 3662/7253/3712 3860/7256/3734 3680/7254/3733
f 3681/7257/3735 3677/7245/3726 3741/7380/3795
f 3678/7246/3727 3742/7381/3796 3683/7261/3739
f 3684/7264/3741 3743/7382/3797 3685/7265/3728
f 3655/7280/3709 3744/7383/3798 3700/7281/3746
f 3694/7251/3731 3667/7231/3716 3745/7384/3799
f 3680/7254/3733 3810/7274/3745 3660/7235/3711
f 3986/7260/3738 3683/7261/3739 3742/7381/3796
f 3691/7277/3714 3942/7262/3740 3671/7238/3720
f 3737/7385/3790 3746/7386/3800 3899/7387/3791
f 3684/7388/3741 3698/7389/3749 3782/7390/3801
f 3688/7270/3707 3713/7309/3761 3689/7271/3743
f 3693/7283/3747 3747/7391/3802 3686/7266/3742
f 3696/7392/3748 3748/7393/3803 3711/7307/3752
f 3706/7302/3755 3708/7304/3757 3749/7394/3804
f 3693/7283/3747 3750/7395/3766 3747/7391/3802
f 3712/7308/3760 3722/7330/3768 3713/7309/3761
f 3657/7396/3648 3871/7397/3614 3751/7398/3805
f 3456/7340/3505 3877/7342/3773 3950/7399/3806
f 3554/7033/3609 3752/7400/3568 3753/7401/3807
f 3754/7402/3774 3630/7122/3677 3556/6965/3566
f 3510/7353/3569 3731/7352/3778 3632/7403/3679
f 3728/7348/3776 3729/7349/3777 3473/6780/3525
f 3471/6766/3519 3785/7404/3808 3555/6784/3529
f 3755/7405/3775 3756/7406/3649 3515/7407/3571
f 3513/6868/3527 3757/7408/3809 3471/6962/3519
f 3788/7355/3780 3758/7409/3810 3731/7352/3778
f 3517/7061/3347 3600/7410/3572 3759/7411/3811
f 3517/7061/3347 3759/7411/3811 3601/7059/3651
f 3137/6971/3178 3325/7412/3362 3958/7413/3812
f 3207/6982/3083 3828/6983/3624 3760/7414/3393
f 3280/7415/3158 3919/7416/3813 3119/6408/3159
f 3119/6408/3159 3919/7416/3813 3278/6409/3311
f 3761/7417/3814 3405/7418/3446 3393/7419/3431
f 3393/6988/3431 3570/6990/3626 3762/7420/3815
f 3636/7134/3684 3605/7065/3653 3763/7421/3816
f 3607/7067/3655 3838/7422/3817 3572/6992/3628
f 3572/6992/3628 3764/7423/3818 3795/6555/3416
f 3344/6622/3388 3840/7424/3819 3407/6623/3448
f 3765/7425/3450 3769/7426/3820 3766/7427/3821
f 3767/7428/3534 3768/7429/3822 3389/7430/3425
f 3389/6587/3425 3768/7431/3822 3611/7072/3658
f 3765/6627/3450 3610/7071/3657 3769/7432/3820
f 3770/7433/3823 3638/7140/3687 3409/7139/3449
f 3610/7071/3657 3799/7368/3787 3769/7432/3820
f 3611/7434/3658 3768/7429/3822 3639/7435/3688
f 3771/7436/3824 3615/7437/3661 3770/7433/3823
f 3638/7140/3687 3770/7433/3823 3615/7437/3661
f 3642/7149/3692 3578/7370/3635 3802/7438/3825
f 3541/6923/3598 3615/7082/3661 3771/7439/3824
f 3772/7440/3826 3546/6934/3606 3539/6916/3594
f 3534/6909/3587 3585/7017/3638 3968/7441/3827
f 3542/6924/3600 3927/7442/3828 3530/6904/3584
f 3773/7443/3829 3591/7444/3641 3530/6904/3584
f 3773/7443/3829 3774/7445/3830 3591/7444/3641
f 3774/7446/3830 3659/7447/3703 3591/7448/3641
f 3554/7033/3609 3753/7401/3807 4246/7034/3642
f 3738/7377/3792 3899/7376/3791 3775/7449/3831
f 3776/7450/3832 3745/7384/3799 3667/7231/3716
f 3777/7451/3833 3687/7252/3732 3668/7452/3717
f 3778/7453/3834 3740/7379/3794 3675/7243/3724
f 3940/7454/3835 3674/7272/3723 3689/7271/3743
f 3676/7244/3725 3670/7236/3719 3779/7455/3836
f 3690/7258/3736 3741/7380/3795 3677/7245/3726
f 3942/7262/3740 3941/7456/3837 3678/7246/3727
f 3679/7250/3730 3686/7266/3742 3938/7457/3838
f 3667/7231/3716 3739/7378/3793 3776/7450/3832
f 3668/7233/3717 3740/7379/3794 3777/7458/3833
f 3676/7244/3725 3779/7455/3836 3854/7273/3744
f 3664/7223/3715 3862/7459/3839 3691/7221/3714
f 3861/7460/3729 3685/7461/3728 3780/7462/3840
f 3743/7463/3797 3780/7464/3840 3685/7465/3728
f 3858/7466/3841 3743/7382/3797 3684/7264/3741
f 3679/7250/3730 3744/7467/3798 3655/7240/3709
f 3738/7377/3792 3781/7468/3842 3746/7386/3800
f 3684/7264/3741 3782/7469/3801 3858/7466/3841
f 3700/7290/3746 3904/7470/3843 3701/7291/3751
f 3854/7273/3744 3783/7471/3844 3699/7289/3750
f 3698/7472/3749 3719/7322/3770 3782/7473/3801
f 3750/7315/3766 3701/7291/3751 3904/7470/3843
f 3713/7309/3761 3722/7330/3768 3784/7474/3845
f 3731/7352/3778 3758/7409/3810 3632/7403/3679
f 3471/6962/3519 3757/7408/3809 3785/7475/3808
f 3759/7411/3811 3955/7476/3846 3730/7477/3650
f 3730/7478/3650 3955/7479/3846 3786/7480/3680
f 3375/6550/3410 3879/7356/3781 3956/6551/3333
f 3560/7481/3620 3787/7482/3847 3561/6577/3391
f 3560/7481/3620 3788/7483/3780 3787/7482/3847
f 3137/6971/3178 3958/7413/3812 3560/6972/3620
f 4032/7484/3310 4357/7485/3848 3789/7486/3332
f 3177/6219/3210 3115/6540/3155 3634/7132/3682
f 3519/6884/3574 3790/7487/3849 3732/7358/3783
f 3791/7488/3850 3360/6518/3387 3760/6517/3393
f 3519/6884/3574 3602/6886/3575 3790/7487/3849
f 3602/7062/3575 3792/7489/3851 3790/7490/3849
f 3602/7062/3575 3521/6887/3576 3792/7489/3851
f 3322/6405/3157 3328/6425/3366 3323/6406/3358
f 3569/6987/3424 3478/7491/3533 3605/7065/3653
f 3405/7418/3446 3793/7492/3852 3606/7493/3654
f 3608/7137/3428 3609/7494/3656 3794/7495/3853
f 3795/7496/3416 3764/7497/3818 3767/7428/3534
f 3408/7498/3432 3796/7499/3854 3409/7139/3449
f 3734/7138/3686 3735/7500/3629 3797/7501/3855
f 3796/7499/3854 3770/7433/3823 3409/7139/3449
f 3798/7502/3856 3769/7426/3820 3799/7503/3787
f 3641/7504/3690 3800/7505/3857 3797/7506/3855
f 3642/7149/3692 3802/7438/3825 3891/7507/3858
f 3578/7003/3635 3801/7508/3859 3802/7509/3825
f 3735/7365/3629 3640/7367/3689 3797/7510/3855
f 3641/7146/3690 3848/7147/3691 3803/7511/3860
f 3578/7003/3635 3580/7005/3595 3801/7508/3859
f 3801/7508/3859 3580/7005/3595 3582/7512/3637
f 3641/7513/3690 3797/7510/3855 3640/7367/3689
f 3541/7011/3598 3804/7514/3861 3582/7010/3637
f 3639/7142/3688 3805/7515/3862 3736/7371/3633
f 4043/7516/3634 3806/7517/3863 4044/7518/3864
f 3546/6936/3606 3852/7519/3865 3544/6939/3603
f 3586/7520/3639 3807/7521/3866 4055/7522/3867
f 3586/7023/3639 4055/7523/3867 3588/7025/3605
f 3927/7442/3828 4018/7524/3868 3530/6904/3584
f 3775/7449/3831 3808/7525/3869 3738/7377/3792
f 3694/7251/3731 3745/7384/3799 3811/7526/3870
f 3739/7378/3793 3687/7252/3732 3777/7451/3833
f 3809/7527/3871 3777/7458/3833 3740/7379/3794
f 3674/7242/3723 3778/7453/3834 3675/7243/3724
f 3810/7274/3745 3779/7455/3836 3670/7236/3719
f 3680/7528/3733 3855/7529/3872 3810/7530/3745
f 3690/7276/3736 3682/7259/3737 3986/7260/3738
f 3678/7246/3727 3941/7456/3837 3742/7381/3796
f 3664/7223/3715 3861/7248/3729 3862/7459/3839
f 3811/7531/3870 3696/7286/3748 3694/7284/3731
f 3659/7447/3703 3774/7446/3830 3812/7532/3873
f 3748/7393/3803 3813/7533/3874 3711/7307/3752
f 3711/7307/3752 3813/7533/3874 3710/7306/3759
f 3699/7289/3750 3814/7534/3875 3714/7310/3762
f 3704/7300/3753 3715/7311/3763 3815/7535/3876
f 3706/7302/3755 3816/7536/3877 3723/7314/3765
f 3719/7322/3770 3718/7323/3771 3817/7537/3878
f 3719/7322/3770 3817/7537/3878 3782/7473/3801
f 3659/7334/3703 3812/7538/3873 3508/6853/3562
f 3710/7306/3759 3813/7533/3874 3722/7318/3768
f 3704/7300/3753 3818/7539/3879 3705/7301/3754
f 3708/7304/3757 3716/7313/3764 3749/7394/3804
f 3813/7533/3874 3875/7540/3880 3722/7318/3768
f 3722/7318/3768 3875/7540/3880 3874/7541/3881
f 3722/7330/3768 3874/7542/3881 3784/7474/3845
f 3705/7301/3754 3818/7539/3879 3949/7543/3882
f 3717/7319/3769 3705/7301/3754 3949/7543/3882
f 3723/7333/3765 3816/7544/3877 3819/7545/3883
f 3718/7323/3771 3819/7545/3883 3817/7537/3878
f 3723/7333/3765 3819/7545/3883 3718/7323/3771
f 3873/6956/3616 3820/7546/3884 3552/7047/3615
f 3456/6745/3505 3876/7547/3885 3726/7339/3772
f 3821/7548/3565 3822/7549/3886 3823/7550/3564
f 3630/7122/3677 3824/7551/3887 3826/7354/3779
f 3632/7127/3679 3825/7552/3888 3511/6866/3570
f 3513/7126/3527 3631/7125/3678 3757/7553/3809
f 3511/6866/3570 3825/7552/3888 3631/7123/3678
f 3824/7554/3887 3880/7555/3889 3826/7556/3779
f 3826/7556/3779 3880/7555/3889 3788/7483/3780
f 3788/7355/3780 3827/7557/3890 3758/7409/3810
f 3561/6577/3391 3787/7482/3847 3879/7356/3781
f 4029/7558/3891 3380/7060/3417 3601/7059/3651
f 3365/7129/3406 3402/7559/3444 3633/7130/3681
f 3791/7488/3850 3828/7560/3624 3829/7561/3892
f 3830/7562/3893 3790/7487/3849 3832/7563/3894
f 3830/7562/3893 3732/7358/3783 3790/7487/3849
f 3760/6517/3393 3828/7560/3624 3791/7488/3850
f 3790/7490/3849 3831/7564/3895 3832/7565/3894
f 3790/7490/3849 3792/7489/3851 3831/7564/3895
f 3828/7560/3624 3833/7566/3896 3829/7561/3892
f 3732/7358/3783 3830/7562/3893 3386/6583/3423
f 3830/7562/3893 3834/7567/3897 3386/6583/3423
f 3791/7568/3850 3835/7569/3898 3360/6496/3387
f 3833/7566/3896 3828/7560/3624 3477/7570/3531
f 3834/7567/3897 3603/6789/3532 3386/6583/3423
f 3404/6619/3445 3477/6788/3531 3828/6983/3624
f 3278/6280/3311 4110/7571/3899 3279/6281/3312
f 3761/7417/3814 3836/7572/3900 3405/7418/3446
f 3393/6988/3431 3762/7420/3815 3761/7573/3814
f 3570/6990/3626 3637/7574/3685 3762/7420/3815
f 3607/7135/3655 3837/7575/3901 3838/7576/3817
f 3840/7424/3819 3839/7577/3902 3407/6623/3448
f 3344/7578/3388 3765/7425/3450 3840/7579/3819
f 3764/7497/3818 3841/7580/3903 3767/7428/3534
f 3765/7425/3450 3766/7427/3821 4042/7581/3904
f 3609/7070/3656 3734/7138/3686 3962/7582/3905
f 3767/7428/3534 3841/7580/3903 3768/7429/3822
f 3962/7582/3905 3734/7138/3686 3842/7583/3906
f 3734/7138/3686 3797/7501/3855 3842/7583/3906
f 3843/7584/3907 3639/7435/3688 3768/7429/3822
f 3797/7506/3855 3800/7505/3857 3844/7585/3908
f 3800/7505/3857 3803/7586/3860 3845/7587/3909
f 3802/7438/3825 3893/7588/3910 3891/7507/3858
f 3796/7499/3854 3846/7589/3911 3770/7433/3823
f 3798/7502/3856 3766/7427/3821 3769/7426/3820
f 3893/7588/3910 3802/7438/3825 3923/7590/3912
f 3802/7509/3825 3801/7508/3859 3923/7591/3912
f 3923/7591/3912 3801/7508/3859 3847/7592/3913
f 3846/7589/3911 3771/7436/3824 3770/7433/3823
f 3800/7505/3857 3641/7504/3690 3803/7586/3860
f 3848/7593/3691 3890/7594/3914 3803/7586/3860
f 3890/7595/3914 3848/7150/3691 3642/7149/3692
f 3890/7595/3914 3642/7149/3692 3891/7507/3858
f 3582/7512/3637 3849/7596/3915 3801/7508/3859
f 3804/7514/3861 3849/7597/3915 3582/7010/3637
f 3771/7598/3824 3804/7514/3861 3541/7011/3598
f 3736/6998/3633 3850/7599/3916 3616/7083/3478
f 3590/7027/3640 3851/7600/3917 3585/7017/3638
f 3583/6928/3602 3970/7601/3918 3539/6929/3594
f 3539/6916/3594 4051/7602/3919 3772/7440/3826
f 3546/6934/3606 3772/7440/3826 3852/7603/3865
f 3586/7018/3639 3544/6930/3603 3853/7604/3920
f 3542/6922/3600 3588/7084/3605 3927/7605/3828
f 3530/6904/3584 4018/7524/3868 3773/7443/3829
f 3811/7526/3870 3745/7384/3799 3977/7606/3921
f 3777/7451/3833 3776/7450/3832 3739/7378/3793
f 3854/7607/3744 3779/7608/3836 3936/7609/3922
f 3681/7257/3735 3855/7610/3872 3860/7275/3734
f 3691/7277/3714 3856/7611/3923 3942/7262/3740
f 3691/7221/3714 3862/7459/3839 3856/7612/3923
f 3857/7613/3924 3743/7614/3797 3858/7615/3841
f 3858/7615/3841 3859/7616/3925 3857/7613/3924
f 3860/7617/3734 3855/7529/3872 3680/7528/3733
f 3861/7618/3729 3780/7464/3840 3862/7619/3839
f 3858/7615/3841 3863/7620/3926 3859/7616/3925
f 3679/7250/3730 3938/7457/3838 3744/7467/3798
f 3781/7468/3842 3738/7377/3792 3808/7525/3869
f 3811/7531/3870 3864/7621/3927 3696/7286/3748
f 3865/7622/3928 3689/7271/3743 3866/7623/3929
f 3746/7386/3800 3867/7624/3930 3899/7387/3791
f 3699/7289/3750 3783/7471/3844 3814/7534/3875
f 3714/7310/3762 3868/7625/3931 3715/7311/3763
f 3815/7535/3876 3818/7539/3879 3704/7300/3753
f 3706/7302/3755 3749/7394/3804 3816/7536/3877
f 3715/7311/3763 3868/7625/3931 3815/7535/3876
f 3949/7626/3882 3716/7313/3764 3717/7320/3769
f 3819/7545/3883 3869/7627/3932 3817/7537/3878
f 3727/7343/3440 3870/7628/3933 3754/7344/3774
f 3657/7396/3648 3751/7398/3805 3928/7629/3789
f 3871/7630/3614 3552/7631/3615 3994/7632/3934
f 3873/6956/3616 3875/7540/3880 3872/7633/3935
f 3873/7634/3616 3874/7635/3881 3875/7636/3880
f 3726/7339/3772 3908/7637/3936 3553/6958/3563
f 3456/7638/3505 3950/7639/3806 3876/7640/3885
f 3453/7641/3507 3869/7627/3932 3877/7642/3773
f 3952/7643/3937 3869/7627/3932 3453/7641/3507
f 3508/6853/3562 3812/7538/3873 3821/6859/3565
f 3728/7348/3776 3878/7644/3938 3729/7349/3777
f 3729/7349/3777 3878/7644/3938 3730/7350/3650
f 3824/7645/3887 3879/7646/3781 3880/7647/3889
f 3788/7483/3780 3880/7555/3889 3787/7482/3847
f 3759/7411/3811 3600/7410/3572 3955/7476/3846
f 3787/7482/3847 3880/7555/3889 3879/7356/3781
f 3730/7477/3650 3881/7648/3939 3759/7411/3811
f 3600/7058/3572 3332/7057/3373 3882/7649/3940
f 3956/6341/3333 4265/7650/3941 3300/6342/3334
f 3115/6540/3155 3562/6974/3621 3634/7132/3682
f 3337/6455/3379 3883/7651/3942 3916/6305/3322
f 3884/7652/3386 4612/7653/3943 3476/6787/3343
f 3831/7564/3895 3792/7489/3851 3885/7654/3944
f 3792/7489/3851 3521/6887/3576 3886/7655/3945
f 3887/7656/3946 3571/6991/3627 3636/7134/3684
f 3606/7066/3654 3733/7362/3786 3394/6556/3402
f 4042/7581/3904 3840/7579/3819 3765/7425/3450
f 3796/7499/3854 3888/7657/3947 3846/7589/3911
f 3768/7429/3822 3841/7580/3903 3843/7584/3907
f 3803/7586/3860 3890/7594/3914 3889/7658/3948
f 3890/7659/3914 3891/7660/3858 3889/7661/3948
f 3891/7660/3858 3892/7662/3949 3889/7661/3948
f 3891/7660/3858 3893/7663/3910 3892/7662/3949
f 3847/7592/3913 3801/7508/3859 3849/7596/3915
f 3845/7587/3909 3844/7585/3908 3800/7505/3857
f 3421/6901/3465 3806/7664/3863 4043/7157/3634
f 3421/6645/3465 4246/7176/3642 3806/7665/3863
f 3535/6911/3589 3534/7016/3587 3894/7666/3950
f 3852/7519/3865 3971/7667/3951 3544/6939/3603
f 3895/7668/3952 3740/7379/3794 3778/7453/3834
f 4021/7669/3953 3865/7622/3928 3854/7670/3744
f 3862/7619/3839 3780/7464/3840 3896/7671/3954
f 3700/7672/3746 3980/7673/3955 3897/7674/3956
f 3690/7258/3736 3898/7675/3957 3741/7380/3795
f 3986/7260/3738 3742/7381/3796 3975/7676/3958
f 3744/7383/3798 3980/7677/3955 3700/7281/3746
f 3899/7678/3791 3864/7621/3927 3811/7531/3870
f 3775/7449/3831 3900/7679/3959 3808/7525/3869
f 3808/7525/3869 3901/7680/3960 3781/7468/3842
f 3700/7290/3746 3863/7681/3926 3902/7682/3961
f 3686/7266/3742 3747/7391/3802 3987/7683/3962
f 3866/7623/3929 3689/7271/3743 3713/7309/3761
f 3854/7670/3744 3865/7622/3928 3783/7684/3844
f 3902/7682/3961 3904/7470/3843 3700/7290/3746
f 3781/7468/3842 3903/7685/3963 3746/7386/3800
f 3746/7386/3800 3903/7685/3963 3867/7624/3930
f 3814/7534/3875 3868/7625/3931 3714/7310/3762
f 3750/7686/3766 3904/7687/3843 3905/7688/3964
f 3750/7395/3766 3905/7689/3964 3747/7391/3802
f 3951/7690/3965 3749/7394/3804 3716/7313/3764
f 3716/7313/3764 3949/7626/3882 3951/7690/3965
f 3994/7632/3934 3906/7691/3966 3871/7630/3614
f 3871/7397/3614 3906/7692/3966 3751/7398/3805
f 3873/6956/3616 3946/7693/3967 3820/7546/3884
f 3872/7633/3935 3946/7693/3967 3873/6956/3616
f 3873/7634/3616 3907/7694/3968 3874/7635/3881
f 3553/6854/3563 3907/7695/3968 3873/7048/3616
f 3553/6854/3563 3908/7696/3936 3907/7695/3968
f 3726/7339/3772 3815/7535/3876 3868/7625/3931
f 3726/7339/3772 3876/7547/3885 3815/7535/3876
f 3877/7342/3773 3909/7697/3969 3950/7399/3806
f 3869/7627/3932 3819/7545/3883 3877/7642/3773
f 3823/6858/3564 3910/7698/3970 3453/6855/3507
f 3823/7699/3564 3822/7700/3886 3910/7701/3970
f 3752/7346/3568 3786/7128/3680 4264/7702/3971
f 3911/7703/3972 3824/7551/3887 3630/7122/3677
f 3785/7704/3808 3755/7347/3775 3555/6963/3529
f 3756/7054/3649 3728/7348/3776 3474/6783/3528
f 3758/7705/3810 3827/7706/3890 3912/7707/3973
f 3632/7403/3679 3912/7708/3973 3825/7709/3888
f 3878/7710/3938 3881/7648/3939 3730/7477/3650
f 3788/7711/3780 3560/7712/3620 3827/7706/3890
f 3882/7649/3940 3789/7486/3332 3913/7713/3974
f 3332/7057/3373 3789/7486/3332 3882/7649/3940
f 3881/7648/3939 3601/7059/3651 3759/7411/3811
f 3359/7714/3401 3914/7715/3975 3915/7716/3426
f 3916/7717/3322 4229/7718/3976 2998/7719/3025
f 3360/6496/3387 3835/7569/3898 3376/6497/3365
f 3917/7720/3977 3635/7133/3683 3603/7063/3532
f 3521/6887/3576 3323/6570/3358 3918/7721/3978
f 3388/6283/3313 3919/7722/3813 3280/6284/3158
f 3478/6790/3533 3608/7137/3428 3920/7723/3979
f 3838/7422/3817 3764/7423/3818 3572/6992/3628
f 3920/7723/3979 3608/7137/3428 3794/7495/3853
f 3921/7724/3980 3841/7725/3903 3764/7726/3818
f 4005/7727/3981 3796/7499/3854 3408/7498/3432
f 3922/7728/3982 4042/7581/3904 3766/7427/3821
f 3888/7657/3947 3796/7499/3854 4005/7727/3981
f 3922/7728/3982 3766/7427/3821 3798/7502/3856
f 3842/7583/3906 3797/7501/3855 3844/7729/3908
f 3892/7662/3949 3893/7663/3910 3924/7730/3983
f 3924/7730/3983 3893/7663/3910 3923/7731/3912
f 3924/7732/3983 3923/7591/3912 3847/7592/3913
f 3849/7597/3915 3804/7514/3861 3925/7733/3984
f 3798/7502/3856 3799/7503/3787 3926/7734/3985
f 4045/7735/3986 3585/7017/3638 3851/7600/3917
f 4006/7736/3987 3927/7737/3828 3588/7738/3605
f 3850/7739/3916 3727/7740/3440 3616/7741/3478
f 3851/7742/3917 3590/7743/3640 3928/7744/3789
f 3979/7745/3988 3940/7454/3835 3689/7271/3743
f 3898/7675/3957 3690/7258/3736 3929/7746/3989
f 3977/7606/3921 3899/7747/3791 3811/7526/3870
f 3778/7453/3834 3674/7242/3723 3930/7748/3990
f 3931/7749/3991 3779/7608/3836 3810/7530/3745
f 3932/7750/3992 3855/7610/3872 3681/7257/3735
f 3933/7751/3993 3934/7752/3994 3743/7614/3797
f 3933/7751/3993 3743/7614/3797 3857/7613/3924
f 3935/7753/3995 3777/7458/3833 3809/7527/3871
f 4021/7669/3953 3854/7670/3744 3936/7754/3922
f 3681/7257/3735 3741/7380/3795 3932/7750/3992
f 3856/7755/3923 3862/7619/3839 3896/7671/3954
f 3934/7756/3994 3780/7464/3840 3743/7463/3797
f 3897/7674/3956 3863/7620/3926 3700/7672/3746
f 3938/7457/3838 3937/7757/3996 3744/7467/3798
f 3938/7758/3838 3686/7759/3742 3939/7760/3997
f 3776/7450/3832 3978/7761/3998 3745/7384/3799
f 3777/7458/3833 3935/7753/3995 3776/7762/3832
f 3940/7763/3835 3930/7748/3990 3674/7242/3723
f 3941/7764/3837 3942/7765/3740 3856/7766/3923
f 3901/7680/3960 3808/7525/3869 3900/7679/3959
f 3863/7620/3926 3858/7615/3841 3945/7767/3999
f 3901/7680/3960 3943/7768/4000 3781/7468/3842
f 3864/7769/3927 3899/7387/3791 3867/7624/3930
f 3943/7768/4000 3903/7685/3963 3781/7468/3842
f 3858/7770/3841 3782/7771/3801 3944/7772/4001
f 3945/7773/3999 3858/7770/3841 3944/7772/4001
f 3946/7774/3967 3696/7286/3748 3864/7621/3927
f 3866/7623/3929 3713/7309/3761 3947/7775/4002
f 3947/7775/4002 3713/7309/3761 3784/7474/3845
f 3952/7643/3937 3782/7473/3801 3817/7537/3878
f 3952/7776/3937 3944/7772/4001 3782/7771/3801
f 3990/7777/4003 3747/7391/3802 3905/7689/3964
f 3994/7778/3934 3552/7779/3615 3948/7780/4004
f 3948/7781/4004 3552/7782/3615 3867/7624/3930
f 3867/7624/3930 3552/7782/3615 3820/7783/3884
f 3818/7539/3879 3876/7547/3885 3949/7543/3882
f 3950/7784/3806 3949/7543/3882 3876/7547/3885
f 3949/7785/3882 3950/7786/3806 3951/7787/3965
f 3950/7399/3806 3909/7697/3969 3951/7690/3965
f 3909/7697/3969 3877/7342/3773 3816/7536/3877
f 3816/7544/3877 3877/7642/3773 3819/7545/3883
f 3993/7788/4005 3952/7789/3937 3453/6855/3507
f 3993/7788/4005 3453/6855/3507 3910/7698/3970
f 4025/7790/4006 3822/7549/3886 3821/7548/3565
f 4025/7790/4006 3821/7548/3565 4026/7791/4007
f 4026/7792/4007 3821/6859/3565 3812/7538/3873
f 3753/7793/3807 3752/7346/3568 4127/7794/4008
f 4127/7794/4008 3752/7346/3568 4264/7702/3971
f 4264/7795/3971 3786/7480/3680 3955/7479/3846
f 3755/7796/3775 3953/7797/4009 3756/7798/3649
f 3728/7799/3776 3954/7800/4010 3878/7710/3938
f 3955/7801/3846 3600/7058/3572 3882/7649/3940
f 3956/7802/3333 3879/7646/3781 3957/7803/4011
f 3957/7803/4011 3879/7646/3781 3824/7645/3887
f 3560/7712/3620 3958/7804/3812 3827/7706/3890
f 4068/7805/4012 3834/7567/3897 3830/7562/3893
f 3885/7654/3944 3792/7489/3851 3886/7655/3945
f 3834/7806/3897 3917/7720/3977 3603/7063/3532
f 3886/7655/3945 3521/6887/3576 3918/7721/3978
f 3636/7134/3684 3763/7421/3816 3959/7807/4013
f 3836/7572/3900 3761/7417/3814 3960/7808/4014
f 3836/7572/3900 3961/7809/4015 3405/7418/3446
f 3571/6991/3627 3837/7575/3901 3607/7135/3655
f 3733/7810/3786 4005/7727/3981 3408/7498/3432
f 3609/7811/3656 3962/7812/3905 3963/7813/4016
f 4042/7581/3904 3922/7728/3982 4004/7814/4017
f 3841/7580/3903 3963/7813/4016 3843/7584/3907
f 3844/7585/3908 3964/7815/4018 3842/7816/3906
f 3803/7586/3860 3964/7815/4018 3845/7587/3909
f 3847/7592/3913 3965/7817/4019 3924/7732/3983
f 3771/7436/3824 3846/7589/3911 3966/7818/4020
f 3799/7368/3787 4043/7001/3634 3926/7819/3985
f 3805/7820/3862 4118/7821/4021 3736/7822/3633
f 4045/7735/3986 3967/7823/4022 3585/7017/3638
f 3585/7017/3638 3967/7823/4022 3968/7441/3827
f 3534/7016/3587 3968/7824/3827 3894/7666/3950
f 3535/6911/3589 3894/7666/3950 3969/7825/3788
f 3969/7826/3788 3970/7601/3918 3583/6928/3602
f 3970/7827/3918 4051/7602/3919 3539/6916/3594
f 3544/6930/3603 3971/7828/3951 3853/7604/3920
f 3586/7520/3639 3853/7829/3920 3807/7521/3866
f 4055/7830/3867 4006/7736/3987 3588/7738/3605
f 4018/7831/3868 4047/7832/4023 3773/7833/3829
f 3851/7742/3917 3928/7744/3789 4022/7834/4024
f 3972/7835/4025 3984/7836/4026 3973/7837/4027
f 3977/7606/3921 3978/7761/3998 4008/7838/4028
f 3809/7527/3871 4008/7839/4028 3935/7753/3995
f 3809/7527/3871 3895/7668/3952 4008/7839/4028
f 4021/7669/3953 3936/7754/3922 4020/7840/4029
f 3932/7750/3992 3898/7675/3957 3974/7841/4030
f 3898/7675/3957 3929/7746/3989 3974/7841/4030
f 3975/7842/3958 3941/7764/3837 3976/7843/4031
f 3856/7766/3923 3976/7843/4031 3941/7764/3837
f 3856/7755/3923 3896/7671/3954 3976/7844/4031
f 3896/7671/3954 3934/7756/3994 3976/7844/4031
f 3934/7756/3994 3859/7845/3925 3976/7844/4031
f 3859/7616/3925 3897/7674/3956 4017/7846/4032
f 3897/7674/3956 3980/7673/3955 4017/7846/4032
f 4009/7847/4033 3775/7449/3831 3977/7848/3921
f 4008/7839/4028 3978/7849/3998 3935/7753/3995
f 3930/7748/3990 3940/7763/3835 3979/7850/3988
f 3979/7745/3988 3865/7622/3928 4021/7669/3953
f 3936/7609/3922 3779/7608/3836 3931/7749/3991
f 3931/7749/3991 3855/7529/3872 3932/7851/3992
f 3934/7752/3994 3933/7751/3993 3859/7616/3925
f 3980/7852/3955 3744/7467/3798 3937/7757/3996
f 3981/7853/4034 3939/7760/3997 3982/7854/4035
f 3972/7855/4025 3983/7856/4036 3984/7857/4026
f 3985/7858/4037 3943/7768/4000 3900/7679/3959
f 3932/7750/3992 3741/7380/3795 3898/7675/3957
f 3929/7746/3989 3986/7859/3738 3975/7860/3958
f 3975/7676/3958 3742/7381/3796 3941/7456/3837
f 3859/7616/3925 3933/7751/3993 3857/7613/3924
f 3984/7857/4026 3983/7856/4036 3943/7861/4000
f 3775/7449/3831 3899/7376/3791 3977/7848/3921
f 3978/7761/3998 3776/7450/3832 3935/7862/3995
f 3809/7527/3871 3740/7379/3794 3895/7668/3952
f 3895/7668/3952 3778/7453/3834 3930/7748/3990
f 3979/7745/3988 3689/7271/3743 3865/7622/3928
f 3896/7671/3954 3780/7464/3840 3934/7756/3994
f 3859/7616/3925 3863/7620/3926 3897/7674/3956
f 3937/7757/3996 3938/7457/3838 3981/7863/4034
f 3981/7853/4034 3938/7758/3838 3939/7760/3997
f 3977/7606/3921 3745/7384/3799 3978/7761/3998
f 3931/7749/3991 3810/7530/3745 3855/7529/3872
f 3929/7746/3989 3690/7258/3736 3986/7859/3738
f 3939/7760/3997 3686/7759/3742 3982/7854/4035
f 3686/7864/3742 3987/7865/3962 3982/7866/4035
f 3983/7867/4036 3903/7685/3963 3943/7768/4000
f 3945/7767/3999 3902/7868/3961 3863/7620/3926
f 3900/7679/3959 3943/7768/4000 3901/7680/3960
f 3866/7623/3929 3783/7684/3844 3865/7622/3928
f 3987/7865/3962 3990/7869/4003 3982/7866/4035
f 3982/7866/4035 3990/7869/4003 4014/7870/4038
f 3774/7446/3830 3988/7871/4039 3812/7532/3873
f 3972/7872/4025 3989/7873/4040 3983/7874/4036
f 3747/7391/3802 3990/7777/4003 3987/7683/3962
f 4014/7875/4038 3990/7876/4003 3991/7877/4041
f 3983/7878/4036 3989/7879/4040 3992/7880/4042
f 3783/7684/3844 3866/7623/3929 3947/7775/4002
f 3945/7773/3999 3944/7772/4001 3902/7881/3961
f 3946/7774/3967 3864/7621/3927 3820/7882/3884
f 3902/7881/3961 3993/7883/4005 3904/7687/3843
f 3983/7867/4036 3992/7884/4042 3903/7685/3963
f 3903/7685/3963 3948/7781/4004 3867/7624/3930
f 3867/7624/3930 3820/7783/3884 3864/7769/3927
f 3696/7392/3748 3946/7693/3967 3748/7393/3803
f 3869/7627/3932 3952/7643/3937 3817/7537/3878
f 3902/7881/3961 3944/7772/4001 3993/7883/4005
f 3990/7885/4003 3905/7886/3964 3995/7887/4043
f 3990/7876/4003 3995/7888/4043 3991/7877/4041
f 3995/7888/4043 4025/7889/4006 3991/7877/4041
f 3903/7685/3963 3992/7884/4042 3948/7781/4004
f 3748/7393/3803 3946/7693/3967 3872/7633/3935
f 3748/7393/3803 3872/7633/3935 3813/7533/3874
f 3813/7533/3874 3872/7633/3935 3875/7540/3880
f 3784/7474/3845 3907/7695/3968 3947/7775/4002
f 3947/7775/4002 3908/7696/3936 3783/7684/3844
f 3783/7471/3844 3908/7637/3936 3814/7534/3875
f 3749/7394/3804 3951/7690/3965 3909/7697/3969
f 3749/7394/3804 3909/7697/3969 3816/7536/3877
f 3944/7772/4001 3952/7776/3937 3993/7883/4005
f 3906/7691/3966 3994/7632/3934 3989/7890/4040
f 3989/7879/4040 3994/7891/3934 3992/7880/4042
f 3992/7892/4042 3994/7778/3934 3948/7780/4004
f 3784/7474/3845 3874/7542/3881 3907/7695/3968
f 3947/7775/4002 3907/7695/3968 3908/7696/3936
f 3814/7534/3875 3908/7637/3936 3726/7339/3772
f 3814/7534/3875 3726/7339/3772 3868/7625/3931
f 3818/7539/3879 3815/7535/3876 3876/7547/3885
f 3904/7687/3843 3993/7883/4005 3910/7893/3970
f 3904/7687/3843 3910/7893/3970 3905/7688/3964
f 3905/7886/3964 3910/7701/3970 3995/7887/4043
f 3995/7887/4043 3910/7701/3970 3822/7700/3886
f 3995/7894/4043 3822/7549/3886 4025/7790/4006
f 3758/7409/3810 3912/7708/3973 3632/7403/3679
f 3881/7648/3939 4029/7558/3891 3601/7059/3651
f 4512/7357/3782 3518/6882/3573 3363/6525/3405
f 4032/6382/3310 3563/6381/3321 3564/7895/3622
f 4229/7718/3976 4147/7896/3082 2998/7719/3025
f 4476/7897/3364 4488/7898/4044 3565/7899/3349
f 3829/7900/3892 3996/7901/4045 3791/7902/3850
f 3829/7900/3892 3833/7903/3896 3996/7901/4045
f 3835/7569/3898 3997/7904/4046 3998/7905/3784
f 3998/7905/3784 3376/6497/3365 3835/7569/3898
f 3763/7421/3816 4361/7906/4047 3959/7807/4013
f 3405/7418/3446 3961/7809/4015 3793/7492/3852
f 3762/7420/3815 3637/7574/3685 3999/7907/4048
f 3637/7574/3685 4000/7908/3785 3999/7907/4048
f 3838/7576/3817 3837/7575/3901 4002/7909/4049
f 4000/7361/3785 3407/6623/3448 4001/7910/4050
f 4002/7911/4049 4003/7912/4051 3838/7913/3817
f 3921/7724/3980 3609/7494/3656 3841/7725/3903
f 3609/7811/3656 3963/7813/4016 3841/7580/3903
f 3733/7914/3786 4004/7915/4017 4005/7916/3981
f 3843/7584/3907 3805/7820/3862 3639/7435/3688
f 3969/7826/3788 4050/7917/4052 3970/7601/3918
f 4055/7918/3867 3807/7919/3866 4017/7920/4032
f 4006/7921/3987 4007/7922/4053 3927/7923/3828
f 3967/7924/4022 3973/7837/4027 3984/7836/4026
f 4009/7925/4033 4008/7926/4028 4050/7917/4052
f 4009/7927/4033 3977/7606/3921 4008/7838/4028
f 3930/7748/3990 4010/7928/4054 4011/7929/4055
f 4011/7929/4055 4008/7839/4028 3930/7748/3990
f 4012/7930/4056 3929/7746/3989 3976/7931/4031
f 3850/7739/3916 4057/7932/4057 3727/7740/3440
f 4012/7930/4056 3974/7841/4030 3929/7746/3989
f 4007/7922/4053 4054/7933/4058 3982/7866/4035
f 4007/7922/4053 3982/7866/4035 4013/7934/4059
f 3985/7858/4037 3900/7679/3959 4009/7847/4033
f 4054/7935/4058 3981/7863/4034 3982/7936/4035
f 4018/7831/3868 4014/7937/4038 4015/7938/4060
f 4014/7937/4038 4016/7939/4061 4015/7938/4060
f 4009/7847/4033 3900/7679/3959 3775/7449/3831
f 4008/7839/4028 3895/7668/3952 3930/7748/3990
f 3929/7940/3989 3975/7842/3958 3976/7843/4031
f 4017/7941/4032 3980/7852/3955 4054/7935/4058
f 4013/7934/4059 4014/7870/4038 4018/7942/3868
f 3930/7748/3990 3979/7850/3988 4010/7928/4054
f 4020/7943/4029 3931/7749/3991 3974/7944/4030
f 3974/7944/4030 3931/7749/3991 3932/7851/3992
f 3980/7852/3955 3937/7757/3996 4054/7935/4058
f 4054/7935/4058 3937/7757/3996 3981/7863/4034
f 3982/7866/4035 4014/7870/4038 4013/7934/4059
f 3943/7861/4000 4019/7945/4062 3984/7857/4026
f 3943/7861/4000 3985/7946/4037 4019/7945/4062
f 3979/7850/3988 4020/7947/4029 4010/7928/4054
f 4021/7948/3953 4020/7947/4029 3979/7850/3988
f 3936/7609/3922 3931/7749/3991 4020/7943/4029
f 3976/7844/4031 3859/7845/3925 4017/7949/4032
f 3972/7835/4025 3973/7837/4027 4210/7950/4063
f 4022/7951/4024 3928/7952/3789 4023/7953/4064
f 3751/7398/3805 4023/7954/4064 3928/7629/3789
f 3751/7398/3805 3906/7692/3966 4024/7955/4065
f 4025/7956/4006 4026/7957/4007 4061/7958/4066
f 4026/7957/4007 3812/7532/3873 4142/7959/4067
f 4026/7957/4007 4142/7959/4067 4061/7958/4066
f 3754/7402/3774 3911/7703/3972 3630/7122/3677
f 3756/7054/3649 4027/7960/4068 3728/7348/3776
f 3878/7710/3938 4290/7961/4069 3881/7648/3939
f 3825/7962/3888 4028/7963/4070 3631/7125/3678
f 4029/7558/3891 3881/7648/3939 4227/7964/4071
f 4029/7965/3891 4030/7966/4072 3380/7967/3417
f 3958/7804/3812 3325/7968/3362 4031/7969/4073
f 4032/7970/3310 4033/7971/4074 4357/7972/3848
f 4032/7973/3310 3564/7974/3622 4033/7975/4074
f 3883/7976/3942 4034/7977/4075 3916/7978/3322
f 4147/7896/3082 4229/7718/3976 4551/7979/4076
f 3831/7564/3895 3885/7654/3944 4415/7980/4077
f 3833/7903/3896 4505/7981/4078 3996/7901/4045
f 3352/6499/3394 3314/6387/3350 4035/7982/4079
f 3352/6499/3394 4035/7982/4079 3604/7064/3652
f 3388/6585/3313 4036/7983/4080 3919/7416/3813
f 4038/7984/4081 3761/7573/3814 4037/7985/4082
f 3960/7808/4014 3761/7417/3814 4038/7986/4081
f 3761/7573/3814 3762/7420/3815 4037/7985/4082
f 3887/7656/3946 4039/7987/4083 3571/6991/3627
f 3605/7065/3653 4040/7988/4084 3763/7421/3816
f 4039/7987/4083 3837/7575/3901 3571/6991/3627
f 3605/7065/3653 3478/7491/3533 4040/7988/4084
f 3838/7913/3817 4003/7912/4051 3764/7726/3818
f 3839/7577/3902 3840/7424/3819 4041/7989/4085
f 3840/7424/3819 4004/7915/4017 4041/7989/4085
f 3840/7424/3819 4042/7990/3904 4004/7915/4017
f 4004/7915/4017 3733/7914/3786 4041/7989/4085
f 4004/7814/4017 3922/7728/3982 4005/7727/3981
f 3849/7596/3915 4159/7991/4086 3847/7592/3913
f 4043/7992/3634 4044/7993/3864 3926/7734/3985
f 3851/7994/3917 4078/7995/4087 4045/7996/3986
f 4046/7997/4088 4047/7832/4023 4015/7938/4060
f 4047/7998/4023 4048/7999/4089 3773/8000/3829
f 4045/7996/3986 4049/8001/4090 3973/7837/4027
f 4045/7996/3986 3973/7837/4027 3967/7924/4022
f 3968/7824/3827 3967/8002/4022 4019/7945/4062
f 3968/7824/3827 4019/7945/4062 3894/7666/3950
f 3894/7666/3950 4019/7945/4062 3985/7946/4037
f 3894/8003/3950 3985/7858/4037 4009/7847/4033
f 3894/8003/3950 4009/7847/4033 3969/8004/3788
f 3969/8004/3788 4009/7847/4033 4050/8005/4052
f 3970/7601/3918 4050/7917/4052 4052/8006/4091
f 3970/7601/3918 4052/8006/4091 4051/8007/3919
f 4051/7602/3919 4052/8008/4091 4011/7929/4055
f 4051/7602/3919 4011/7929/4055 4053/8009/4092
f 4051/7602/3919 4053/8009/4092 3772/7440/3826
f 3772/7440/3826 4053/8009/4092 4020/7947/4029
f 3772/7440/3826 4020/7947/4029 3852/7603/3865
f 3852/7519/3865 4020/7943/4029 3974/7944/4030
f 3852/7519/3865 3974/7944/4030 3971/7667/3951
f 3971/7828/3951 3974/7841/4030 4012/7930/4056
f 3971/7828/3951 4012/7930/4056 3853/7604/3920
f 3853/7604/3920 4012/7930/4056 3976/7931/4031
f 3853/7829/3920 3976/7844/4031 3807/7521/3866
f 3807/7521/3866 3976/7844/4031 4017/7949/4032
f 4055/7830/3867 4054/8010/4058 4006/7736/3987
f 4055/8011/3867 4017/7941/4032 4054/7935/4058
f 4006/7736/3987 4054/8010/4058 4007/8012/4053
f 4007/7922/4053 4013/7934/4059 3927/7923/3828
f 3927/7923/3828 4013/7934/4059 4018/7942/3868
f 4018/7831/3868 4015/7938/4060 4047/7832/4023
f 4008/7926/4028 4052/8006/4091 4050/7917/4052
f 4011/7929/4055 4052/8008/4091 4008/7839/4028
f 4010/7928/4054 4053/8009/4092 4011/7929/4055
f 4020/7947/4029 4053/8009/4092 4010/7928/4054
f 4019/7945/4062 3967/8002/4022 3984/7857/4026
f 3773/8013/3829 4056/8014/4093 3774/7446/3830
f 4057/8015/4057 3870/7628/3933 3727/7343/3440
f 4210/8016/4063 4058/8017/4094 3972/8018/4025
f 3972/8019/4025 4058/8020/4094 3989/7890/4040
f 3991/7877/4041 4025/7889/4006 4206/8021/4095
f 3989/7890/4040 4058/8020/4094 3906/7691/3966
f 3751/7398/3805 4024/7955/4065 4023/7954/4064
f 3906/7692/3966 4059/8022/4096 4024/7955/4065
f 4060/8023/4097 4061/8024/4066 4062/8025/4098
f 4061/7958/4066 4100/8026/4099 4062/8027/4098
f 4061/7958/4066 4142/7959/4067 4100/8026/4099
f 3913/7713/3974 3789/7486/3332 4356/8028/4100
f 3631/7125/3678 4063/8029/4101 3757/7553/3809
f 3785/7704/3808 4224/8030/4102 3755/7347/3775
f 3878/7710/3938 3954/7800/4010 4290/7961/4069
f 3631/7125/3678 4028/7963/4070 4064/8031/4103
f 3785/8032/3808 3757/7553/3809 4224/8033/4102
f 3881/7648/3939 4290/7961/4069 4227/7964/4071
f 3325/7968/3362 3351/8034/3392 4065/8035/4104
f 4066/8036/3348 4067/8037/4105 3402/7559/3444
f 3830/7562/3893 3832/7563/3894 4379/8038/4106
f 3834/7806/3897 4068/8039/4012 3917/7720/3977
f 3833/7903/3896 3477/8040/3531 4069/8041/4107
f 3477/8040/3531 4070/8042/3357 4071/8043/4108
f 3377/6554/3415 4036/7983/4080 3388/6585/3313
f 4072/8044/4109 3836/7572/3900 3960/7808/4014
f 4361/7906/4047 3763/7421/3816 4073/8045/4110
f 4315/8046/4111 3478/6790/3533 3920/7723/3979
f 3793/8047/3852 4235/8048/4112 3606/7066/3654
f 3407/6623/3448 3839/7577/3902 4001/7910/4050
f 4003/7912/4051 4074/8049/4113 3764/7726/3818
f 4075/8050/4114 3920/7723/3979 3794/7495/3853
f 4074/8049/4113 3921/7724/3980 3764/7726/3818
f 3609/7494/3656 3921/7724/3980 3794/7495/3853
f 4152/8051/4115 4041/7989/4085 3733/7914/3786
f 3892/7662/3949 4076/8052/4116 3889/7661/3948
f 3924/7732/3983 3965/7817/4019 4116/8053/4117
f 4048/7999/4089 4047/7998/4023 4077/8054/4118
f 4078/8055/4087 3851/8056/3917 4122/8057/4119
f 4046/7997/4088 4121/8058/4120 4047/7832/4023
f 4045/7996/3986 4078/7995/4087 4049/8001/4090
f 4056/8059/4093 3773/8000/3829 4048/7999/4089
f 4079/8060/4121 4210/7950/4063 3973/7837/4027
f 4056/8014/4093 3988/7871/4039 3774/7446/3830
f 4205/8061/4122 4014/7875/4038 3991/7877/4041
f 3991/7877/4041 4206/8021/4095 4205/8061/4122
f 3988/7871/4039 4144/8062/4123 3812/7532/3873
f 4025/7889/4006 4061/8024/4066 4211/8063/4124
f 3906/7692/3966 4058/8064/4094 4080/8065/4125
f 4061/8024/4066 4060/8023/4097 4211/8063/4124
f 3812/7532/3873 4144/8062/4123 4142/7959/4067
f 4024/7955/4065 4081/8066/4126 4023/7954/4064
f 4080/8065/4125 4059/8022/4096 3906/7692/3966
f 4080/8065/4125 4089/8067/4127 4059/8022/4096
f 4089/8068/4127 4082/8069/4128 4091/8070/4129
f 4083/8071/4130 4095/8072/4131 4084/8073/4132
f 4096/8074/4133 4085/8075/4134 4086/8076/4135
f 4086/8077/4135 4132/8078/4136 4062/8079/4098
f 4059/8022/4096 4087/8080/4137 4088/8081/4138
f 4089/8082/4127 4087/8083/4137 4059/8084/4096
f 4091/8070/4129 4087/8085/4137 4089/8068/4127
f 4091/8070/4129 4090/8086/4139 4087/8085/4137
f 4093/8087/4140 4090/8088/4139 4091/8089/4129
f 4093/8087/4140 4092/8090/4141 4090/8088/4139
f 4084/8091/4132 4092/8092/4141 4093/8093/4140
f 4095/8072/4131 4092/8094/4141 4084/8073/4132
f 4095/8072/4131 4094/8095/4142 4092/8094/4141
f 4095/8096/4131 4215/8097/4143 4094/8098/4142
f 4098/8099/4144 4215/8097/4143 4095/8096/4131
f 4098/8100/4144 4097/8101/4145 4215/8102/4143
f 4096/8103/4133 4097/8104/4145 4098/8105/4144
f 4096/8103/4133 4099/8106/4146 4097/8104/4145
f 4086/8076/4135 4099/8107/4146 4096/8074/4133
f 4086/8077/4135 4137/8108/4147 4099/8109/4146
f 4062/8079/4098 4137/8108/4147 4086/8077/4135
f 4062/8079/4098 4100/8110/4099 4137/8108/4147
f 4024/7955/4065 4059/8022/4096 4101/8111/4148
f 4088/8081/4138 4101/8111/4148 4059/8022/4096
f 4024/7955/4065 4101/8111/4148 4081/8066/4126
f 4100/8112/4099 4142/8113/4067 4141/8114/4149
f 3882/7649/3940 3913/7713/3974 4102/8115/4150
f 3953/7797/4009 4103/8116/4151 3756/7798/3649
f 3756/7798/3649 4103/8116/4151 4027/8117/4068
f 3827/7706/3890 4104/8118/4152 3912/7707/3973
f 3912/7707/3973 4105/8119/4153 3825/8120/3888
f 3825/8121/3888 4105/8122/4153 4028/8123/4070
f 3631/7125/3678 4064/8031/4103 4063/8029/4101
f 3757/7553/3809 4063/8029/4101 4224/8033/4102
f 3958/7804/3812 4106/8124/4154 3827/7706/3890
f 4029/7558/3891 4227/7964/4071 4030/8125/4072
f 3958/7804/3812 4031/7969/4073 4106/8124/4154
f 4030/7966/4072 4107/8126/4155 3380/7967/3417
f 4305/8127/3400 4108/8128/3336 4728/8129/4156
f 4108/6442/3336 4530/6441/3374 4728/8130/4156
f 3831/7564/3895 4415/7980/4077 4109/8131/4157
f 4379/8038/4106 4068/7805/4012 3830/7562/3893
f 3833/7903/3896 4069/8041/4107 4505/7981/4078
f 3477/8040/3531 4071/8043/4108 4069/8041/4107
f 3635/7133/3683 3917/7720/3977 4397/8132/4158
f 3278/6409/3311 3919/7416/3813 4110/8133/3899
f 3959/7807/4013 4362/8134/4159 3636/7134/3684
f 3887/7656/3946 4111/8135/4160 4039/7987/4083
f 3763/7421/3816 4040/7988/4084 4312/8136/4161
f 3478/7491/3533 4112/8137/4162 4040/7988/4084
f 4000/7908/3785 4001/8138/4050 3999/7907/4048
f 4001/7910/4050 3839/7577/3902 4041/7989/4085
f 3843/7584/3907 3963/7813/4016 4113/8139/4163
f 3962/7812/3905 3842/8140/3906 4114/8141/4164
f 3842/8140/3906 4115/8142/4165 4114/8141/4164
f 3842/7816/3906 3964/7815/4018 4115/8143/4165
f 3844/7585/3908 3845/7587/3909 3964/7815/4018
f 3924/7730/3983 4116/8144/4117 3892/7662/3949
f 3771/7598/3824 4117/8145/4166 3804/7514/3861
f 4118/8146/4021 3850/7599/3916 3736/6998/3633
f 4119/8147/4167 4078/8055/4087 4122/8057/4119
f 4048/7999/4089 4077/8054/4118 4120/8148/4168
f 4077/8054/4118 4047/7998/4023 4121/8149/4120
f 3851/7742/3917 4022/7834/4024 4122/8150/4119
f 4078/7995/4087 4241/8151/4169 4049/8001/4090
f 4015/7938/4060 4123/8152/4170 4046/7997/4088
f 4046/7997/4088 4123/8152/4170 4121/8058/4120
f 4124/8153/4171 4056/8059/4093 4048/7999/4089
f 4049/8001/4090 4079/8060/4121 3973/7837/4027
f 4014/7875/4038 4205/8061/4122 4016/8154/4061
f 4246/7034/3642 3753/7401/3807 4125/8155/4172
f 4056/8014/4093 4126/8156/4173 3988/7871/4039
f 4025/7889/4006 4211/8063/4124 4206/8021/4095
f 4127/8157/4008 4125/8155/4172 3753/7401/3807
f 4128/8158/4174 4091/8089/4129 4082/8159/4128
f 4129/8160/4175 4084/8091/4132 4093/8093/4140
f 4129/8161/4175 4083/8071/4130 4084/8073/4132
f 4095/8096/4131 4130/8162/4176 4098/8099/4144
f 4131/8163/4177 4096/8103/4133 4098/8105/4144
f 4132/8164/4136 4086/8076/4135 4085/8075/4134
f 4133/8165/4178 4062/8079/4098 4132/8078/4136
f 4133/8165/4178 4060/8166/4097 4062/8079/4098
f 4088/8167/4138 4087/8168/4137 4134/8169/4179
f 4088/8170/4138 4134/8171/4179 4219/8172/4180
f 4087/8168/4137 4090/8173/4139 4134/8169/4179
f 4090/8174/4139 4136/8175/4181 4134/8176/4179
f 4092/8177/4141 4135/8178/4182 4090/8179/4139
f 4090/8180/4139 4135/8181/4182 4136/8182/4181
f 4094/8095/4142 4135/8183/4182 4092/8094/4141
f 4097/8104/4145 4138/8184/4183 4215/8185/4143
f 4097/8104/4145 4099/8106/4146 4138/8184/4183
f 4137/8186/4147 4138/8187/4183 4099/8188/4146
f 4134/8176/4179 4136/8175/4181 4220/8189/4184
f 4139/8190/4185 4136/8182/4181 4135/8181/4182
f 4140/8191/4186 4094/8098/4142 4215/8097/4143
f 4216/8192/4187 4215/8185/4143 4138/8184/4183
f 4141/8193/4149 4137/8194/4147 4100/8195/4099
f 4141/8193/4149 4142/8196/4067 4143/8197/4188
f 4144/8198/4123 4143/8199/4188 4142/8200/4067
f 4145/8201/4189 4081/8066/4126 4101/8111/4148
f 4145/8202/4189 4101/8203/4148 4285/8204/4190
f 3728/8205/3776 4027/8206/4068 3954/8207/4010
f 4064/8031/4103 4028/7963/4070 4146/8208/4191
f 3827/7706/3890 4106/8124/4154 4104/8118/4152
f 4512/7357/3782 3339/6462/3361 3300/6342/3334
f 4306/8209/4192 3337/8210/3379 3264/6220/3285
f 3220/8211/3258 4147/8212/3082 4551/8213/4076
f 4415/7980/4077 3885/7654/3944 4148/8214/4193
f 3885/7654/3944 3886/7655/3945 4148/8214/4193
f 4110/7571/3899 4070/6404/3357 3279/6281/3312
f 3918/8215/3978 3323/6406/3358 3328/6425/3366
f 4149/8216/4194 3887/7656/3946 4362/8134/4159
f 4362/8134/4159 3887/7656/3946 3636/7134/3684
f 4037/7985/4082 3762/7420/3815 4150/8217/4195
f 4073/8045/4110 3763/7421/3816 4312/8136/4161
f 4312/8136/4161 4040/7988/4084 4112/8137/4162
f 4039/7987/4083 4151/8218/4196 3837/7575/3901
f 4271/8219/4197 4001/7910/4050 4041/7989/4085
f 4152/8220/4115 3733/7362/3786 3606/7066/3654
f 4074/8049/4113 3794/7495/3853 3921/7724/3980
f 3963/7813/4016 3962/7812/3905 4153/8221/4198
f 4154/8222/4199 3962/7812/3905 4114/8141/4164
f 3888/7657/3947 4155/8223/4200 3846/7589/3911
f 4156/8224/4201 3964/7815/4018 3803/7586/3860
f 4156/8224/4201 3803/7586/3860 3889/7658/3948
f 4157/8225/4202 4158/8226/4203 3892/7662/3949
f 4159/8227/4086 3849/7597/3915 3925/7733/3984
f 4160/8228/4204 3804/7514/3861 4117/8145/4166
f 4155/8223/4200 3966/7818/4020 3846/7589/3911
f 4124/8153/4171 4120/8148/4168 4161/8229/4205
f 4122/8057/4119 4162/8230/4206 4119/8147/4167
f 4124/8153/4171 4048/7999/4089 4120/8148/4168
f 4119/8147/4167 4280/8231/4207 4078/8055/4087
f 4280/8231/4207 4241/8232/4169 4078/8055/4087
f 4163/8233/4208 4122/8150/4119 4022/7834/4024
f 4241/8151/4169 4164/8234/4209 4049/8001/4090
f 4164/8235/4209 4165/8236/4210 4166/8237/4211
f 4167/8238/4212 4168/8239/4213 4166/8237/4211
f 4167/8240/4212 4169/8241/4214 4168/8242/4213
f 4170/8243/4215 4247/8244/4216 4169/8241/4214
f 4170/8245/4215 4173/8246/4217 4247/8247/4216
f 4171/8248/4218 4172/8249/4219 4173/8250/4217
f 4171/8248/4218 4174/8251/4220 4172/8249/4219
f 4243/8252/4221 4175/8253/4222 4174/8251/4220
f 4178/8254/4223 4176/8255/4224 4175/8256/4222
f 4176/8257/4224 4177/8258/4225 4253/8259/4226
f 4178/8260/4223 4179/8261/4227 4177/8258/4225
f 4180/8262/4228 4181/8263/4229 4179/8264/4227
f 4180/8262/4228 4182/8265/4230 4181/8263/4229
f 4245/8266/4231 4183/8267/4232 4182/8265/4230
f 4187/8268/4233 4184/8269/4234 4185/8270/4235
f 4242/8271/4236 4186/8272/4237 4187/8273/4233
f 4121/8058/4120 4123/8152/4170 4186/8274/4237
f 4079/8060/4121 4049/8001/4090 4164/8234/4209
f 4079/8060/4121 4164/8234/4209 4188/8275/4238
f 4189/8276/4239 4166/8237/4211 4168/8239/4213
f 4190/8277/4240 4168/8242/4213 4169/8241/4214
f 4190/8277/4240 4169/8241/4214 4248/8278/4241
f 4248/8278/4241 4169/8241/4214 4247/8244/4216
f 4255/8279/4242 4247/8247/4216 4173/8246/4217
f 4191/8280/4243 4174/8251/4220 4175/8253/4222
f 4191/8281/4243 4175/8256/4222 4192/8282/4244
f 4192/8282/4244 4175/8256/4222 4176/8255/4224
f 4253/8259/4226 4177/8258/4225 4179/8261/4227
f 4193/8283/4245 4181/8263/4229 4182/8265/4230
f 4193/8283/4245 4182/8265/4230 4194/8284/4246
f 4194/8284/4246 4182/8265/4230 4183/8267/4232
f 4194/8285/4246 4183/8286/4232 4195/8287/4247
f 4195/8288/4247 4244/8289/4248 4196/8290/4249
f 4196/8290/4249 4244/8289/4248 4184/8269/4234
f 4196/8290/4249 4184/8269/4234 4197/8291/4250
f 4197/8291/4250 4184/8269/4234 4187/8268/4233
f 4197/8291/4250 4187/8268/4233 4198/8292/4251
f 4187/8273/4233 4186/8272/4237 4198/8293/4251
f 4198/8293/4251 4186/8272/4237 4251/8294/4252
f 4251/8294/4252 4186/8272/4237 4123/8295/4170
f 3850/7739/3916 4199/8296/4253 4057/7932/4057
f 4200/8297/4254 4057/7932/4057 4199/8296/4253
f 4201/8298/4255 4056/8059/4093 4124/8153/4171
f 4200/8299/4254 3870/7628/3933 4057/8015/4057
f 4254/8300/4256 4207/8301/4257 4202/8302/4258
f 4257/8303/4259 4203/8304/4260 4256/8305/4261
f 4258/8306/4262 4203/8307/4260 4257/8308/4259
f 4056/8014/4093 4201/8309/4255 4126/8156/4173
f 4256/8310/4261 4204/8311/4263 4254/8312/4256
f 4125/8155/4172 4126/8313/4173 4201/8314/4255
f 4205/8315/4122 4206/8316/4095 4258/8317/4262
f 4202/8318/4258 4207/8319/4257 4210/8320/4063
f 4258/8321/4262 4212/8322/4264 4203/8323/4260
f 4203/8324/4260 4208/8325/4265 4256/8326/4261
f 4022/8327/4024 4023/7954/4064 4200/8299/4254
f 4254/8328/4256 4209/8329/4266 4207/8330/4257
f 4258/8317/4262 4206/8316/4095 4212/8331/4264
f 4204/8311/4263 4209/8332/4266 4254/8312/4256
f 4256/8333/4261 4208/8334/4265 4204/8335/4263
f 4210/8336/4063 4207/8337/4257 4058/8338/4094
f 4203/8339/4260 4212/8340/4264 4208/8341/4265
f 4125/8155/4172 4127/8157/4008 4126/8313/4173
f 4211/8342/4124 4212/8343/4264 4206/8344/4095
f 4127/8157/4008 4262/8345/4267 4126/8313/4173
f 4082/8159/4128 4207/8330/4257 4209/8329/4266
f 4298/8346/4268 4200/8299/4254 4023/7954/4064
f 4204/8311/4263 4083/8071/4130 4209/8332/4266
f 4208/8341/4265 4212/8340/4264 4131/8347/4177
f 4211/8342/4124 4060/8166/4097 4212/8343/4264
f 3870/7628/3933 4298/8346/4268 3754/7344/3774
f 4298/8346/4268 4023/7954/4064 4081/8066/4126
f 4085/8075/4134 4131/8348/4177 4212/8349/4264
f 4207/8350/4257 4213/8351/4269 4058/8352/4094
f 4212/8349/4264 4132/8164/4136 4085/8075/4134
f 4133/8165/4178 4132/8078/4136 4212/8343/4264
f 4133/8165/4178 4212/8343/4264 4060/8166/4097
f 3988/7871/4039 4214/8353/4270 4144/8062/4123
f 4080/8354/4125 4213/8355/4269 4089/8356/4127
f 4213/8357/4269 4082/8069/4128 4089/8068/4127
f 4091/8089/4129 4128/8158/4174 4093/8087/4140
f 4128/8158/4174 4129/8358/4175 4093/8087/4140
f 4083/8359/4130 4130/8162/4176 4095/8096/4131
f 4098/8360/4144 4130/8361/4176 4131/8362/4177
f 4085/8075/4134 4096/8074/4133 4131/8348/4177
f 4101/8203/4148 4088/8170/4138 4219/8172/4180
f 4322/8363/4271 4139/8364/4185 4135/8365/4182
f 4094/8098/4142 4140/8191/4186 4135/8366/4182
f 4215/8367/4143 4216/8368/4187 4259/8369/4272
f 4138/8370/4183 4217/8371/4273 4216/8372/4187
f 4137/8194/4147 4217/8373/4273 4138/8374/4183
f 4137/8194/4147 4141/8193/4149 4217/8373/4273
f 4134/8375/4179 4218/8376/4274 4219/8377/4180
f 4218/8376/4274 4134/8375/4179 4220/8378/4184
f 4101/8203/4148 4302/8379/4275 4285/8204/4190
f 4144/8380/4123 4261/8381/4276 4143/8197/4188
f 3911/8382/3972 4221/8383/4277 3824/7645/3887
f 3955/7801/3846 3882/7649/3940 4102/8115/4150
f 3957/7803/4011 4222/8384/4278 3956/7802/3333
f 4104/8118/4152 4105/8119/4153 3912/7707/3973
f 4223/8385/4279 4448/8386/4280 4224/8387/4102
f 4224/8388/4102 3953/7797/4009 3755/7796/3775
f 4028/8389/4070 4105/8390/4153 4146/8391/4191
f 4146/8208/4191 4225/8392/4281 4064/8031/4103
f 4064/8031/4103 4225/8392/4281 4226/8393/4282
f 4064/8031/4103 4226/8393/4282 4063/8029/4101
f 4063/8029/4101 4223/8394/4279 4224/8033/4102
f 4224/8395/4102 4448/8396/4280 3953/8397/4009
f 4227/8398/4071 4228/8399/4283 4030/7966/4072
f 3916/7978/3322 4034/7977/4075 4229/8400/3976
f 3220/6493/3258 4230/8401/4284 3142/6018/3181
f 3832/7565/3894 3831/7564/3895 4109/8131/4157
f 3886/7655/3945 4231/8402/4285 4148/8214/4193
f 3918/7721/3978 4231/8402/4285 3886/7655/3945
f 3998/7359/3784 4232/8403/4286 3377/6554/3415
f 3604/7064/3652 4427/8404/4287 3353/6501/3395
f 4038/7984/4081 4037/7985/4082 4233/8405/4288
f 4150/8217/4195 3762/7420/3815 3999/7907/4048
f 3961/7809/4015 4234/8406/4289 3793/7492/3852
f 4112/8137/4162 3478/7491/3533 4315/8407/4111
f 4234/8406/4289 4235/8408/4112 3793/7492/3852
f 4002/7909/4049 3837/7575/3901 4236/8409/4290
f 4235/8048/4112 4152/8220/4115 3606/7066/3654
f 4237/8410/4291 4074/8049/4113 4003/7912/4051
f 3962/7812/3905 4154/8222/4199 4153/8221/4198
f 3847/7592/3913 4238/8411/4292 3965/7817/4019
f 3804/7514/3861 4160/8228/4204 3925/7733/3984
f 4239/8412/4293 3805/7820/3862 3843/7584/3907
f 4240/8413/4294 4349/8414/4295 4162/8415/4206
f 4161/8229/4205 4120/8148/4168 4278/8416/4296
f 4162/8417/4206 4122/8150/4119 4163/8233/4208
f 4162/8230/4206 4349/8418/4295 4280/8231/4207
f 4162/8230/4206 4280/8231/4207 4119/8147/4167
f 4120/8148/4168 4077/8054/4118 4278/8416/4296
f 4278/8416/4296 4077/8054/4118 4121/8149/4120
f 4163/8233/4208 4022/7834/4024 4199/8296/4253
f 4241/8419/4169 4165/8236/4210 4164/8235/4209
f 4169/8241/4214 4167/8240/4212 4170/8243/4215
f 4171/8248/4218 4243/8252/4221 4174/8251/4220
f 4176/8257/4224 4178/8260/4223 4177/8258/4225
f 4178/8260/4223 4180/8420/4228 4179/8261/4227
f 4180/8262/4228 4245/8266/4231 4182/8265/4230
f 4244/8289/4248 4245/8421/4231 4185/8270/4235
f 4185/8270/4235 4184/8269/4234 4244/8289/4248
f 4185/8270/4235 4242/8422/4236 4187/8268/4233
f 4186/8272/4237 4242/8271/4236 4121/8423/4120
f 4165/8236/4210 4167/8238/4212 4166/8237/4211
f 4171/8424/4218 4173/8246/4217 4170/8245/4215
f 4178/8254/4223 4175/8256/4222 4243/8425/4221
f 4244/8426/4248 4183/8286/4232 4245/8427/4231
f 3806/8428/3863 4246/8429/3642 4252/8430/4297
f 4164/8235/4209 4166/8237/4211 4188/8431/4238
f 4247/8432/4216 4255/8433/4242 4248/8434/4241
f 4173/8246/4217 4250/8435/4298 4255/8279/4242
f 4173/8250/4217 4249/8436/4299 4250/8437/4298
f 4249/8436/4299 4173/8250/4217 4172/8249/4219
f 4172/8249/4219 4191/8280/4243 4249/8436/4299
f 4172/8249/4219 4174/8251/4220 4191/8280/4243
f 4176/8255/4224 4253/8438/4226 4192/8282/4244
f 4179/8261/4227 4193/8439/4245 4253/8259/4226
f 4183/8286/4232 4244/8426/4248 4195/8287/4247
f 4166/8237/4211 4189/8276/4239 4188/8431/4238
f 4190/8277/4240 4189/8440/4239 4168/8242/4213
f 4123/8152/4170 4016/7939/4061 4251/8441/4252
f 4015/7938/4060 4016/7939/4061 4123/8152/4170
f 4194/8284/4246 4195/8442/4247 4257/8443/4259
f 4246/7034/3642 4125/8155/4172 4252/8444/4297
f 4193/8283/4245 4257/8443/4259 4253/8445/4226
f 4251/8294/4252 4205/8315/4122 4198/8293/4251
f 4252/8444/4297 4125/8155/4172 4201/8314/4255
f 4199/8296/4253 4022/7834/4024 4200/8297/4254
f 4188/8275/4238 4210/7950/4063 4079/8060/4121
f 4194/8284/4246 4257/8443/4259 4193/8283/4245
f 4195/8446/4247 4196/8447/4249 4258/8306/4262
f 4250/8437/4298 4254/8448/4256 4255/8449/4242
f 4191/8280/4243 4256/8450/4261 4249/8436/4299
f 4192/8282/4244 4256/8451/4261 4191/8281/4243
f 4253/8438/4226 4256/8451/4261 4192/8282/4244
f 4253/8452/4226 4257/8453/4259 4256/8454/4261
f 4205/8315/4122 4258/8317/4262 4198/8293/4251
f 4251/8441/4252 4016/7939/4061 4205/8455/4122
f 4189/8276/4239 4210/8456/4063 4188/8431/4238
f 4190/8277/4240 4202/8457/4258 4189/8440/4239
f 4248/8278/4241 4202/8457/4258 4190/8277/4240
f 4255/8433/4242 4202/8302/4258 4248/8434/4241
f 4249/8436/4299 4254/8448/4256 4250/8437/4298
f 4195/8446/4247 4258/8306/4262 4257/8308/4259
f 4196/8290/4249 4197/8291/4250 4258/8458/4262
f 4210/8456/4063 4189/8276/4239 4202/8459/4258
f 4256/8450/4261 4254/8448/4256 4249/8436/4299
f 4198/8292/4251 4258/8458/4262 4197/8291/4250
f 4255/8433/4242 4254/8300/4256 4202/8302/4258
f 3870/7628/3933 4200/8299/4254 4298/8346/4268
f 4058/8064/4094 4213/8460/4269 4080/8065/4125
f 4082/8461/4128 4213/8351/4269 4207/8350/4257
f 4209/8329/4266 4128/8158/4174 4082/8159/4128
f 4129/8358/4175 4128/8158/4174 4209/8329/4266
f 4209/8332/4266 4083/8071/4130 4129/8161/4175
f 4204/8335/4263 4208/8334/4265 4083/8359/4130
f 4130/8162/4176 4083/8359/4130 4208/8334/4265
f 4208/8462/4265 4131/8362/4177 4130/8361/4176
f 3988/7871/4039 4126/8156/4173 4214/8353/4270
f 4126/8156/4173 4262/8463/4267 4214/8353/4270
f 4135/8464/4182 4140/8465/4186 4322/8466/4271
f 4136/8182/4181 4139/8190/4185 4220/8467/4184
f 4215/8097/4143 4259/8468/4272 4140/8191/4186
f 4219/8172/4180 4302/8379/4275 4101/8203/4148
f 4141/8193/4149 4143/8197/4188 4260/8469/4300
f 4144/8470/4123 4214/8471/4270 4261/8472/4276
f 4127/7794/4008 4264/7702/3971 4262/8473/4267
f 4143/8197/4188 4263/8474/4301 4260/8469/4300
f 4143/8197/4188 4261/8381/4276 4263/8474/4301
f 4264/8475/3971 3955/7801/3846 4102/8115/4150
f 3956/7802/3333 4222/8384/4278 4265/8476/3941
f 4063/8029/4101 4226/8393/4282 4266/8477/4302
f 4063/8029/4101 4266/8477/4302 4223/8394/4279
f 4228/8399/4283 4107/8126/4155 4030/7966/4072
f 4107/8126/4155 4267/8478/4303 3380/7967/3417
f 3380/7967/3417 4267/8478/4303 3391/6595/3411
f 3633/7130/3681 3402/7559/3444 4067/8037/4105
f 3381/8479/3418 3915/7716/3426 4268/8480/4304
f 3634/7132/3682 4306/8209/4192 3264/6220/3285
f 4491/8481/4305 3835/7569/3898 3791/7568/3850
f 3835/7569/3898 4269/8482/4306 3997/7904/4046
f 4068/8039/4012 4397/8132/4158 3917/7720/3977
f 4070/8483/3357 4110/8133/3899 4342/8484/4307
f 4035/7982/4079 4427/8404/4287 3604/7064/3652
f 4360/8485/4308 3959/7807/4013 4361/7906/4047
f 3959/7807/4013 4360/8485/4308 4362/8134/4159
f 4270/8486/4309 3961/7809/4015 3836/7572/3900
f 3999/7907/4048 4001/8138/4050 4271/8487/4197
f 4002/7911/4049 4237/8410/4291 4003/7912/4051
f 4075/8050/4114 3794/7495/3853 4074/8049/4113
f 4272/8488/4310 4005/7727/3981 3922/7728/3982
f 4158/8226/4203 4076/8052/4116 3892/7662/3949
f 4116/8144/4117 4157/8225/4202 3892/7662/3949
f 4238/8411/4292 3847/7592/3913 4159/7991/4086
f 4239/8412/4293 4118/7821/4021 3805/7820/3862
f 4274/8489/4311 4273/8490/4312 4161/8491/4205
f 4274/8492/4311 4161/8229/4205 4278/8416/4296
f 4275/8493/4313 4161/8491/4205 4273/8490/4312
f 4240/8413/4294 4162/8415/4206 4163/8494/4208
f 4275/8495/4313 4124/8153/4171 4161/8229/4205
f 4276/8496/4314 4277/8497/4315 4243/8498/4221
f 4281/8499/4316 4278/8500/4296 4242/8422/4236
f 4279/8501/4317 4165/8236/4210 4280/8502/4207
f 4245/8266/4231 4180/8262/4228 4281/8503/4316
f 4280/8231/4207 4165/8504/4210 4241/8232/4169
f 4276/8496/4314 4243/8498/4221 4171/8424/4218
f 4277/8505/4315 4178/8254/4223 4243/8425/4221
f 4277/8506/4315 4180/8420/4228 4178/8260/4223
f 4281/8499/4316 4242/8422/4236 4185/8270/4235
f 3850/7739/3916 4297/8507/4318 4199/8296/4253
f 4167/8238/4212 4165/8236/4210 4279/8501/4317
f 4278/8416/4296 4121/8149/4120 4242/8508/4236
f 4279/8509/4317 4170/8243/4215 4167/8240/4212
f 4276/8496/4314 4170/8245/4215 4279/8510/4317
f 4276/8496/4314 4171/8424/4218 4170/8245/4215
f 4282/8511/4319 4201/8298/4255 4124/8153/4171
f 4282/8511/4319 4252/8512/4297 4201/8298/4255
f 4179/8264/4227 4181/8263/4229 4193/8283/4245
f 4298/8346/4268 4081/8066/4126 4145/8201/4189
f 4323/8513/4320 4259/8514/4272 4216/8515/4187
f 4283/8516/4321 4218/8376/4274 4220/8378/4184
f 4283/8517/4321 4220/8518/4184 4337/8519/4322
f 4337/8520/4322 4220/8467/4184 4139/8190/4185
f 4139/8190/4185 4322/8521/4271 4337/8520/4322
f 4284/8522/4323 4216/8523/4187 4217/8373/4273
f 4145/8524/4189 4285/8525/4190 4286/8526/4324
f 4261/8381/4276 4287/8527/4325 4263/8474/4301
f 4288/8528/4326 4265/8476/3941 4222/8384/4278
f 4289/8529/4327 4105/8119/4153 4104/8118/4152
f 4447/8530/4328 4103/8116/4151 3953/7797/4009
f 4228/8399/4283 4227/8398/4071 4290/8531/4069
f 3325/7968/3362 4065/8035/4104 4031/7969/4073
f 4067/8037/4105 4066/8036/3348 3381/8479/3418
f 4491/8481/4305 4269/8482/4306 3835/7569/3898
f 3377/6554/3415 4232/8403/4286 4036/7983/4080
f 3328/6425/3366 3353/6501/3395 4406/8532/4329
f 4291/8533/4330 3960/7808/4014 4038/7986/4081
f 4270/8486/4309 3836/7572/3900 4072/8044/4109
f 4152/8051/4115 4271/8219/4197 4041/7989/4085
f 4237/8410/4291 4075/8050/4114 4074/8049/4113
f 4005/7727/3981 4272/8488/4310 3888/7657/3947
f 4272/8488/4310 3922/7728/3982 4292/8534/4331
f 3922/7728/3982 3798/7502/3856 4292/8534/4331
f 4292/8534/4331 3798/7502/3856 3926/7734/3985
f 3964/7815/4018 4293/8535/4332 4294/8536/4333
f 4156/8224/4201 4293/8535/4332 3964/7815/4018
f 4295/8537/4334 4349/8538/4295 4240/8539/4294
f 4275/8493/4313 4273/8490/4312 4296/8540/4335
f 4275/8495/4313 4282/8511/4319 4124/8153/4171
f 4044/7518/3864 3806/7517/3863 4252/8541/4297
f 4118/8146/4021 4297/8542/4318 3850/7599/3916
f 4297/8507/4318 4163/8233/4208 4199/8296/4253
f 4281/8543/4316 4180/8544/4228 4277/8545/4315
f 4281/8546/4316 4185/8547/4235 4245/8548/4231
f 4216/8549/4187 4284/8550/4323 4323/8551/4320
f 4214/8471/4270 4262/8552/4267 4261/8472/4276
f 4298/8553/4268 3911/7703/3972 3754/7402/3774
f 4259/8468/4272 4299/8554/4336 4140/8191/4186
f 4262/8555/4267 4300/8556/4337 4261/8381/4276
f 4262/8473/4267 4264/7702/3971 4301/8557/4338
f 4145/8558/4189 4324/8559/4339 4298/8553/4268
f 4302/8560/4275 4336/8561/4340 4285/8525/4190
f 4260/8469/4300 4263/8474/4301 4338/8562/4341
f 4261/8381/4276 4300/8556/4337 4287/8527/4325
f 4263/8474/4301 4287/8527/4325 4338/8562/4341
f 3824/7645/3887 4221/8383/4277 3957/7803/4011
f 4104/8118/4152 4106/8124/4154 4303/8563/4342
f 4106/8124/4154 4304/8564/4343 4303/8563/4342
f 4106/8124/4154 4031/7969/4073 4304/8564/4343
f 3351/8034/3392 4305/8565/3400 4413/8566/4344
f 4306/8567/4192 4307/8568/4345 3337/8569/3379
f 4071/8043/4108 4308/8570/4346 4069/8041/4107
f 3635/7133/3683 4035/7982/4079 3314/6387/3350
f 3960/7808/4014 4471/8571/4347 4072/8044/4109
f 4072/8044/4109 4309/8572/4348 4270/8486/4309
f 3887/7656/3946 4149/8216/4194 4111/8135/4160
f 4037/7985/4082 4150/8217/4195 4310/8573/4349
f 4270/8486/4309 4311/8574/4350 3961/7809/4015
f 3961/7809/4015 4311/8574/4350 4234/8406/4289
f 4312/8575/4161 4112/8576/4162 4313/8577/4351
f 3999/7907/4048 4314/8578/4352 4150/8217/4195
f 4151/8218/4196 4236/8409/4290 3837/7575/3901
f 4112/8576/4162 4315/8579/4111 4316/8580/4353
f 3999/7907/4048 4271/8487/4197 4314/8578/4352
f 4317/8581/4354 4235/8408/4112 4234/8406/4289
f 4315/8579/4111 4075/8582/4114 4316/8580/4353
f 4002/7909/4049 4236/8409/4290 4237/8583/4291
f 4317/8584/4354 4152/8220/4115 4235/8048/4112
f 4315/8579/4111 3920/8585/3979 4075/8582/4114
f 4295/8537/4334 4240/8539/4294 4163/8586/4208
f 4279/8510/4317 4386/8587/4355 4276/8496/4314
f 4349/8418/4295 4279/8588/4317 4280/8231/4207
f 4318/8589/4356 4278/8500/4296 4281/8499/4316
f 4319/8590/4357 4297/8591/4318 4118/7821/4021
f 4320/8592/4358 4277/8497/4315 4276/8496/4314
f 4321/8593/4359 4252/8594/4297 4282/8595/4319
f 4298/8553/4268 4324/8559/4339 3911/7703/3972
f 4140/8191/4186 4299/8554/4336 4322/8596/4271
f 4217/8373/4273 4421/8597/4360 4284/8522/4323
f 4219/8377/4180 4283/8516/4321 4302/8598/4275
f 4219/8377/4180 4218/8376/4274 4283/8516/4321
f 4217/8373/4273 4260/8469/4300 4421/8597/4360
f 4141/8193/4149 4260/8469/4300 4217/8373/4273
f 4259/8599/4272 4323/8600/4320 4299/8601/4336
f 4262/8555/4267 4301/8602/4338 4300/8556/4337
f 3911/8382/3972 4324/8603/4339 4221/8383/4277
f 4264/8475/3971 4102/8115/4150 4301/8604/4338
f 4285/8525/4190 4336/8561/4340 4286/8526/4324
f 4221/8383/4277 4222/8384/4278 3957/7803/4011
f 3913/7713/3974 4356/8028/4100 4325/8605/4361
f 3953/7797/4009 4448/8606/4280 4447/8530/4328
f 4103/8116/4151 4326/8607/4362 4027/8117/4068
f 4307/8568/4345 3883/8608/3942 3337/8569/3379
f 4291/8533/4330 4471/8571/4347 3960/7808/4014
f 4432/8609/4363 4361/8610/4047 4073/8611/4110
f 4316/8580/4353 4313/8577/4351 4112/8576/4162
f 4327/8612/4364 4317/8581/4354 4234/8406/4289
f 4113/8139/4163 4239/8412/4293 3843/7584/3907
f 4154/8222/4199 4114/8141/4164 4328/8613/4365
f 3964/7815/4018 4294/8536/4333 4115/8143/4165
f 4329/8614/4366 4330/8615/4367 4295/8537/4334
f 4331/8616/4368 4321/8593/4359 4296/8540/4335
f 3926/7734/3985 4044/7993/3864 4332/8617/4369
f 4350/8618/4370 4295/8537/4334 4330/8615/4367
f 4329/8614/4366 4295/8537/4334 4163/8586/4208
f 4321/8593/4359 4275/8493/4313 4296/8540/4335
f 4274/8489/4311 4296/8540/4335 4273/8490/4312
f 4386/8619/4355 4279/8620/4317 4349/8621/4295
f 4386/8587/4355 4333/8622/4371 4276/8496/4314
f 4333/8622/4371 4320/8592/4358 4276/8496/4314
f 4318/8623/4356 4274/8492/4311 4278/8416/4296
f 4239/8412/4293 4319/8590/4357 4118/7821/4021
f 4334/8624/4372 4281/8543/4316 4320/8625/4358
f 4320/8625/4358 4281/8543/4316 4277/8545/4315
f 4337/8519/4322 4335/8626/4373 4283/8517/4321
f 4302/8598/4275 4283/8516/4321 4336/8627/4340
f 4322/8628/4271 4299/8629/4336 4337/8630/4322
f 4338/8631/4341 4287/8632/4325 4339/8633/4374
f 4102/8115/4150 3913/7713/3974 4325/8605/4361
f 3954/8634/4010 4340/8635/4375 4290/8531/4069
f 4356/8028/4100 3789/7486/3332 4357/7485/3848
f 4290/8531/4069 4340/8635/4375 4228/8399/4283
f 4228/8399/4283 4341/8636/4376 4107/8126/4155
f 4304/8564/4343 4031/7969/4073 4065/8035/4104
f 3381/8479/3418 4268/8480/4304 4067/8037/4105
f 4265/7650/3941 4512/7357/3782 3300/6342/3334
f 4065/8035/4104 3351/8034/3392 4413/8566/4344
f 3791/7902/3850 3996/7901/4045 4504/8637/4377
f 4071/8043/4108 4070/8042/3357 4308/8570/4346
f 4070/8042/3357 4342/8638/4307 4308/8570/4346
f 4406/8532/4329 3918/8215/3978 3328/6425/3366
f 4343/8639/4378 4036/8640/4080 4232/8641/4286
f 4406/8532/4329 3353/6501/3395 4427/8404/4287
f 3919/7416/3813 4525/8642/4379 4110/8133/3899
f 4309/8572/4348 4072/8044/4109 4471/8571/4347
f 4442/8643/4380 4149/8216/4194 4344/8644/4381
f 4149/8216/4194 4442/8643/4380 4111/8135/4160
f 4111/8135/4160 4345/8645/4382 4039/7987/4083
f 4310/8573/4349 4150/8217/4195 4346/8646/4383
f 4327/8612/4364 4234/8406/4289 4311/8574/4350
f 3963/7813/4016 4153/8221/4198 4113/8139/4163
f 3888/7657/3947 4272/8488/4310 4155/8223/4200
f 3926/7734/3985 4332/8617/4369 4292/8534/4331
f 4155/8223/4200 4347/8647/4384 3966/7818/4020
f 4115/8142/4165 4328/8613/4365 4114/8141/4164
f 3889/7658/3948 4076/8648/4116 4156/8224/4201
f 3771/7436/3824 4348/8649/4385 4117/8650/4166
f 3966/7818/4020 4348/8649/4385 3771/7436/3824
f 4329/8614/4366 4163/8586/4208 4297/8591/4318
f 4350/8618/4370 4349/8538/4295 4295/8537/4334
f 4321/8593/4359 4282/8595/4319 4275/8493/4313
f 4294/8536/4333 4349/8651/4295 4350/8652/4370
f 4333/8622/4371 4386/8587/4355 4385/8653/4386
f 4334/8654/4372 4318/8589/4356 4281/8499/4316
f 4321/8593/4359 4044/7993/3864 4252/8594/4297
f 4338/8562/4341 4421/8597/4360 4260/8469/4300
f 4351/8655/4387 4221/8383/4277 4324/8603/4339
f 4145/8656/4189 4351/8655/4387 4324/8603/4339
f 4145/8656/4189 4286/8657/4324 4351/8655/4387
f 4338/8631/4341 4339/8633/4374 4352/8658/4388
f 4286/8657/4324 4336/8659/4340 4353/8660/4389
f 4300/8661/4337 4339/8633/4374 4287/8632/4325
f 4222/8384/4278 4221/8383/4277 4354/8662/4390
f 4104/8118/4152 4303/8563/4342 4289/8529/4327
f 4146/8208/4191 4355/8663/4391 4225/8392/4281
f 4356/8664/4100 4357/8665/3848 4394/8666/4392
f 3391/6595/3411 4267/8478/4303 4439/6596/3430
f 3220/6493/3258 4358/8667/4393 4230/8401/4284
f 3142/6018/3181 4230/8401/4284 4476/8668/3364
f 3342/8669/2974 3566/8670/3623 3884/8671/3386
f 4068/8039/4012 4380/8672/4394 4397/8132/4158
f 3635/7133/3683 4397/8132/4158 4405/8673/4395
f 4231/8402/4285 3918/7721/3978 4359/8674/4396
f 4431/8675/4397 4360/8676/4308 4361/8677/4047
f 4149/8678/4194 4362/8679/4159 4363/8680/4398
f 4111/8135/4160 4442/8643/4380 4345/8645/4382
f 4312/8575/4161 4313/8577/4351 4073/8611/4110
f 4039/7987/4083 4345/8645/4382 4151/8218/4196
f 4150/8217/4195 4314/8578/4352 4346/8646/4383
f 4316/8580/4353 4075/8582/4114 4364/8681/4399
f 4271/8487/4197 4365/8682/4400 4314/8578/4352
f 4317/8581/4354 4365/8682/4400 4152/8683/4115
f 4271/8487/4197 4152/8683/4115 4365/8682/4400
f 4076/8648/4116 4366/8684/4401 4156/8224/4201
f 4076/8052/4116 4385/8653/4386 4366/8685/4401
f 4158/8226/4203 4385/8653/4386 4076/8052/4116
f 3965/7817/4019 4367/8686/4402 4116/8053/4117
f 3965/7817/4019 4368/8687/4403 4367/8686/4402
f 4238/8411/4292 4368/8687/4403 3965/7817/4019
f 4238/8411/4292 4373/8688/4404 4368/8687/4403
f 4238/8411/4292 4159/7991/4086 4373/8688/4404
f 3925/7733/3984 4369/8689/4405 4159/8227/4086
f 4160/8228/4204 4369/8689/4405 3925/7733/3984
f 4117/8145/4166 4370/8690/4406 4160/8228/4204
f 4348/8649/4385 4387/8691/4407 4117/8650/4166
f 3966/7818/4020 4371/8692/4408 4348/8649/4385
f 3966/7818/4020 4347/8647/4384 4371/8692/4408
f 4372/8693/4409 4157/8225/4202 4333/8622/4371
f 4368/8687/4403 4320/8625/4358 4367/8686/4402
f 4334/8624/4372 4320/8625/4358 4368/8687/4403
f 4387/8694/4407 4318/8589/4356 4370/8690/4406
f 4296/8540/4335 4274/8489/4311 4331/8616/4368
f 4159/8227/4086 4334/8654/4372 4373/8695/4404
f 4332/8617/4369 4044/7993/3864 4321/8593/4359
f 4333/8622/4371 4157/8225/4202 4320/8592/4358
f 4335/8626/4373 4374/8696/4410 4283/8517/4321
f 4375/8697/4411 4335/8626/4373 4337/8519/4322
f 4299/8629/4336 4375/8698/4411 4337/8630/4322
f 4301/8604/4338 4376/8699/4412 4300/8661/4337
f 4286/8657/4324 4353/8660/4389 4351/8655/4387
f 4339/8633/4374 4300/8661/4337 4377/8700/4413
f 4339/8633/4374 4377/8700/4413 4352/8658/4388
f 4289/8701/4327 4146/8391/4191 4105/8390/4153
f 4265/8476/3941 4288/8528/4326 4378/8702/4414
f 4495/6353/3337 4740/8703/4415 4530/6441/3374
f 3359/7714/3401 3475/6785/3530 3914/7715/3975
f 3884/8704/3386 3566/8705/3623 4499/8706/4416
f 3791/7902/3850 4504/8637/4377 4491/8707/4305
f 4379/8708/4106 4380/8709/4394 4068/8710/4012
f 4505/7981/4078 4069/8041/4107 4381/8711/4417
f 4308/8570/4346 4381/8711/4417 4069/8041/4107
f 4110/8133/3899 4525/8642/4379 4342/8484/4307
f 4073/8611/4110 4313/8577/4351 4432/8609/4363
f 4314/8578/4352 4382/8712/4418 4346/8646/4383
f 4236/8409/4290 4364/8681/4399 4237/8583/4291
f 4327/8612/4364 4365/8682/4400 4317/8581/4354
f 4075/8582/4114 4237/8583/4291 4364/8681/4399
f 4115/8142/4165 4330/8615/4367 4328/8613/4365
f 4293/8535/4332 4383/8713/4419 4294/8536/4333
f 4293/8535/4332 4156/8224/4201 4383/8713/4419
f 4384/8714/4420 4370/8690/4406 4117/8145/4166
f 4117/8650/4166 4387/8691/4407 4384/8715/4420
f 4156/8224/4201 4366/8684/4401 4383/8713/4419
f 4158/8226/4203 4157/8225/4202 4372/8693/4409
f 4387/8694/4407 4370/8690/4406 4384/8714/4420
f 4348/8649/4385 4371/8692/4408 4387/8691/4407
f 4347/8647/4384 4331/8616/4368 4371/8692/4408
f 4115/8142/4165 4350/8618/4370 4330/8615/4367
f 4115/8143/4165 4294/8536/4333 4350/8652/4370
f 4385/8716/4386 4386/8717/4355 4366/8718/4401
f 4373/8688/4404 4334/8624/4372 4368/8687/4403
f 4370/8690/4406 4334/8654/4372 4369/8689/4405
f 4371/8692/4408 4274/8489/4311 4387/8691/4407
f 4383/8713/4419 4386/8719/4355 4349/8651/4295
f 4366/8684/4401 4386/8719/4355 4383/8713/4419
f 4372/8693/4409 4333/8622/4371 4385/8653/4386
f 4367/8686/4402 4320/8625/4358 4116/8053/4117
f 4116/8144/4117 4320/8592/4358 4157/8225/4202
f 4274/8492/4311 4318/8623/4356 4387/8720/4407
f 4383/8713/4419 4349/8651/4295 4294/8536/4333
f 4370/8690/4406 4318/8589/4356 4334/8654/4372
f 4330/8615/4367 4329/8614/4366 4319/8590/4357
f 4159/8227/4086 4369/8689/4405 4334/8654/4372
f 4274/8489/4311 4371/8692/4408 4331/8616/4368
f 4332/8617/4369 4321/8593/4359 4388/8721/4421
f 4319/8590/4357 4329/8614/4366 4297/8591/4318
f 4421/8722/4360 4338/8631/4341 4352/8658/4388
f 4323/8600/4320 4389/8723/4422 4299/8601/4336
f 4284/8550/4323 4422/8724/4423 4323/8551/4320
f 4221/8383/4277 4351/8655/4387 4390/8725/4424
f 4283/8726/4321 4460/8727/4425 4336/8659/4340
f 4301/8604/4338 4102/8115/4150 4325/8605/4361
f 4376/8699/4412 4301/8604/4338 4325/8605/4361
f 4336/8659/4340 4460/8727/4425 4353/8660/4389
f 4377/8700/4413 4300/8661/4337 4391/8728/4426
f 4351/8655/4387 4353/8660/4389 4392/8729/4427
f 4460/8727/4425 4392/8729/4427 4353/8660/4389
f 4222/8384/4278 4354/8662/4390 4288/8528/4326
f 4303/8563/4342 4474/8730/4428 4289/8529/4327
f 4304/8564/4343 4451/8731/4429 4303/8563/4342
f 4378/8702/4414 4393/8732/4430 4265/8476/3941
f 4304/8733/4343 4065/8734/4104 4378/8702/4414
f 4394/8735/4392 4357/8736/3848 4033/7975/4074
f 4107/8126/4155 4414/8737/4431 4267/8478/4303
f 4341/8636/4376 4414/8737/4431 4107/8126/4155
f 3518/6882/3573 4513/8738/4432 3562/6974/3621
f 4465/8739/3419 4395/8740/4433 3051/8741/3021
f 4109/8131/4157 4416/8742/4434 3832/7565/3894
f 3997/7904/4046 4269/8482/4306 4466/8743/4435
f 4380/8709/4394 4396/8744/4436 4397/8745/4158
f 4231/8402/4285 4359/8674/4396 4148/8214/4193
f 4518/8746/4437 4525/8642/4379 3919/7416/3813
f 4363/8680/4398 4362/8679/4159 4360/8747/4308
f 4398/8748/4438 4149/8678/4194 4363/8680/4398
f 4431/8749/4397 4361/8610/4047 4432/8609/4363
f 4310/8573/4349 4346/8646/4383 4399/8750/4439
f 4382/8712/4418 4314/8578/4352 4365/8682/4400
f 4272/8488/4310 4347/8647/4384 4155/8223/4200
f 4388/8721/4421 4331/8616/4368 4347/8647/4384
f 4158/8226/4203 4372/8693/4409 4385/8653/4386
f 4370/8690/4406 4369/8689/4405 4160/8228/4204
f 4388/8721/4421 4321/8593/4359 4331/8616/4368
f 4239/8412/4293 4113/8139/4163 4319/8590/4357
f 4299/8601/4336 4389/8723/4422 4375/8751/4411
f 4283/8726/4321 4374/8752/4410 4460/8727/4425
f 4377/8700/4413 4400/8753/4440 4352/8658/4388
f 4356/8028/4100 4401/8754/4441 4325/8605/4361
f 4447/8530/4328 4446/8755/4442 4103/8116/4151
f 4394/8666/4392 4401/8756/4441 4356/8664/4100
f 4288/8528/4326 4304/8733/4343 4378/8702/4414
f 4228/8399/4283 4402/8757/4443 4341/8636/4376
f 4393/8732/4430 4378/8702/4414 4065/8734/4104
f 4341/8636/4376 4394/8758/4392 4414/8737/4431
f 4265/7650/3941 4393/8759/4430 4512/7357/3782
f 4305/8565/3400 4403/8760/4444 4413/8566/4344
f 4728/8761/4156 4403/8762/4444 4305/8763/3400
f 4439/6596/3430 4464/8764/4445 4463/6594/3363
f 4267/8478/4303 4414/8737/4431 4439/6596/3430
f 3915/7716/3426 4404/8765/4446 4268/8480/4304
f 4397/8745/4158 4396/8744/4436 4405/8766/4395
f 3998/7359/3784 4455/8767/4447 4232/8403/4286
f 4406/8768/4329 4407/8769/4448 3918/8770/3978
f 3919/7416/3813 4036/7983/4080 4518/8746/4437
f 4038/8771/4081 4233/8772/4288 4408/8773/4449
f 4344/8774/4381 4149/8678/4194 4398/8748/4438
f 4471/8571/4347 4473/8775/4450 4309/8572/4348
f 4037/7985/4082 4409/8776/4451 4233/8405/4288
f 4037/7985/4082 4310/8573/4349 4409/8776/4451
f 4432/8609/4363 4313/8577/4351 4481/8777/4452
f 4310/8573/4349 4399/8750/4439 4493/8778/4453
f 4151/8218/4196 4410/8779/4454 4236/8409/4290
f 4113/8139/4163 4153/8221/4198 4319/8590/4357
f 4388/8721/4421 4272/8488/4310 4292/8534/4331
f 4272/8488/4310 4388/8721/4421 4347/8647/4384
f 4330/8615/4367 4153/8221/4198 4154/8222/4199
f 4328/8613/4365 4330/8615/4367 4154/8222/4199
f 4332/8617/4369 4388/8721/4421 4292/8534/4331
f 4319/8590/4357 4153/8221/4198 4330/8615/4367
f 4323/8551/4320 4422/8724/4423 4389/8780/4422
f 4300/8661/4337 4376/8699/4412 4391/8728/4426
f 4377/8700/4413 4391/8728/4426 4400/8753/4440
f 4289/8701/4327 4411/8781/4455 4146/8391/4191
f 4225/8392/4281 4412/8782/4456 4226/8393/4282
f 4226/8393/4282 4445/8783/4457 4266/8477/4302
f 4223/8784/4279 4445/8785/4457 4448/8786/4280
f 4340/8635/4375 4402/8757/4443 4228/8399/4283
f 4394/8666/4392 4450/8787/4458 4401/8756/4441
f 4065/8734/4104 4413/8788/4344 4393/8732/4430
f 4394/8735/4392 4033/7975/4074 4414/8789/4431
f 4033/7975/4074 3564/7974/3622 4414/8789/4431
f 4415/8790/4077 4416/8791/4434 4109/8792/4157
f 4269/8482/4306 4417/8793/4459 4466/8743/4435
f 4148/8794/4193 4359/8795/4396 4418/8796/4460
f 4342/8638/4307 4454/8797/4461 4308/8570/4346
f 3635/7133/3683 4405/8673/4395 4035/7982/4079
f 4419/8798/4462 4360/8676/4308 4431/8675/4397
f 4442/8643/4380 4482/8799/4463 4345/8645/4382
f 4313/8577/4351 4316/8580/4353 4420/8800/4464
f 4236/8409/4290 4410/8779/4454 4364/8681/4399
f 4284/8801/4323 4421/8802/4360 4422/8803/4423
f 4376/8699/4412 4423/8804/4465 4391/8728/4426
f 4325/8605/4361 4401/8754/4441 4376/8699/4412
f 4390/8725/4424 4351/8655/4387 4424/8805/4466
f 4221/8383/4277 4390/8725/4424 4354/8662/4390
f 4391/8728/4426 4423/8804/4465 4400/8753/4440
f 4226/8393/4282 4412/8782/4456 4483/8806/4467
f 4223/8394/4279 4266/8477/4302 4445/8783/4457
f 4103/8116/4151 4446/8755/4442 4425/8807/4468
f 4027/8808/4068 4449/8809/4469 3954/8810/4010
f 3634/8811/3682 4725/8812/4470 4306/8567/4192
f 3915/7716/3426 3914/7715/3975 4404/8765/4446
f 4229/8813/3976 4426/8814/4471 4551/8815/4076
f 3996/7901/4045 4505/7981/4078 4504/8637/4377
f 4466/8743/4435 3998/7905/3784 3997/7904/4046
f 4427/8816/4287 4035/8817/4079 4428/8818/4472
f 4427/8816/4287 4557/8819/4473 4406/8820/4329
f 4429/8821/4474 4291/8822/4330 4430/8823/4475
f 4429/8821/4474 4471/8824/4347 4291/8822/4330
f 4291/8822/4330 4038/8771/4081 4430/8823/4475
f 4038/8771/4081 4408/8773/4449 4430/8823/4475
f 4431/8825/4397 4432/8826/4363 4433/8827/4476
f 4309/8572/4348 4311/8574/4350 4270/8486/4309
f 4410/8779/4454 4541/8828/4477 4364/8681/4399
f 4316/8580/4353 4364/8681/4399 4420/8800/4464
f 4541/8828/4477 4420/8800/4464 4364/8681/4399
f 4421/8722/4360 4352/8658/4388 4449/8829/4469
f 4460/8727/4425 4434/8830/4478 4392/8729/4427
f 4392/8729/4427 4424/8805/4466 4351/8655/4387
f 4400/8753/4440 4435/8831/4479 4352/8658/4388
f 4423/8804/4465 4435/8831/4479 4400/8753/4440
f 4392/8729/4427 4434/8830/4478 4424/8805/4466
f 4027/8808/4068 4326/8832/4362 4449/8809/4469
f 3954/8634/4010 4436/8833/4480 4340/8635/4375
f 4288/8528/4326 4354/8662/4390 4437/8834/4481
f 4424/8835/4466 4303/8563/4342 4451/8731/4429
f 4288/8528/4326 4437/8834/4481 4304/8733/4343
f 3634/8811/3682 3562/8836/3621 4438/8837/4482
f 4414/8789/4431 4464/8838/4445 4439/8839/3430
f 4414/8789/4431 3564/7974/3622 4464/8838/4445
f 3565/8840/3349 4440/8841/4483 3566/8842/3623
f 3832/8843/3894 4416/8791/4434 4379/8708/4106
f 4308/8570/4346 4454/8797/4461 4381/8711/4417
f 4428/8818/4472 4557/8819/4473 4427/8816/4287
f 4344/8774/4381 4441/8844/4484 4442/8845/4380
f 4409/8776/4451 4310/8573/4349 4493/8778/4453
f 4540/8846/4485 4311/8574/4350 4309/8572/4348
f 4313/8577/4351 4420/8800/4464 4481/8777/4452
f 4399/8750/4439 4346/8646/4383 4382/8712/4418
f 4327/8612/4364 4443/8847/4486 4365/8682/4400
f 4365/8682/4400 4443/8847/4486 4382/8712/4418
f 4484/8848/4487 4335/8626/4373 4375/8697/4411
f 4435/8849/4479 4423/8850/4465 4444/8851/4488
f 4474/8852/4428 4411/8781/4455 4289/8701/4327
f 4355/8663/4391 4412/8782/4456 4225/8392/4281
f 4226/8393/4282 4483/8806/4467 4445/8783/4457
f 4445/8853/4457 4446/8854/4442 4447/8855/4328
f 4424/8835/4466 4434/8856/4478 4303/8563/4342
f 4303/8563/4342 4434/8856/4478 4474/8730/4428
f 4146/8208/4191 4411/8857/4455 4355/8663/4391
f 4448/8858/4280 4445/8853/4457 4447/8855/4328
f 4103/8116/4151 4425/8807/4468 4326/8607/4362
f 3954/8634/4010 4449/8859/4469 4436/8833/4480
f 4340/8635/4375 4436/8833/4480 4444/8851/4488
f 4340/8635/4375 4444/8851/4488 4402/8757/4443
f 4341/8636/4376 4450/8860/4458 4394/8758/4392
f 4304/8733/4343 4437/8834/4481 4451/8861/4429
f 4491/8481/4305 4417/8793/4459 4269/8482/4306
f 4418/8796/4460 4359/8795/4396 4452/8862/4489
f 4342/8863/4307 4453/8864/4490 4454/8865/4461
f 4455/8866/4447 4343/8639/4378 4232/8641/4286
f 4343/8639/4378 4456/8867/4491 4036/8640/4080
f 4419/8798/4462 4431/8675/4397 4457/8868/4492
f 4540/8846/4485 4458/8869/4493 4311/8574/4350
f 4458/8869/4493 4327/8612/4364 4311/8574/4350
f 4345/8645/4382 4410/8779/4454 4151/8218/4196
f 4374/8696/4410 4335/8626/4373 4459/8870/4494
f 4460/8871/4425 4374/8872/4410 4411/8873/4455
f 4374/8696/4410 4459/8870/4494 4461/8874/4495
f 4352/8658/4388 4435/8831/4479 4449/8829/4469
f 4376/8699/4412 4450/8875/4458 4423/8804/4465
f 4376/8699/4412 4401/8754/4441 4450/8875/4458
f 4355/8663/4391 4461/8874/4495 4412/8782/4456
f 4412/8782/4456 4459/8870/4494 4483/8806/4467
f 4450/8860/4458 4341/8636/4376 4402/8757/4443
f 3634/8811/3682 4438/8837/4482 4725/8812/4470
f 3562/8836/3621 4513/8876/4432 4438/8837/4482
f 4413/8877/4344 4462/8878/4496 4393/8879/4430
f 4463/8880/3363 4464/8881/4445 4465/8882/3419
f 4466/8883/4435 4417/8884/4459 4467/8885/4497
f 4380/8709/4394 4468/8886/4498 4396/8744/4436
f 4466/8743/4435 4467/8887/4497 3998/7905/3784
f 4396/8744/4436 4468/8886/4498 4405/8766/4395
f 4359/8795/4396 3918/8770/3978 4452/8862/4489
f 4035/8817/4079 4405/8766/4395 4428/8818/4472
f 4469/8888/4499 4363/8680/4398 4360/8747/4308
f 4469/8888/4499 4398/8748/4438 4363/8680/4398
f 4429/8821/4474 4470/8889/4500 4471/8824/4347
f 4471/8890/4347 4470/8891/4500 4472/8892/4501
f 4472/8892/4501 4473/8893/4450 4471/8890/4347
f 4458/8869/4493 4443/8847/4486 4327/8612/4364
f 4460/8727/4425 4474/8894/4428 4434/8830/4478
f 4374/8696/4410 4461/8874/4495 4411/8857/4455
f 4422/8724/4423 4326/8607/4362 4425/8807/4468
f 4335/8626/4373 4483/8806/4467 4459/8870/4494
f 4484/8848/4487 4483/8806/4467 4335/8626/4373
f 4389/8723/4422 4485/8895/4502 4375/8751/4411
f 4389/8780/4422 4422/8724/4423 4425/8807/4468
f 4390/8725/4424 4437/8834/4481 4354/8662/4390
f 4435/8849/4479 4436/8833/4480 4449/8859/4469
f 4390/8725/4424 4424/8805/4466 4437/8834/4481
f 4423/8850/4465 4402/8757/4443 4444/8851/4488
f 4437/8834/4481 4424/8805/4466 4451/8861/4429
f 4355/8663/4391 4411/8857/4455 4461/8874/4495
f 4423/8850/4465 4450/8860/4458 4402/8757/4443
f 4512/7357/3782 4513/8738/4432 3518/6882/3573
f 4230/8896/4284 4475/8897/4503 4476/8898/3364
f 4453/8864/4490 4477/8899/4504 4454/8865/4461
f 3998/8900/3784 4467/8885/4497 4455/8866/4447
f 4036/8640/4080 4456/8867/4491 4518/8901/4437
f 4419/8902/4462 4469/8888/4499 4360/8747/4308
f 4478/8903/4505 4430/8904/4475 4408/8905/4449
f 4431/8675/4397 4479/8906/4506 4457/8868/4492
f 4480/8907/4507 4344/8774/4381 4398/8748/4438
f 4431/8825/4397 4433/8827/4476 4479/8908/4506
f 4233/8772/4288 4409/8909/4451 4604/8910/4508
f 4432/8826/4363 4481/8911/4452 4433/8827/4476
f 4441/8844/4484 4482/8912/4463 4442/8845/4380
f 4460/8727/4425 4411/8913/4455 4474/8894/4428
f 4375/8914/4411 4485/8915/4502 4484/8916/4487
f 4389/8780/4422 4425/8807/4468 4485/8917/4502
f 4422/8803/4423 4449/8809/4469 4326/8832/4362
f 4422/8803/4423 4421/8802/4360 4449/8809/4469
f 4484/8918/4487 4445/8919/4457 4483/8920/4467
f 4425/8807/4468 4446/8755/4442 4485/8917/4502
f 4459/8870/4494 4412/8782/4456 4461/8874/4495
f 4485/8921/4502 4445/8922/4457 4484/8923/4487
f 4446/8854/4442 4445/8853/4457 4485/8924/4502
f 4444/8851/4488 4436/8833/4480 4435/8849/4479
f 3633/7130/3681 4067/8037/4105 4486/8925/4509
f 4487/8926/4510 3475/6785/3530 3476/6787/3343
f 3565/8840/3349 4488/8927/4044 4489/8928/4511
f 4490/8929/4512 4417/8884/4459 4491/8930/4305
f 4381/8931/4417 4454/8865/4461 4477/8899/4504
f 4380/8709/4394 4492/8932/4513 4468/8886/4498
f 4428/8818/4472 4544/8933/4514 4557/8819/4473
f 4430/8904/4475 4478/8903/4505 4537/8934/4515
f 4419/8798/4462 4457/8868/4492 4582/8935/4516
f 4408/8773/4449 4233/8772/4288 4604/8910/4508
f 4409/8936/4451 4493/8937/4453 4494/8938/4517
f 4473/8775/4450 4540/8846/4485 4309/8572/4348
f 4569/8939/4518 4399/8750/4439 4382/8712/4418
f 4549/8940/4519 4541/8828/4477 4410/8779/4454
f 4495/8941/3337 3051/8942/3021 4740/8943/4415
f 4307/8568/4345 4496/8944/4520 3883/8608/3942
f 4612/7653/3943 4487/8926/4510 3476/6787/3343
f 3884/7652/3386 4500/8945/4521 4612/7653/3943
f 4417/8884/4459 4497/8946/4522 4467/8885/4497
f 4452/8862/4489 4498/8947/4523 4418/8796/4460
f 4452/8862/4489 3918/8770/3978 4498/8947/4523
f 3918/8770/3978 4407/8769/4448 4677/8948/4524
f 4430/8904/4475 4537/8934/4515 4429/8949/4474
f 4480/8907/4507 4441/8844/4484 4344/8774/4381
f 4345/8645/4382 4549/8940/4519 4410/8779/4454
f 3883/7976/3942 4496/8950/4520 4034/7977/4075
f 4499/8951/4416 4500/8952/4521 3884/8953/3386
f 3918/8770/3978 4677/8948/4524 4498/8947/4523
f 4407/8954/4448 4406/8820/4329 4557/8819/4473
f 4582/8935/4516 4457/8868/4492 4568/8955/4525
f 4480/8907/4507 4398/8748/4438 4469/8888/4499
f 4433/8827/4476 4481/8911/4452 4501/8956/4526
f 4549/8940/4519 4345/8645/4382 4482/8799/4463
f 4548/8957/4527 4458/8869/4493 4540/8846/4485
f 4569/8939/4518 4382/8712/4418 4443/8847/4486
f 4664/8958/4528 4438/8837/4482 4513/8876/4432
f 4502/8959/4529 4486/8925/4509 4067/8037/4105
f 4503/8960/4530 4504/8961/4377 4505/8962/4078
f 4505/8962/4078 4381/8931/4417 4506/8963/4531
f 4507/8964/4532 4418/8796/4460 4498/8947/4523
f 4468/8886/4498 4508/8965/4533 4405/8766/4395
f 4456/8867/4491 4509/8966/4534 4518/8901/4437
f 4510/8967/4535 4469/8888/4499 4419/8902/4462
f 4510/8968/4535 4419/8798/4462 4582/8935/4516
f 4511/8969/4536 4429/8949/4474 4537/8934/4515
f 4493/8778/4453 4399/8750/4439 4569/8939/4518
f 4512/8970/3782 4393/8971/4430 4513/8972/4432
f 3633/7130/3681 4514/8973/4537 3564/7131/3622
f 3633/7130/3681 4486/8925/4509 4514/8973/4537
f 4725/8812/4470 4307/8568/4345 4306/8567/4192
f 4475/8974/4503 4488/7898/4044 4476/7897/3364
f 4416/8791/4434 4515/8975/4538 4379/8708/4106
f 4516/8976/4539 4415/8790/4077 4148/8794/4193
f 4490/8929/4512 4497/8946/4522 4417/8884/4459
f 4381/8931/4417 4477/8899/4504 4506/8963/4531
f 4509/8977/4534 4517/8978/4540 4518/8979/4437
f 4457/8868/4492 4519/8980/4541 4568/8955/4525
f 4469/8888/4499 4520/8981/4542 4480/8907/4507
f 4519/8980/4541 4457/8868/4492 4479/8906/4506
f 4604/8982/4508 4409/8936/4451 4494/8938/4517
f 4521/8983/4543 4482/8912/4463 4441/8844/4484
f 4481/8777/4452 4420/8800/4464 4522/8984/4544
f 4522/8984/4544 4420/8800/4464 4541/8828/4477
f 4548/8957/4527 4443/8847/4486 4458/8869/4493
f 4413/8877/4344 4403/8985/4444 4462/8878/4496
f 3220/8986/3258 4551/8987/4076 4553/8988/4545
f 4230/8989/4284 4358/8990/4393 4554/8991/4546
f 3565/8840/3349 4489/8928/4511 4440/8841/4483
f 4415/8790/4077 4516/8976/4539 4416/8791/4434
f 4148/8794/4193 4418/8796/4460 4516/8976/4539
f 4453/8864/4490 4523/8992/4547 4477/8899/4504
f 4467/8885/4497 4524/8993/4548 4455/8866/4447
f 4342/8863/4307 4525/8994/4379 4453/8864/4490
f 4469/8888/4499 4510/8967/4535 4526/8995/4549
f 4527/8996/4550 4478/8903/4505 4584/8997/4551
f 4520/8981/4542 4528/8998/4552 4480/8907/4507
f 4480/8907/4507 4528/8998/4552 4441/8844/4484
f 4472/8892/4501 4529/8999/4553 4473/8893/4450
f 4481/8911/4452 4522/9000/4544 4501/8956/4526
f 4569/8939/4518 4443/8847/4486 4548/8957/4527
f 4530/9001/3374 4531/9002/4554 4607/9003/4555
f 4395/8740/4433 4570/9004/4556 3051/8741/3021
f 3475/6785/3530 4532/9005/4557 3914/7715/3975
f 4487/8926/4510 4532/9005/4557 3475/6785/3530
f 4229/8813/3976 4533/9006/4558 4426/8814/4471
f 4499/8706/4416 3566/8705/3623 4534/9007/4559
f 4380/8709/4394 4379/8708/4106 4492/8932/4513
f 4468/8886/4498 4492/8932/4513 4535/9008/4560
f 4497/8946/4522 4524/8993/4548 4467/8885/4497
f 4498/8947/4523 4677/8948/4524 4536/9009/4561
f 4535/9008/4560 4508/8965/4533 4468/8886/4498
f 4525/8994/4379 4518/8979/4437 4517/8978/4540
f 4559/9010/4562 4537/9011/4515 4478/9012/4505
f 4538/9013/4563 4511/9014/4536 4537/9011/4515
f 4520/8981/4542 4469/8888/4499 4526/8995/4549
f 4478/8903/4505 4408/8905/4449 4539/9015/4564
f 4519/8980/4541 4479/8906/4506 4661/9016/4565
f 4433/8827/4476 4501/8956/4526 4479/8908/4506
f 4529/8999/4553 4540/9017/4485 4473/8893/4450
f 4522/9000/4544 4541/9018/4477 4542/9019/4566
f 4530/9001/3374 4740/9020/4415 4531/9002/4554
f 4426/8814/4471 4552/9021/4567 4551/8815/4076
f 4477/8899/4504 4523/8992/4547 4506/8963/4531
f 4453/8864/4490 4525/8994/4379 4517/8978/4540
f 4405/8766/4395 4508/8965/4533 4428/8818/4472
f 4428/8818/4472 4508/8965/4533 4543/9022/4568
f 4428/9023/4472 4543/9024/4568 4544/9025/4514
f 4509/8966/4534 4456/8867/4491 4545/9026/4569
f 4559/9010/4562 4478/9012/4505 4527/9027/4550
f 4538/9013/4563 4537/9011/4515 4559/9010/4562
f 4478/8903/4505 4539/9015/4564 4584/8997/4551
f 4511/8969/4536 4470/9028/4500 4429/8949/4474
f 4604/8982/4508 4494/8938/4517 4546/9029/4570
f 4494/8938/4517 4493/8937/4453 4547/9030/4571
f 4540/9017/4485 4529/8999/4553 4548/9031/4527
f 4482/8912/4463 4521/8983/4543 4549/9032/4519
f 4393/8971/4430 4562/9033/4572 4513/8972/4432
f 4530/6441/3374 4727/9034/4573 4728/8130/4156
f 4514/8973/4537 4486/8925/4509 4550/9035/4574
f 4551/9036/4076 4552/9037/4567 4553/9038/4545
f 4553/8988/4545 4644/9039/4575 3220/8986/3258
f 3220/6493/3258 4644/9040/4575 4358/8667/4393
f 4554/9041/4546 4555/9042/4576 4230/8896/4284
f 4230/8896/4284 4555/9042/4576 4475/8897/4503
f 3566/8705/3623 4440/9043/4483 4534/9007/4559
f 4504/8961/4377 4490/9044/4512 4491/9045/4305
f 4497/8946/4522 4556/9046/4577 4524/8993/4548
f 4498/8947/4523 4536/9009/4561 4507/8964/4532
f 4453/8864/4490 4517/8978/4540 4735/9047/4578
f 4544/9025/4514 4565/9048/4579 4557/9049/4473
f 4558/9050/4580 4559/9051/4562 4527/9052/4550
f 4602/9053/4581 4511/9014/4536 4538/9013/4563
f 4560/9054/4582 4472/9055/4501 4470/9056/4500
f 4549/9032/4519 4542/9019/4566 4541/9018/4477
f 4268/8480/4304 4561/9057/4583 4067/8037/4105
f 4393/8879/4430 4462/8878/4496 4562/9058/4572
f 4465/8882/3419 4464/8881/4445 4563/9059/4584
f 4229/8400/3976 4034/7977/4075 4533/9060/4558
f 4552/9037/4567 4564/9061/4585 4553/9038/4545
f 4499/8951/4416 4611/9062/4586 4500/8952/4521
f 4557/9063/4473 4565/9064/4579 4407/9065/4448
f 4509/9066/4534 4566/9067/4587 4517/9068/4540
f 4509/9066/4534 4545/9069/4569 4566/9067/4587
f 4567/9070/4588 4568/9071/4525 4519/9072/4541
f 4522/9000/4544 4542/9019/4566 4501/8956/4526
f 4547/9073/4571 4493/9074/4453 4569/9075/4518
f 4521/8983/4543 4542/9019/4566 4549/9032/4519
f 4740/8943/4415 3051/8942/3021 4570/9076/4556
f 4550/9035/4574 4486/8925/4509 4502/8959/4529
f 4571/9077/4589 4574/9078/4590 4572/9079/4591
f 4573/9080/4592 4572/9081/4591 4574/9082/4590
f 4611/9062/4586 4676/9083/4593 4500/8952/4521
f 4505/8962/4078 4506/8963/4531 4503/8960/4530
f 4516/8976/4539 4418/8796/4460 4575/9084/4594
f 4576/9085/4595 4497/8946/4522 4490/8929/4512
f 4577/9086/4596 4508/8965/4533 4535/9008/4560
f 4578/9087/4597 4523/8992/4547 4453/8864/4490
f 4579/9088/4598 4456/8867/4491 4343/8639/4378
f 4543/9024/4568 4646/9089/4599 4544/9025/4514
f 4407/9065/4448 4565/9064/4579 4580/9090/4600
f 4646/9089/4599 4565/9048/4579 4544/9025/4514
f 4558/9050/4580 4527/9052/4550 4581/9091/4601
f 4510/9092/4535 4582/9093/4516 4583/9094/4602
f 4583/9094/4602 4582/9093/4516 4586/9095/4603
f 4584/9096/4551 4581/9091/4601 4527/9052/4550
f 4585/9097/4604 4520/9098/4542 4526/9099/4549
f 4586/9100/4603 4568/9101/4525 4592/9102/4605
f 4586/9100/4603 4592/9102/4605 4591/9103/4606
f 4587/9104/4607 4588/9105/4608 4589/9106/4609
f 4648/9107/4610 4589/9108/4609 4590/9109/4611
f 4590/9110/4611 4594/9111/4612 4653/9112/4613
f 4582/9113/4516 4568/9101/4525 4586/9100/4603
f 4591/9114/4606 4592/9115/4605 4593/9116/4614
f 4587/9104/4607 4593/9117/4614 4588/9105/4608
f 4590/9109/4611 4589/9108/4609 4600/9118/4615
f 4592/9115/4605 4598/9119/4616 4593/9116/4614
f 4590/9109/4611 4600/9118/4615 4594/9120/4612
f 4594/9121/4612 4595/9122/4617 4538/9123/4563
f 4602/9124/4581 4538/9123/4563 4595/9122/4617
f 4588/9105/4608 4596/9125/4618 4589/9106/4609
f 4589/9126/4609 4596/9127/4618 4623/9128/4619
f 4592/9115/4605 4597/9129/4620 4598/9119/4616
f 4589/9126/4609 4623/9128/4619 4600/9130/4615
f 4594/9131/4612 4600/9132/4615 4601/9133/4621
f 4592/9102/4605 4568/9101/4525 4597/9134/4620
f 4598/9135/4616 4599/9136/4622 4593/9117/4614
f 4593/9117/4614 4599/9136/4622 4588/9105/4608
f 4588/9105/4608 4599/9136/4622 4596/9125/4618
f 4595/9137/4617 4594/9131/4612 4601/9133/4621
f 4621/9138/4623 4598/9119/4616 4597/9129/4620
f 4623/9139/4619 4679/9140/4624 4600/9141/4615
f 4600/9142/4615 4679/9143/4624 4601/9144/4621
f 4595/9137/4617 4625/9145/4625 4602/9146/4581
f 4602/9053/4581 4603/9147/4626 4511/9014/4536
f 4603/9147/4626 4470/9148/4500 4511/9014/4536
f 4539/9015/4564 4408/8905/4449 4604/9149/4508
f 4441/8844/4484 4528/8998/4552 4605/9150/4627
f 4770/9151/4628 4661/9152/4565 4479/8908/4506
f 4605/9150/4627 4521/8983/4543 4441/8844/4484
f 4546/9029/4570 4494/8938/4517 4547/9030/4571
f 4606/9153/4629 4548/9031/4527 4529/8999/4553
f 4569/9075/4518 4548/9031/4527 4606/9153/4629
f 4530/9154/3374 4607/9155/4555 4727/9156/4573
f 4608/9157/4630 4571/9077/4589 4572/9079/4591
f 4404/8765/4446 3914/7715/3975 4532/9005/4557
f 4552/9037/4567 4426/9158/4471 4609/9159/4631
f 4609/9159/4631 4564/9061/4585 4552/9037/4567
f 4610/9160/4632 4644/9039/4575 4553/8988/4545
f 4499/8706/4416 4534/9007/4559 4641/9161/4633
f 4641/9161/4633 4611/9162/4586 4499/8706/4416
f 4500/8952/4521 4676/9083/4593 4612/9163/3943
f 4575/9084/4594 4418/8796/4460 4507/8964/4532
f 4523/8992/4547 4613/9164/4634 4506/8963/4531
f 4523/8992/4547 4578/9087/4597 4613/9164/4634
f 4524/8993/4548 4614/9165/4635 4455/8866/4447
f 4614/9165/4635 4762/9166/4636 4455/8866/4447
f 4453/8864/4490 4735/9047/4578 4578/9087/4597
f 4579/9088/4598 4545/9026/4569 4456/8867/4491
f 4615/9167/4637 4526/9099/4549 4510/9168/4535
f 4616/9169/4638 4559/9051/4562 4558/9050/4580
f 4510/9092/4535 4583/9094/4602 4686/9170/4639
f 4616/9169/4638 4617/9171/4640 4559/9051/4562
f 4617/9171/4640 4538/9172/4563 4559/9051/4562
f 4591/9103/4606 4619/9173/4641 4618/9174/4642
f 4617/9171/4640 4654/9175/4643 4538/9172/4563
f 4591/9176/4606 4593/9117/4614 4619/9177/4641
f 4619/9177/4641 4593/9117/4614 4587/9104/4607
f 4648/9107/4610 4587/9178/4607 4589/9108/4609
f 4653/9112/4613 4594/9111/4612 4538/9179/4563
f 4585/9097/4604 4620/9180/4644 4520/9098/4542
f 4568/9071/4525 4567/9070/4588 4597/9181/4620
f 4598/9135/4616 4621/9182/4623 4599/9136/4622
f 4621/9182/4623 4622/9183/4645 4599/9136/4622
f 4596/9125/4618 4657/9184/4646 4623/9185/4619
f 4595/9137/4617 4624/9186/4647 4625/9145/4625
f 4625/9187/4625 4603/9188/4626 4602/9189/4581
f 4567/9070/4588 4519/9072/4541 4662/9190/4648
f 4519/8980/4541 4661/9016/4565 4662/9191/4648
f 4626/9192/4649 4472/9055/4501 4560/9054/4582
f 4627/9193/4650 4479/8908/4506 4501/8956/4526
f 4067/8037/4105 4561/9057/4583 4502/8959/4529
f 4628/9194/4651 4629/9195/4652 4630/9196/4653
f 4608/9197/4630 4572/9081/4591 4573/9080/4592
f 4574/9082/4590 4631/9198/4654 4573/9080/4592
f 4632/9199/4655 4631/9200/4654 4574/9078/4590
f 4609/9159/4631 4633/9201/4656 4564/9061/4585
f 4633/9201/4656 4634/9202/4657 4564/9061/4585
f 4634/9203/4657 4635/9204/4658 4610/9160/4632
f 4635/9205/4658 4636/9206/4659 4358/8990/4393
f 4358/8990/4393 4636/9206/4659 4554/8991/4546
f 4554/9041/4546 4672/9207/4660 4555/9042/4576
f 4555/9208/4576 4637/9209/4661 4475/8974/4503
f 4672/9207/4660 4637/9210/4661 4555/9042/4576
f 4637/9209/4661 4488/7898/4044 4475/8974/4503
f 4488/7898/4044 4637/9209/4661 4489/9211/4511
f 4637/9212/4661 4638/9213/4662 4489/8928/4511
f 4489/8928/4511 4638/9213/4662 4440/8841/4483
f 4534/9007/4559 4440/9043/4483 4639/9214/4663
f 4639/9214/4663 4640/9215/4664 4641/9161/4633
f 4426/9158/4471 4633/9201/4656 4609/9159/4631
f 4634/9203/4657 4610/9160/4632 4564/9216/4585
f 4640/9217/4664 4611/9218/4586 4641/9219/4633
f 4611/9218/4586 4640/9217/4664 4642/9220/4665
f 4034/9221/4075 4496/9222/4520 4643/9223/4666
f 4553/8988/4545 4564/9216/4585 4610/9160/4632
f 4644/9039/4575 4610/9160/4632 4635/9204/4658
f 4644/9224/4575 4635/9205/4658 4358/8990/4393
f 4611/9218/4586 4642/9220/4665 4676/9225/4593
f 4503/8960/4530 4645/9226/4667 4504/8961/4377
f 4416/8791/4434 4516/8976/4539 4515/8975/4538
f 4535/9008/4560 4492/8932/4513 4577/9086/4596
f 4556/9046/4577 4614/9165/4635 4524/8993/4548
f 4577/9086/4596 4543/9022/4568 4508/8965/4533
f 4455/8866/4447 4762/9166/4636 4343/8639/4378
f 4646/9227/4599 4647/9228/4668 4565/9229/4579
f 4615/9167/4637 4585/9097/4604 4526/9099/4549
f 4586/9095/4603 4649/9230/4669 4583/9094/4602
f 4590/9231/4611 4652/9232/4670 4648/9233/4610
f 4649/9234/4669 4586/9100/4603 4650/9235/4671
f 4650/9235/4671 4591/9103/4606 4618/9174/4642
f 4619/9177/4641 4587/9104/4607 4651/9236/4672
f 4651/9237/4672 4587/9238/4607 4648/9239/4610
f 4652/9240/4670 4590/9241/4611 4653/9242/4613
f 4653/9243/4613 4538/9244/4563 4654/9245/4643
f 4591/9103/4606 4650/9235/4671 4586/9100/4603
f 4567/9070/4588 4662/9190/4648 4597/9181/4620
f 4662/9246/4648 4700/9247/4673 4597/9248/4620
f 4597/9248/4620 4700/9247/4673 4621/9249/4623
f 4724/9250/4674 4622/9183/4645 4621/9182/4623
f 4622/9183/4645 4655/9251/4675 4599/9136/4622
f 4599/9136/4622 4655/9251/4675 4596/9125/4618
f 4596/9125/4618 4656/9252/4676 4657/9184/4646
f 4657/9253/4646 4680/9254/4677 4623/9139/4619
f 4623/9139/4619 4680/9254/4677 4679/9140/4624
f 4679/9143/4624 4658/9255/4678 4601/9144/4621
f 4658/9256/4678 4659/9257/4679 4601/9258/4621
f 4601/9133/4621 4659/9259/4679 4595/9137/4617
f 4659/9259/4679 4660/9260/4680 4595/9137/4617
f 4660/9260/4680 4624/9186/4647 4595/9137/4617
f 4661/9261/4565 4701/9262/4681 4662/9263/4648
f 4604/8982/4508 4546/9029/4570 4539/9264/4564
f 4627/9193/4650 4770/9151/4628 4479/8908/4506
f 4547/9073/4571 4569/9075/4518 4663/9265/4682
f 4606/9153/4629 4663/9265/4682 4569/9075/4518
f 4513/9266/4432 4562/9267/4572 4664/9268/4528
f 4728/8761/4156 4665/9269/4683 4403/8762/4444
f 3564/7974/3622 4666/9270/4684 4464/8838/4445
f 4725/8812/4470 4667/9271/4685 4307/8568/4345
f 4630/9196/4653 4668/9272/4686 4628/9194/4651
f 4574/9078/4590 4571/9077/4589 4632/9199/4655
f 4631/9200/4654 4669/9273/4687 4573/9274/4592
f 4630/9196/4653 4670/9275/4688 4668/9272/4686
f 4633/9201/4656 4671/9276/4689 4634/9202/4657
f 4634/9203/4657 4671/9277/4689 4635/9204/4658
f 4635/9205/4658 4713/9278/4690 4636/9206/4659
f 4636/9206/4659 4713/9278/4690 4672/9279/4660
f 4713/9280/4690 4673/9281/4691 4672/9282/4660
f 4672/9283/4660 4673/9284/4691 4637/9285/4661
f 4673/9284/4691 4674/9286/4692 4637/9285/4661
f 4637/9212/4661 4674/9287/4692 4638/9213/4662
f 4554/8991/4546 4636/9206/4659 4672/9279/4660
f 4440/9043/4483 4638/9288/4662 4639/9214/4663
f 4534/9007/4559 4639/9214/4663 4641/9161/4633
f 4426/9158/4471 4675/9289/4693 4633/9201/4656
f 4533/9006/4558 4675/9290/4693 4426/8814/4471
f 4676/9291/4593 4487/8926/4510 4612/7653/3943
f 4504/8961/4377 4576/9292/4595 4490/9044/4512
f 4407/9065/4448 4580/9090/4600 4677/9293/4524
f 4343/8639/4378 4762/9166/4636 4579/9088/4598
f 4545/9069/4569 4579/9294/4598 4615/9295/4637
f 4545/9069/4569 4615/9295/4637 4566/9067/4587
f 4510/9092/4535 4686/9170/4639 4615/9296/4637
f 4558/9050/4580 4581/9091/4601 4647/9228/4668
f 4686/9170/4639 4583/9094/4602 4718/9297/4694
f 4584/9096/4551 4678/9298/4695 4581/9091/4601
f 4648/9299/4610 4720/9300/4696 4651/9301/4672
f 4652/9232/4670 4720/9302/4696 4648/9233/4610
f 4653/9243/4613 4699/9303/4697 4652/9304/4670
f 4654/9245/4643 4699/9303/4697 4653/9243/4613
f 4620/9305/4644 4528/8998/4552 4520/8981/4542
f 4655/9251/4675 4656/9252/4676 4596/9125/4618
f 4679/9306/4624 4680/9307/4677 4658/9308/4678
f 4603/9309/4626 4560/9054/4582 4470/9056/4500
f 4472/8892/4501 4626/9310/4649 4529/8999/4553
f 4627/9193/4650 4501/8956/4526 4542/9019/4566
f 4681/9311/4698 4542/9019/4566 4521/8983/4543
f 4268/8480/4304 4404/8765/4446 4561/9057/4583
f 4571/9077/4589 4682/9312/4699 4632/9199/4655
f 4630/9196/4653 4629/9195/4652 4670/9275/4688
f 4633/9201/4656 4711/9313/4700 4671/9276/4689
f 4671/9277/4689 4713/9314/4690 4635/9204/4658
f 4713/9280/4690 4715/9315/4701 4673/9281/4691
f 4674/9286/4692 4673/9284/4691 4683/9316/4702
f 4638/9288/4662 4690/9317/4703 4639/9214/4663
f 4639/9214/4663 4684/9318/4704 4640/9215/4664
f 4640/9217/4664 4684/9319/4704 4642/9220/4665
f 4034/9221/4075 4643/9223/4666 4533/9006/4558
f 4504/8961/4377 4645/9226/4667 4576/9292/4595
f 4536/9009/4561 4677/8948/4524 4685/9320/4705
f 4543/9024/4568 4747/9321/4706 4646/9089/4599
f 4646/9227/4599 4558/9050/4580 4647/9228/4668
f 4615/9295/4637 4686/9322/4639 4566/9067/4587
f 4736/9323/4707 4620/9180/4644 4585/9097/4604
f 4619/9173/4641 4687/9324/4708 4618/9174/4642
f 4619/9177/4641 4651/9236/4672 4687/9325/4708
f 4700/9247/4673 4724/9326/4674 4621/9249/4623
f 4659/9257/4679 4658/9256/4678 4688/9327/4709
f 4605/9150/4627 4681/9311/4698 4521/8983/4543
f 4438/9328/4482 4664/9268/4528 4689/9329/4710
f 4562/9267/4572 4689/9329/4710 4664/9268/4528
f 4628/9330/4651 4730/9331/4711 4629/9332/4652
f 4628/9194/4651 4668/9272/4686 4758/9333/4712
f 4671/9277/4689 4712/9334/4713 4713/9314/4690
f 4674/9287/4692 4683/9335/4702 4690/9336/4703
f 4674/9287/4692 4690/9336/4703 4638/9213/4662
f 4639/9214/4663 4690/9317/4703 4684/9318/4704
f 4496/8944/4520 4307/8568/4345 4667/9271/4685
f 4633/9201/4656 4675/9289/4693 4711/9313/4700
f 4642/9220/4665 4691/9337/4714 4676/9225/4593
f 4576/9085/4595 4556/9046/4577 4497/8946/4522
f 4536/9009/4561 4685/9320/4705 4507/8964/4532
f 4580/9090/4600 4692/9338/4715 4677/9293/4524
f 4565/9229/4579 4647/9228/4668 4580/9339/4600
f 4686/9322/4639 4693/9340/4716 4566/9067/4587
f 4585/9341/4604 4615/9295/4637 4579/9294/4598
f 4583/9094/4602 4649/9230/4669 4694/9342/4717
f 4649/9234/4669 4650/9235/4671 4694/9343/4717
f 4618/9174/4642 4695/9344/4718 4650/9235/4671
f 4687/9324/4708 4696/9345/4719 4618/9174/4642
f 4720/9346/4696 4697/9347/4720 4651/9348/4672
f 4652/9349/4670 4722/9350/4721 4720/9351/4696
f 4652/9349/4670 4699/9352/4697 4722/9350/4721
f 4654/9175/4643 4698/9353/4722 4699/9354/4697
f 4584/8997/4551 4539/9015/4564 4723/9355/4723
f 4700/9356/4673 4662/9263/4648 4701/9262/4681
f 4700/9357/4673 4701/9358/4681 4702/9359/4724
f 4724/9250/4674 4703/9360/4725 4622/9183/4645
f 4655/9251/4675 4703/9360/4725 4656/9252/4676
f 4656/9252/4676 4703/9360/4725 4751/9361/4726
f 4656/9252/4676 4751/9361/4726 4657/9184/4646
f 4657/9253/4646 4751/9362/4726 4704/9363/4727
f 4657/9253/4646 4704/9363/4727 4680/9254/4677
f 4658/9308/4678 4680/9307/4677 4704/9364/4727
f 4659/9259/4679 4688/9365/4709 4660/9260/4680
f 4660/9260/4680 4705/9366/4728 4624/9186/4647
f 4624/9186/4647 4705/9366/4728 4706/9367/4729
f 4624/9186/4647 4706/9367/4729 4625/9145/4625
f 4603/9188/4626 4706/9368/4729 4560/9369/4582
f 4701/9370/4681 4661/9152/4565 4770/9151/4628
f 4810/9371/4730 4606/9153/4629 4626/9310/4649
f 4626/9310/4649 4606/9153/4629 4529/8999/4553
f 4810/9371/4730 4663/9265/4682 4606/9153/4629
f 4465/8739/3419 4753/9372/4731 4395/8740/4433
f 4514/9373/4537 4666/9270/4684 3564/7974/3622
f 4550/9035/4574 4707/9374/4732 4514/8973/4537
f 4561/9057/4583 4404/8765/4446 4708/9375/4733
f 4608/9157/4630 4756/9376/4734 4571/9077/4589
f 4709/9377/4735 4682/9312/4699 4571/9077/4589
f 4631/9200/4654 4710/9378/4736 4669/9273/4687
f 4631/9200/4654 4632/9199/4655 4710/9378/4736
f 4711/9379/4700 4800/9380/4737 4671/9381/4689
f 4671/9381/4689 4800/9380/4737 4712/9382/4713
f 4713/9383/4690 4712/9384/4713 4714/9385/4738
f 4713/9383/4690 4714/9385/4738 4715/9386/4701
f 4715/9315/4701 4716/9387/4739 4673/9281/4691
f 4673/9284/4691 4716/9388/4739 4683/9316/4702
f 4675/9289/4693 4717/9389/4740 4711/9313/4700
f 4684/9319/4704 4732/9390/4741 4642/9220/4665
f 4503/8960/4530 4506/8963/4531 4645/9226/4667
f 4613/9164/4634 4578/9087/4597 4887/9391/4742
f 4686/9322/4639 4718/9392/4694 4693/9340/4716
f 4558/9050/4580 4646/9227/4599 4616/9169/4638
f 4647/9228/4668 4581/9091/4601 4678/9298/4695
f 4650/9235/4671 4695/9344/4718 4694/9343/4717
f 4618/9174/4642 4696/9345/4719 4695/9344/4718
f 4687/9393/4708 4719/9394/4743 4696/9395/4719
f 4720/9396/4696 4721/9397/4744 4697/9398/4720
f 4720/9351/4696 4779/9399/4745 4721/9400/4744
f 4699/9401/4697 4764/9402/4746 4722/9403/4721
f 4699/9401/4697 4765/9404/4747 4764/9402/4746
f 4699/9354/4697 4698/9353/4722 4765/9405/4747
f 4654/9175/4643 4617/9171/4640 4698/9353/4722
f 4584/9096/4551 4723/9406/4723 4678/9298/4695
f 4700/9357/4673 4702/9359/4724 4724/9407/4674
f 4622/9183/4645 4703/9360/4725 4655/9251/4675
f 4660/9260/4680 4688/9365/4709 4705/9366/4728
f 4625/9187/4625 4706/9368/4729 4603/9188/4626
f 4706/9408/4729 4626/9192/4649 4560/9054/4582
f 4438/9328/4482 4689/9329/4710 4725/9409/4470
f 4550/9035/4574 4869/9410/4748 4707/9374/4732
f 4550/9035/4574 4502/8959/4529 4869/9410/4748
f 4728/8761/4156 4726/9411/4749 4665/9269/4683
f 4727/9412/4573 4792/9413/4750 4728/9414/4156
f 4740/9020/4415 4742/9415/4751 4729/9416/4752
f 4628/9330/4651 4758/9417/4712 4730/9331/4711
f 4608/9418/4630 4573/9274/4592 4669/9273/4687
f 4730/9419/4711 4670/9275/4688 4629/9195/4652
f 4690/9336/4703 4683/9335/4702 4759/9420/4753
f 4690/9317/4703 4731/9421/4754 4684/9318/4704
f 4684/9318/4704 4731/9421/4754 4732/9422/4741
f 4533/9006/4558 4643/9223/4666 4825/9423/4755
f 4492/8932/4513 4777/9424/4756 4577/9086/4596
f 4733/9425/4757 4762/9166/4636 4614/9165/4635
f 4577/9426/4596 4734/9427/4758 4543/9428/4568
f 4735/9429/4578 4517/9068/4540 4693/9340/4716
f 4517/9068/4540 4566/9067/4587 4693/9340/4716
f 4647/9228/4668 4678/9298/4695 4580/9339/4600
f 4579/9294/4598 4736/9430/4707 4585/9341/4604
f 4583/9094/4602 4694/9342/4717 4737/9431/4759
f 4651/9348/4672 4719/9394/4743 4687/9393/4708
f 4651/9348/4672 4697/9347/4720 4719/9394/4743
f 4720/9351/4696 4722/9350/4721 4779/9399/4745
f 4658/9308/4678 4704/9364/4727 4688/9432/4709
f 4688/9432/4709 4704/9364/4727 4738/9433/4760
f 4705/9366/4728 4688/9365/4709 4739/9434/4761
f 4752/9435/4762 4810/9436/4730 4626/9437/4649
f 4542/9019/4566 4681/9311/4698 4627/9193/4650
f 4740/9438/4415 4741/9439/4763 4742/9440/4751
f 4570/9441/4556 4741/9439/4763 4740/9438/4415
f 4670/9442/4688 4743/9443/4764 4668/9444/4686
f 4715/9315/4701 4714/9445/4738 4744/9446/4765
f 4711/9313/4700 4717/9389/4740 4800/9447/4737
f 4690/9317/4703 4759/9448/4753 4731/9421/4754
f 4675/9290/4693 4533/9006/4558 4825/9423/4755
f 4506/8963/4531 4613/9164/4634 4645/9226/4667
f 4578/9087/4597 4735/9047/4578 4746/9449/4766
f 4735/9429/4578 4745/9450/4767 4746/9451/4766
f 4747/9452/4706 4748/9453/4768 4646/9227/4599
f 4646/9227/4599 4748/9453/4768 4616/9169/4638
f 4616/9169/4638 4748/9453/4768 4617/9171/4640
f 4583/9094/4602 4737/9431/4759 4718/9297/4694
f 4724/9454/4674 4702/9455/4724 4749/9456/4769
f 4724/9457/4674 4749/9458/4769 4703/9459/4725
f 4703/9459/4725 4749/9458/4769 4750/9460/4770
f 4703/9459/4725 4750/9460/4770 4751/9461/4726
f 4751/9362/4726 4768/9462/4771 4704/9363/4727
f 4706/9463/4729 4752/9464/4762 4626/9465/4649
f 4539/9264/4564 4546/9029/4570 4857/9466/4772
f 4465/8882/3419 4563/9059/4584 4753/9467/4731
f 4464/8881/4445 4754/9468/4773 4563/9059/4584
f 4689/9329/4710 4562/9267/4572 4816/9469/4774
f 4707/9374/4732 4730/9470/4775 4514/8973/4537
f 4725/9409/4470 4755/9471/4776 4667/9472/4685
f 4571/9077/4589 4756/9376/4734 4709/9377/4735
f 4608/9418/4630 4669/9273/4687 4756/9473/4734
f 4668/9444/4686 4757/9474/4777 4758/9475/4712
f 4668/9444/4686 4743/9443/4764 4757/9474/4777
f 4715/9315/4701 4744/9446/4765 4716/9387/4739
f 4683/9476/4702 4716/9477/4739 4759/9478/4753
f 4532/9005/4557 4708/9375/4733 4404/8765/4446
f 4712/9384/4713 4822/9479/4778 4714/9385/4738
f 4825/9480/4755 4717/9389/4740 4675/9289/4693
f 4532/9005/4557 4487/8926/4510 4871/9481/4779
f 4379/8708/4106 4760/9482/4780 4492/8932/4513
f 4685/9483/4705 4677/9484/4524 4761/9485/4781
f 4677/9484/4524 4692/9486/4715 4761/9485/4781
f 4762/9487/4636 4736/9430/4707 4579/9294/4598
f 4718/9297/4694 4737/9431/4759 4937/9488/4782
f 4748/9453/4768 4698/9353/4722 4617/9171/4640
f 4678/9298/4695 4723/9406/4723 4763/9489/4783
f 4764/9490/4746 4765/9491/4747 4787/9492/4784
f 4620/9305/4644 4605/9150/4627 4528/8998/4552
f 4738/9493/4760 4766/9494/4785 4739/9434/4761
f 4701/9358/4681 4767/9495/4786 4702/9359/4724
f 4751/9461/4726 4830/9496/4787 4768/9497/4771
f 4768/9498/4771 4769/9499/4788 4704/9500/4727
f 4704/9364/4727 4769/9501/4788 4738/9433/4760
f 4688/9365/4709 4738/9493/4760 4739/9434/4761
f 4705/9366/4728 4739/9434/4761 4790/9502/4789
f 4705/9366/4728 4790/9502/4789 4706/9367/4729
f 4539/9503/4564 4857/9504/4772 4723/9505/4723
f 4770/9506/4628 4767/9507/4786 4701/9508/4681
f 4546/9029/4570 4547/9030/4571 4916/9509/4790
f 4770/9151/4628 4627/9193/4650 4879/9510/4791
f 4707/9374/4732 4869/9410/4748 4730/9470/4775
f 4502/8959/4529 4561/9057/4583 4869/9410/4748
f 4709/9377/4735 4771/9511/4792 4682/9312/4699
f 4682/9312/4699 4710/9378/4736 4632/9199/4655
f 4714/9445/4738 4797/9512/4793 4744/9446/4765
f 4744/9446/4765 4797/9512/4793 4716/9387/4739
f 4712/9513/4713 4800/9514/4737 4772/9515/4794
f 4759/9478/4753 4716/9477/4739 4798/9516/4795
f 4731/9421/4754 4759/9448/4753 4773/9517/4796
f 4774/9518/4797 4732/9422/4741 4731/9421/4754
f 4732/9390/4741 4801/9519/4798 4691/9337/4714
f 4732/9390/4741 4691/9337/4714 4642/9220/4665
f 4496/9222/4520 4775/9520/4799 4643/9223/4666
f 4614/9165/4635 4556/9046/4577 4923/9521/4800
f 4746/9449/4766 4887/9391/4742 4578/9087/4597
f 4685/9483/4705 4776/9522/4801 4507/9523/4532
f 4614/9165/4635 4923/9521/4800 4733/9425/4757
f 4577/9426/4596 4777/9524/4756 4734/9427/4758
f 4734/9427/4758 4747/9525/4706 4543/9428/4568
f 4695/9344/4718 4696/9345/4719 4778/9526/4802
f 4721/9527/4744 4779/9528/4745 4780/9529/4803
f 4780/9529/4803 4779/9528/4745 4722/9530/4721
f 4737/9431/4759 4694/9342/4717 4781/9531/4804
f 4781/9532/4804 4694/9343/4717 4695/9344/4718
f 4696/9395/4719 4719/9394/4743 4782/9533/4805
f 4783/9534/4806 4719/9394/4743 4697/9347/4720
f 4783/9534/4806 4697/9347/4720 4784/9535/4807
f 4697/9398/4720 4721/9397/4744 4785/9536/4808
f 4786/9537/4809 4722/9530/4721 4764/9538/4746
f 4787/9539/4784 4765/9540/4747 4788/9541/4810
f 4788/9541/4810 4765/9540/4747 4789/9542/4811
f 4789/9543/4811 4765/9405/4747 4698/9353/4722
f 4901/9544/4812 4605/9545/4627 4620/9180/4644
f 4750/9460/4770 4830/9496/4787 4751/9461/4726
f 4790/9546/4789 4752/9464/4762 4706/9463/4729
f 4605/9150/4627 4900/9547/4813 4681/9311/4698
f 4791/9548/4814 4547/9073/4571 4663/9265/4682
f 4627/9193/4650 4681/9311/4698 4879/9510/4791
f 4833/9549/4815 4562/9058/4572 4462/8878/4496
f 4726/9550/4749 4728/9551/4156 4862/9552/4816
f 4862/9552/4816 4728/9551/4156 4792/9553/4750
f 4729/9416/4752 4531/9002/4554 4740/9020/4415
f 4793/9554/4817 4464/9555/4445 4666/9556/4684
f 4794/9557/4818 4709/9377/4735 4756/9376/4734
f 4758/9475/4712 4795/9558/4819 4730/9559/4711
f 4743/9560/4764 4670/9275/4688 4730/9419/4711
f 4755/9471/4776 4796/9561/4820 4667/9472/4685
f 4822/9562/4778 4797/9512/4793 4714/9445/4738
f 4798/9516/4795 4716/9477/4739 4797/9563/4793
f 4798/9564/4795 4773/9565/4796 4759/9566/4753
f 4799/9567/4821 4800/9568/4737 4717/9569/4740
f 4799/9570/4821 4772/9515/4794 4800/9514/4737
f 4822/9479/4778 4712/9384/4713 4772/9571/4794
f 4773/9517/4796 4774/9518/4797 4731/9421/4754
f 4801/9572/4798 4732/9422/4741 4774/9518/4797
f 4487/9573/4510 4676/9225/4593 4691/9337/4714
f 4645/9226/4667 4613/9164/4634 4802/9574/4822
f 4802/9574/4822 4613/9164/4634 4887/9391/4742
f 4747/9525/4706 4734/9427/4758 4803/9575/4823
f 4735/9429/4578 4693/9340/4716 4745/9450/4767
f 4580/9339/4600 4678/9298/4695 4763/9489/4783
f 4748/9453/4768 4789/9543/4811 4698/9353/4722
f 4778/9576/4802 4696/9395/4719 4782/9533/4805
f 4784/9577/4807 4697/9398/4720 4785/9536/4808
f 4785/9578/4808 4721/9527/4744 4780/9529/4803
f 4722/9530/4721 4786/9537/4809 4780/9529/4803
f 4695/9344/4718 4804/9579/4824 4781/9532/4804
f 4805/9580/4825 4859/9581/4826 4767/9582/4786
f 4859/9581/4826 4702/9583/4724 4767/9582/4786
f 4878/9584/4827 4768/9498/4771 4830/9585/4787
f 4806/9586/4828 4738/9587/4760 4769/9499/4788
f 4766/9494/4785 4738/9493/4760 4806/9588/4828
f 4790/9502/4789 4739/9434/4761 4766/9494/4785
f 4807/9589/4829 4752/9590/4762 4790/9591/4789
f 4808/9592/4830 4750/9593/4770 4749/9594/4769
f 4805/9595/4825 4767/9507/4786 4770/9506/4628
f 4752/9590/4762 4809/9596/4831 4810/9597/4730
f 4857/9466/4772 4546/9029/4570 4916/9509/4790
f 4810/9371/4730 4791/9548/4814 4663/9265/4682
f 4916/9598/4790 4547/9073/4571 4791/9548/4814
f 4900/9547/4813 4879/9510/4791 4681/9311/4698
f 4816/9469/4774 4832/9599/4832 4689/9329/4710
f 4462/9600/4496 4811/9601/4833 4812/9602/4834
f 4403/9603/4444 4811/9601/4833 4462/9600/4496
f 4563/9059/4584 4754/9468/4773 4813/9604/4835
f 4464/9555/4445 4814/9605/4836 4754/9606/4773
f 4562/9607/4572 4709/9377/4735 4794/9557/4818
f 4562/9058/4572 4833/9549/4815 4815/9608/4837
f 4562/9607/4572 4815/9609/4837 4709/9377/4735
f 4816/9610/4774 4817/9611/4838 4794/9612/4839
f 4514/9613/4537 4795/9558/4819 4666/9556/4684
f 4666/9556/4684 4795/9558/4819 4758/9475/4712
f 4816/9610/4774 4756/9473/4734 4817/9611/4838
f 4758/9475/4712 4818/9614/4840 4666/9556/4684
f 4795/9615/4819 4743/9443/4764 4730/9616/4711
f 4817/9611/4838 4756/9473/4734 4710/9378/4736
f 4815/9609/4837 4771/9511/4792 4709/9377/4735
f 4758/9475/4712 4757/9474/4777 4818/9614/4840
f 4756/9473/4734 4669/9273/4687 4710/9378/4736
f 4682/9312/4699 4771/9511/4792 4710/9378/4736
f 4757/9474/4777 4819/9617/4841 4818/9614/4840
f 4743/9443/4764 4819/9617/4841 4757/9474/4777
f 4772/9571/4794 4823/9618/4842 4822/9479/4778
f 4798/9516/4795 4797/9563/4793 4849/9619/4843
f 4798/9564/4795 4820/9620/4844 4773/9565/4796
f 4532/9005/4557 4871/9481/4779 4708/9375/4733
f 4821/9621/4845 4799/9567/4821 4717/9569/4740
f 4822/9622/4778 4823/9623/4842 4847/9624/4846
f 4773/9517/4796 4824/9625/4847 4774/9518/4797
f 4825/9626/4755 4821/9621/4845 4717/9569/4740
f 4515/8975/4538 4516/8976/4539 4575/9084/4594
f 4575/9084/4594 4507/8964/4532 4776/9627/4801
f 4777/9524/4756 4803/9575/4823 4734/9427/4758
f 4733/9425/4757 4899/9628/4848 4762/9166/4636
f 4580/9339/4600 4763/9489/4783 4692/9629/4715
f 4718/9392/4694 4937/9630/4782 4693/9340/4716
f 4737/9431/4759 4781/9531/4804 4826/9631/4849
f 4781/9532/4804 4804/9579/4824 4827/9632/4850
f 4695/9344/4718 4778/9526/4802 4804/9579/4824
f 4786/9537/4809 4764/9538/4746 4828/9633/4851
f 4787/9492/4784 4828/9634/4851 4764/9490/4746
f 4859/9635/4826 4749/9456/4769 4702/9455/4724
f 4859/9635/4826 4808/9636/4830 4749/9456/4769
f 4750/9593/4770 4829/9637/4852 4830/9638/4787
f 4831/9639/4853 4769/9499/4788 4768/9498/4771
f 4790/9502/4789 4766/9494/4785 4807/9640/4829
f 4809/9596/4831 4791/9641/4814 4810/9597/4730
f 4689/9329/4710 4963/9642/4854 4725/9409/4470
f 4725/9409/4470 4963/9642/4854 4755/9471/4776
f 4794/9612/4839 4832/9643/4832 4816/9610/4774
f 4833/9644/4815 4462/9600/4496 4812/9602/4834
f 4665/9269/4683 4834/9645/4855 4835/9646/4856
f 4727/9412/4573 4836/9647/4857 4792/9413/4750
f 4607/9155/4555 4836/9648/4857 4727/9156/4573
f 4607/9003/4555 4531/9002/4554 4836/9649/4857
f 4531/9002/4554 4837/9650/4858 4838/9651/4859
f 4531/9002/4554 4729/9416/4752 4837/9650/4858
f 4729/9416/4752 4839/9652/4860 4837/9650/4858
f 4729/9416/4752 4742/9415/4751 4839/9652/4860
f 4741/9439/4763 4840/9653/4861 4841/9654/4862
f 4741/9439/4763 4570/9441/4556 4840/9653/4861
f 4570/9441/4556 4843/9655/4863 4840/9653/4861
f 4395/9656/4433 4843/9655/4863 4570/9441/4556
f 4395/8740/4433 4842/9657/4864 4843/9658/4863
f 4395/8740/4433 4753/9372/4731 4842/9657/4864
f 4753/9467/4731 4844/9659/4865 4845/9660/4866
f 4753/9467/4731 4563/9059/4584 4844/9659/4865
f 4794/9612/4839 4817/9611/4838 4832/9643/4832
f 4403/9603/4444 4835/9661/4856 4811/9601/4833
f 4665/9269/4683 4835/9646/4856 4403/8762/4444
f 4726/9411/4749 4834/9645/4855 4665/9269/4683
f 4836/9649/4857 4531/9002/4554 4838/9651/4859
f 4742/9440/4751 4841/9654/4862 4839/9662/4860
f 4741/9439/4763 4841/9654/4862 4742/9440/4751
f 4753/9372/4731 4845/9663/4866 4842/9657/4864
f 4563/9059/4584 4813/9604/4835 4844/9659/4865
f 4464/9555/4445 4846/9664/4867 4814/9605/4836
f 4793/9554/4817 4846/9664/4867 4464/9555/4445
f 4793/9554/4817 4818/9614/4840 4795/9615/4819
f 4832/9643/4832 4815/9609/4837 4833/9665/4815
f 4832/9643/4832 4817/9611/4838 4815/9609/4837
f 4793/9554/4817 4666/9556/4684 4818/9614/4840
f 4795/9615/4819 4818/9614/4840 4819/9617/4841
f 4743/9443/4764 4795/9615/4819 4819/9617/4841
f 4710/9378/4736 4771/9511/4792 4817/9611/4838
f 4817/9611/4838 4771/9511/4792 4815/9609/4837
f 4822/9666/4778 4847/9667/4846 4797/9668/4793
f 4847/9667/4846 4848/9669/4868 4797/9668/4793
f 4797/9668/4793 4848/9669/4868 4849/9670/4843
f 4849/9619/4843 4850/9671/4869 4798/9516/4795
f 4667/9472/4685 4796/9561/4820 4496/9222/4520
f 4799/9570/4821 4883/9672/4870 4772/9515/4794
f 4820/9620/4844 4824/9673/4847 4773/9565/4796
f 4851/9674/4871 4801/9572/4798 4774/9518/4797
f 4798/9516/4795 4850/9671/4869 4820/9675/4844
f 4824/9625/4847 4851/9674/4871 4774/9518/4797
f 4685/9483/4705 4761/9485/4781 4776/9522/4801
f 4692/9486/4715 4852/9676/4872 4761/9485/4781
f 4853/9677/4873 4748/9453/4768 4747/9452/4706
f 4736/9323/4707 4890/9678/4874 4620/9180/4644
f 4781/9532/4804 4827/9632/4850 4826/9679/4849
f 4778/9576/4802 4782/9533/4805 4877/9680/4875
f 4719/9394/4743 4783/9534/4806 4782/9533/4805
f 4785/9536/4808 4854/9681/4876 4784/9577/4807
f 4785/9578/4808 4780/9529/4803 4875/9682/4877
f 4780/9529/4803 4786/9537/4809 4855/9683/4878
f 4789/9542/4811 4893/9684/4879 4788/9541/4810
f 4778/9576/4802 4877/9680/4875 4804/9685/4824
f 4788/9541/4810 4856/9686/4880 4787/9539/4784
f 4893/9684/4879 4856/9686/4880 4788/9541/4810
f 4783/9534/4806 4829/9637/4852 4782/9533/4805
f 4780/9529/4803 4855/9683/4878 4875/9682/4877
f 4787/9492/4784 4856/9687/4880 4828/9634/4851
f 4723/9406/4723 4857/9688/4772 4858/9689/4881
f 4875/9682/4877 4831/9639/4853 4878/9584/4827
f 4806/9588/4828 4856/9687/4880 4766/9494/4785
f 4876/9690/4882 4808/9691/4830 4859/9692/4826
f 4855/9683/4878 4769/9499/4788 4831/9639/4853
f 4855/9683/4878 4806/9586/4828 4769/9499/4788
f 4750/9593/4770 4808/9592/4830 4829/9637/4852
f 4830/9638/4787 4829/9637/4852 4878/9693/4827
f 4878/9584/4827 4831/9639/4853 4768/9498/4771
f 4770/9506/4628 4879/9694/4791 4874/9695/4883
f 4726/9550/4749 4860/9696/4884 4861/9697/4885
f 4726/9550/4749 4862/9552/4816 4860/9696/4884
f 4860/9698/4884 4862/9699/4816 4792/9413/4750
f 4839/9652/4860 4865/9700/4886 4837/9650/4858
f 4843/9658/4863 4842/9657/4864 4867/9701/4887
f 4867/9701/4887 4842/9657/4864 4870/9702/4888
f 4814/9605/4836 4894/9703/4889 4754/9606/4773
f 4869/9410/4748 4561/9057/4583 4941/9704/4890
f 4832/9643/4832 4833/9665/4815 4863/9705/4891
f 4863/9706/4891 4811/9601/4833 4835/9661/4856
f 4861/9697/4885 4834/9707/4855 4726/9550/4749
f 4860/9698/4884 4792/9413/4750 4864/9708/4892
f 4864/9709/4892 4836/9649/4857 4838/9651/4859
f 4839/9662/4860 4841/9654/4862 4865/9710/4886
f 4865/9710/4886 4841/9654/4862 4840/9653/4861
f 4865/9710/4886 4840/9653/4861 4866/9711/4893
f 4866/9711/4893 4843/9655/4863 4867/9712/4887
f 4868/9713/4894 4813/9604/4835 4754/9468/4773
f 4894/9703/4889 4846/9664/4867 4793/9554/4817
f 4894/9703/4889 4793/9554/4817 4869/9714/4748
f 4795/9615/4819 4869/9714/4748 4793/9554/4817
f 4812/9602/4834 4863/9706/4891 4833/9644/4815
f 4811/9601/4833 4863/9706/4891 4812/9602/4834
f 4834/9715/4855 4863/9706/4891 4835/9661/4856
f 4834/9707/4855 4861/9697/4885 4863/9716/4891
f 4836/9647/4857 4864/9708/4892 4792/9413/4750
f 4843/9655/4863 4866/9711/4893 4840/9653/4861
f 4842/9657/4864 4845/9663/4866 4870/9702/4888
f 4844/9659/4865 4870/9717/4888 4845/9660/4866
f 4844/9659/4865 4868/9713/4894 4870/9717/4888
f 4813/9604/4835 4868/9713/4894 4844/9659/4865
f 4846/9664/4867 4894/9703/4889 4814/9605/4836
f 4871/9718/4779 4953/9719/4895 4708/9720/4733
f 4796/9561/4820 4775/9520/4799 4496/9222/4520
f 4883/9672/4870 4823/9721/4842 4772/9515/4794
f 4691/9337/4714 4872/9722/4896 4487/9573/4510
f 4492/8932/4513 4929/9723/4897 4777/9424/4756
f 4576/9085/4595 4923/9521/4800 4556/9046/4577
f 4733/9425/4757 4923/9521/4800 4899/9628/4848
f 4693/9340/4716 4873/9724/4898 4745/9450/4767
f 4723/9406/4723 4858/9689/4881 4763/9489/4783
f 4826/9631/4849 4874/9725/4883 4737/9431/4759
f 4782/9533/4805 4829/9637/4852 4877/9680/4875
f 4784/9535/4807 4854/9726/4876 4783/9534/4806
f 4785/9536/4808 4875/9727/4877 4854/9681/4876
f 4804/9728/4824 4876/9729/4882 4827/9730/4850
f 4804/9728/4824 4877/9731/4875 4876/9729/4882
f 4786/9537/4809 4828/9633/4851 4855/9683/4878
f 4783/9534/4806 4854/9726/4876 4829/9637/4852
f 4877/9680/4875 4808/9592/4830 4876/9732/4882
f 4875/9727/4877 4878/9733/4827 4854/9681/4876
f 4856/9687/4880 4806/9588/4828 4828/9634/4851
f 4826/9631/4849 4805/9734/4825 4874/9725/4883
f 4805/9735/4825 4826/9679/4849 4827/9632/4850
f 4805/9736/4825 4827/9737/4850 4859/9692/4826
f 4859/9692/4826 4827/9737/4850 4876/9690/4882
f 4808/9592/4830 4877/9680/4875 4829/9637/4852
f 4829/9637/4852 4854/9726/4876 4878/9693/4827
f 4855/9683/4878 4831/9639/4853 4875/9682/4877
f 4806/9586/4828 4855/9683/4878 4828/9633/4851
f 4766/9738/4785 4893/9739/4879 4807/9740/4829
f 4856/9741/4880 4893/9739/4879 4766/9738/4785
f 4770/9506/4628 4874/9695/4883 4805/9595/4825
f 4879/9742/4791 4936/9743/4899 4874/9744/4883
f 4838/9651/4859 4881/9745/4900 4864/9709/4892
f 4837/9650/4858 4881/9745/4900 4838/9651/4859
f 4865/9700/4886 4881/9745/4900 4837/9650/4858
f 4865/9710/4886 4880/9746/4901 4881/9747/4900
f 4866/9711/4893 4880/9746/4901 4865/9710/4886
f 4799/9748/4821 4882/9749/4902 4883/9750/4870
f 4851/9674/4871 4884/9751/4903 4801/9572/4798
f 4872/9722/4896 4871/9718/4779 4487/9573/4510
f 4825/9626/4755 4643/9752/4666 4821/9621/4845
f 4821/9621/4845 4882/9753/4902 4799/9567/4821
f 4883/9754/4870 4895/9755/4904 4823/9623/4842
f 4847/9624/4846 4823/9623/4842 4895/9755/4904
f 4919/9756/4905 4848/9669/4868 4847/9667/4846
f 4691/9337/4714 4801/9519/4798 4872/9722/4896
f 4379/8708/4106 4515/8975/4538 4760/9482/4780
f 4760/9482/4780 4929/9723/4897 4492/8932/4513
f 4575/9084/4594 4776/9627/4801 4885/9757/4906
f 4746/9451/4766 4886/9758/4907 4887/9759/4742
f 4746/9451/4766 4745/9450/4767 4886/9758/4907
f 4761/9485/4781 4888/9760/4908 4776/9522/4801
f 4761/9485/4781 4852/9676/4872 4888/9760/4908
f 4803/9575/4823 4889/9761/4909 4747/9525/4706
f 4747/9525/4706 4889/9761/4909 4853/9762/4873
f 4692/9486/4715 4891/9763/4910 4852/9676/4872
f 4693/9340/4716 4937/9630/4782 4873/9724/4898
f 4890/9764/4874 4736/9430/4707 4762/9487/4636
f 4692/9629/4715 4763/9489/4783 4891/9765/4910
f 4892/9766/4911 4789/9543/4811 4748/9453/4768
f 4890/9678/4874 4901/9544/4812 4620/9180/4644
f 4893/9767/4879 4809/9596/4831 4807/9589/4829
f 4807/9589/4829 4809/9596/4831 4752/9590/4762
f 4832/9599/4832 4963/9642/4854 4689/9329/4710
f 4867/9712/4887 4905/9768/4912 4866/9711/4893
f 4894/9769/4889 4868/9713/4894 4754/9468/4773
f 4821/9621/4845 4643/9752/4666 4882/9753/4902
f 4883/9750/4870 4882/9749/4902 4895/9770/4904
f 4847/9624/4846 4895/9755/4904 4919/9771/4905
f 4824/9625/4847 4884/9751/4903 4851/9674/4871
f 4515/8975/4538 4575/9084/4594 4896/9772/4913
f 4897/9773/4914 4886/9758/4907 4745/9450/4767
f 4898/9774/4915 4889/9761/4909 4803/9575/4823
f 4890/9764/4874 4762/9487/4636 4899/9775/4848
f 4853/9677/4873 4892/9766/4911 4748/9453/4768
f 4874/9725/4883 4937/9488/4782 4737/9431/4759
f 4900/9776/4813 4605/9777/4627 4901/9778/4812
f 4902/9779/4916 4755/9471/4776 4963/9642/4854
f 4863/9780/4891 4861/9781/4885 4903/9782/4917
f 4903/9783/4917 4861/9697/4885 4945/9784/4918
f 4945/9784/4918 4861/9697/4885 4860/9696/4884
f 4860/9698/4884 4864/9708/4892 4910/9785/4919
f 4904/9786/4920 4881/9747/4900 4880/9746/4901
f 4905/9787/4912 4867/9701/4887 4870/9702/4888
f 4906/9788/4921 4870/9717/4888 4868/9713/4894
f 4796/9561/4820 4755/9471/4776 4902/9779/4916
f 4941/9704/4890 4561/9057/4583 4953/9789/4895
f 4561/9057/4583 4708/9375/4733 4953/9789/4895
f 4919/9756/4905 4907/9790/4922 4848/9669/4868
f 4907/9791/4922 4849/9619/4843 4848/9792/4868
f 4777/9524/4756 4898/9774/4915 4803/9575/4823
f 4745/9450/4767 4908/9793/4923 4897/9773/4914
f 4909/9794/4924 4893/9795/4879 4789/9543/4811
f 4901/9796/4812 4914/9797/4925 4900/9798/4813
f 4909/9799/4924 4809/9596/4831 4893/9767/4879
f 4864/9800/4892 4881/9801/4900 4910/9802/4919
f 4880/9746/4901 4866/9711/4893 4904/9786/4920
f 4796/9561/4820 4911/9803/4926 4775/9520/4799
f 4882/9753/4902 4643/9752/4666 4948/9804/4927
f 4849/9619/4843 4907/9791/4922 4850/9671/4869
f 4850/9671/4869 4912/9805/4928 4820/9675/4844
f 4820/9620/4844 4912/9806/4928 4824/9673/4847
f 4884/9751/4903 4913/9807/4929 4801/9572/4798
f 4801/9519/4798 4913/9808/4929 4872/9722/4896
f 4760/9482/4780 4515/8975/4538 4896/9772/4913
f 4575/9084/4594 4885/9757/4906 4896/9772/4913
f 4745/9450/4767 4873/9724/4898 4908/9793/4923
f 4789/9543/4811 4892/9766/4911 4909/9794/4924
f 4890/9678/4874 4914/9809/4925 4901/9544/4812
f 4916/9810/4790 4915/9811/4930 4857/9688/4772
f 4791/9812/4814 4915/9813/4930 4916/9814/4790
f 4905/9768/4912 4904/9786/4920 4866/9711/4893
f 4872/9722/4896 4953/9719/4895 4871/9718/4779
f 4882/9749/4902 4948/9815/4927 4917/9816/4931
f 4882/9749/4902 4917/9816/4931 4895/9770/4904
f 4895/9755/4904 4917/9817/4931 4918/9818/4932
f 4919/9771/4905 4895/9755/4904 4918/9818/4932
f 4907/9791/4922 4919/9819/4905 4920/9820/4933
f 4907/9791/4922 4920/9820/4933 4912/9805/4928
f 4907/9791/4922 4912/9805/4928 4850/9671/4869
f 4824/9673/4847 4912/9806/4928 4955/9821/4934
f 4824/9625/4847 4955/9822/4934 4884/9751/4903
f 4777/9524/4756 4921/9823/4935 4898/9774/4915
f 4776/9522/4801 4888/9760/4908 4922/9824/4936
f 4923/9825/4800 4924/9826/4937 4899/9827/4848
f 4899/9827/4848 4924/9826/4937 4925/9828/4938
f 4926/9829/4939 4897/9773/4914 4908/9793/4923
f 4925/9828/4938 4935/9830/4940 4899/9827/4848
f 4889/9761/4909 4961/9831/4941 4853/9762/4873
f 4763/9489/4783 4858/9689/4881 4891/9765/4910
f 4914/9797/4925 4879/9742/4791 4900/9798/4813
f 4909/9799/4924 4791/9641/4814 4809/9596/4831
f 4906/9788/4921 4927/9832/4942 4870/9717/4888
f 4902/9779/4916 4911/9803/4926 4796/9561/4820
f 4872/9722/4896 4928/9833/4943 4953/9719/4895
f 4884/9751/4903 4955/9822/4934 4913/9807/4929
f 4929/9834/4897 4921/9823/4935 4777/9524/4756
f 4926/9829/4939 4930/9835/4944 4897/9773/4914
f 4926/9829/4939 4931/9836/4945 4930/9835/4944
f 4898/9774/4915 4932/9837/4946 4889/9761/4909
f 4931/9836/4945 4933/9838/4947 4925/9828/4938
f 4931/9836/4945 4926/9829/4939 4933/9838/4947
f 4926/9829/4939 4908/9793/4923 4933/9838/4947
f 4925/9828/4938 4933/9838/4947 4935/9830/4940
f 4908/9793/4923 4934/9839/4948 4933/9838/4947
f 4899/9775/4848 4935/9840/4940 4890/9764/4874
f 4873/9724/4898 4937/9630/4782 4936/9841/4899
f 4937/9842/4782 4874/9744/4883 4936/9743/4899
f 4858/9689/4881 4857/9688/4772 4915/9811/4930
f 4915/9843/4930 4791/9844/4814 4909/9794/4924
f 4914/9797/4925 4960/9845/4949 4879/9742/4791
f 4960/9845/4949 4936/9743/4899 4879/9742/4791
f 4832/9599/4832 4938/9846/4950 4963/9642/4854
f 4832/9847/4832 4863/9780/4891 4938/9848/4950
f 4881/9801/4900 4904/9849/4920 4939/9850/4951
f 4870/9702/4888 4927/9851/4942 4905/9787/4912
f 4868/9713/4894 4894/9769/4889 4906/9788/4921
f 4869/9714/4748 4940/9852/4952 4894/9703/4889
f 4869/9714/4748 4941/9853/4890 4940/9852/4952
f 4911/9803/4926 4942/9854/4953 4775/9520/4799
f 4643/9223/4666 4775/9520/4799 4942/9854/4953
f 4942/9855/4953 4948/9804/4927 4643/9752/4666
f 4947/9856/4954 4943/9857/4955 4917/9858/4931
f 4917/9817/4931 4943/9859/4955 4918/9818/4932
f 4919/9860/4905 4918/9861/4932 4920/9862/4933
f 4949/9863/4956 4913/9807/4929 4955/9822/4934
f 4913/9808/4929 4928/9833/4943 4872/9722/4896
f 4576/9292/4595 4645/9226/4667 4944/9864/4957
f 4951/9865/4958 4924/9826/4937 4923/9825/4800
f 4925/9828/4938 4924/9826/4937 4931/9836/4945
f 4897/9773/4914 4930/9835/4944 4886/9758/4907
f 4933/9838/4947 4934/9839/4948 4935/9830/4940
f 4889/9761/4909 4932/9837/4946 4961/9831/4941
f 4908/9793/4923 4873/9724/4898 4934/9839/4948
f 4853/9677/4873 4961/9866/4941 4892/9766/4911
f 4935/9840/4940 4914/9867/4925 4890/9764/4874
f 4863/9780/4891 4903/9782/4917 4938/9848/4950
f 4860/9698/4884 4910/9785/4919 4945/9868/4918
f 4910/9802/4919 4939/9850/4951 4967/9869/4959
f 4881/9801/4900 4939/9850/4951 4910/9802/4919
f 4940/9852/4952 4906/9870/4921 4894/9703/4889
f 4963/9642/4854 4911/9803/4926 4902/9779/4916
f 4942/9855/4953 4946/9871/4960 4948/9804/4927
f 4946/9871/4960 4947/9872/4954 4948/9804/4927
f 4943/9873/4955 4954/9874/4961 4918/9875/4932
f 4954/9876/4961 4920/9862/4933 4918/9861/4932
f 4947/9856/4954 4917/9858/4931 4948/9877/4927
f 4912/9878/4928 4956/9879/4962 4955/9880/4934
f 4928/9833/4943 4913/9808/4929 4949/9881/4956
f 4645/9226/4667 4802/9574/4822 4950/9882/4963
f 4973/9883/4964 4951/9884/4958 4923/9521/4800
f 4886/9758/4907 4959/9885/4965 4887/9759/4742
f 4776/9522/4801 4922/9824/4936 4885/9886/4906
f 4886/9758/4907 4930/9835/4944 4959/9885/4965
f 4924/9826/4937 4930/9835/4944 4931/9836/4945
f 4852/9676/4872 4932/9837/4946 4888/9760/4908
f 4932/9837/4946 4891/9763/4910 4961/9831/4941
f 4852/9676/4872 4891/9763/4910 4932/9837/4946
f 4873/9724/4898 4936/9841/4899 4934/9839/4948
f 4891/9765/4910 4858/9689/4881 4915/9811/4930
f 4935/9887/4940 4960/9845/4949 4914/9797/4925
f 4892/9766/4911 4961/9866/4941 4915/9843/4930
f 4892/9766/4911 4915/9843/4930 4909/9794/4924
f 4939/9850/4951 4968/9888/4966 4967/9869/4959
f 4904/9786/4920 4905/9768/4912 4952/9889/4967
f 4953/9890/4895 4928/9891/4943 4941/9853/4890
f 4972/9892/4968 4946/9871/4960 4942/9855/4953
f 4956/9893/4962 4920/9894/4933 4954/9895/4961
f 4920/9820/4933 4956/9896/4962 4912/9805/4928
f 4957/9897/4969 4955/9898/4934 4956/9899/4962
f 4949/9863/4956 4955/9822/4934 4957/9900/4969
f 4645/9226/4667 4950/9882/4963 4944/9864/4957
f 4896/9772/4913 4958/9901/4970 4760/9482/4780
f 4760/9482/4780 4958/9901/4970 4929/9723/4897
f 4944/9902/4957 4973/9883/4964 4576/9085/4595
f 4576/9085/4595 4973/9883/4964 4923/9521/4800
f 4887/9391/4742 4959/9903/4965 4802/9574/4822
f 4898/9774/4915 4922/9824/4936 4932/9837/4946
f 4922/9824/4936 4888/9760/4908 4932/9837/4946
f 4934/9839/4948 4936/9841/4899 4960/9904/4949
f 4934/9839/4948 4960/9904/4949 4935/9830/4940
f 4891/9765/4910 4915/9811/4930 4961/9905/4941
f 4927/9832/4942 4970/9906/4971 4971/9907/4972
f 4927/9832/4942 4906/9788/4921 4970/9906/4971
f 4938/9908/4950 4962/9909/4973 4963/9910/4854
f 4903/9782/4917 4964/9911/4974 4938/9848/4950
f 4903/9912/4917 4965/9913/4975 4964/9914/4974
f 4945/9915/4918 4965/9913/4975 4903/9912/4917
f 4945/9915/4918 4966/9916/4976 4965/9913/4975
f 4910/9785/4919 4966/9917/4976 4945/9868/4918
f 4910/9918/4919 4967/9919/4959 4966/9920/4976
f 4904/9849/4920 4968/9888/4966 4939/9850/4951
f 4904/9786/4920 4952/9889/4967 4968/9921/4966
f 4905/9768/4912 4969/9922/4977 4952/9889/4967
f 4927/9851/4942 4969/9923/4977 4905/9787/4912
f 4927/9851/4942 4971/9924/4972 4969/9923/4977
f 4940/9925/4952 4970/9926/4971 4906/9927/4921
f 4963/9910/4854 4962/9909/4973 4972/9892/4968
f 4938/9848/4950 4964/9911/4974 4962/9928/4973
f 4965/9913/4975 4947/9856/4954 4964/9914/4974
f 4967/9919/4959 4954/9874/4961 4966/9920/4976
f 4969/9922/4977 4956/9929/4962 4952/9889/4967
f 4969/9923/4977 4971/9924/4972 4957/9897/4969
f 4966/9920/4976 4943/9873/4955 4965/9930/4975
f 4956/9893/4962 4954/9895/4961 4968/9888/4966
f 4952/9889/4967 4956/9929/4962 4968/9921/4966
f 4940/9925/4952 4928/9833/4943 4970/9926/4971
f 4941/9853/4890 4928/9891/4943 4940/9852/4952
f 4968/9888/4966 4954/9895/4961 4967/9869/4959
f 4969/9923/4977 4957/9897/4969 4956/9899/4962
f 4970/9931/4971 4949/9863/4956 4971/9932/4972
f 4963/9642/4854 4972/9933/4968 4911/9803/4926
f 4972/9933/4968 4942/9854/4953 4911/9803/4926
f 4946/9871/4960 4972/9892/4968 4962/9909/4973
f 4943/9873/4955 4966/9920/4976 4954/9874/4961
f 4949/9863/4956 4957/9900/4969 4971/9932/4972
f 4943/9857/4955 4947/9856/4954 4965/9913/4975
f 4964/9911/4974 4946/9934/4960 4962/9928/4973
f 4947/9856/4954 4946/9935/4960 4964/9914/4974
f 4970/9926/4971 4928/9833/4943 4949/9881/4956
f 4951/9865/4958 4930/9835/4944 4924/9826/4937
f 4898/9774/4915 4921/9823/4935 4922/9824/4936
f 4950/9882/4963 4973/9936/4964 4944/9864/4957
f 4896/9772/4913 4885/9757/4906 4958/9901/4970
f 4959/9885/4965 4930/9835/4944 4951/9865/4958
f 4958/9901/4970 4885/9757/4906 4929/9723/4897
f 4950/9882/4963 4951/9937/4958 4973/9936/4964
f 4885/9886/4906 4922/9824/4936 4929/9834/4897
f 4950/9882/4963 4802/9574/4822 4951/9937/4958
f 4929/9834/4897 4922/9824/4936 4921/9823/4935
f 4802/9574/4822 4959/9903/4965 4951/9937/4958
